timestamp,equity,cash,positions
2025-08-05 13:30:00-04:00,100000.0,100000.0,0
2025-08-06 13:30:00-04:00,100000.0,100000.0,0
2025-08-07 13:30:00-04:00,100000.0,100000.0,0
2025-08-08 13:30:00-04:00,100000.0,100000.0,0
2025-08-11 13:30:00-04:00,100000.0,100000.0,0
2025-08-12 13:30:00-04:00,100000.0,100000.0,0
2025-08-13 13:30:00-04:00,100000.0,100000.0,0
2025-08-14 13:30:00-04:00,99993.75624375624,93750.0,5
2025-08-15 13:30:00-04:00,100087.27747799217,88805.34205788512,9
2025-08-18 13:30:00-04:00,100110.58194691857,86302.5150010439,10
2025-08-19 13:30:00-04:00,100097.28092583272,88924.8900010439,8
2025-08-20 13:30:00-04:00,99988.90836927602,91548.74772168069,6
2025-08-21 13:30:00-04:00,99984.3968557241,91548.74772168069,6
2025-08-22 13:30:00-04:00,100156.81377561456,91548.74772168069,6
2025-08-25 13:30:00-04:00,100177.82450640222,84094.83560544005,10
2025-08-26 13:30:00-04:00,100124.24046340192,84094.83560544005,10
2025-08-27 13:30:00-04:00,100185.17104004687,84094.83560544005,10
2025-08-28 13:30:00-04:00,100186.49288716352,84094.83560544005,10
2025-08-29 13:30:00-04:00,100209.37836675916,85408.46954628162,9
2025-09-02 13:30:00-04:00,100181.06886912604,88035.73742796475,7
2025-09-03 13:30:00-04:00,100238.59220382536,88035.73742796475,7
2025-09-04 13:30:00-04:00,100314.79230434573,88035.73742796475,7
2025-09-05 13:30:00-04:00,100208.79068552885,79326.27098787445,10
2025-09-08 13:30:00-04:00,100350.6393356673,79326.27098787445,10
2025-09-09 13:30:00-04:00,100465.69810926609,79326.27098787445,10
2025-09-10 13:30:00-04:00,100712.36196201062,81952.74121491236,9
2025-09-11 13:30:00-04:00,100681.25522886316,81952.74121491236,9
2025-09-12 13:30:00-04:00,100839.10692304582,81952.74121491236,9
2025-09-15 13:30:00-04:00,100873.88678916487,81952.74121491236,9
2025-09-16 13:30:00-04:00,100826.75486958568,79539.26446725545,10
2025-09-17 13:30:00-04:00,100807.51800038789,79539.26446725545,10
2025-09-18 13:30:00-04:00,100788.23383898256,79539.26446725545,10
2025-09-19 13:30:00-04:00,100785.6500697365,79539.26446725545,10
2025-09-22 13:30:00-04:00,100931.1318715782,82165.73469429335,9
2025-09-23 13:30:00-04:00,100885.09260147414,82165.73469429335,9
2025-09-24 13:30:00-04:00,100861.5023082331,82165.73469429335,9
2025-09-25 13:30:00-04:00,100817.22966557741,82165.73469429335,9
2025-09-26 13:30:00-04:00,100725.70443666297,77129.19789719564,10
2025-09-29 13:30:00-04:00,100781.96824850618,77129.19789719564,10
2025-09-30 13:30:00-04:00,100836.02812535653,77129.19789719564,10
2025-10-01 13:30:00-04:00,100797.48667266875,77129.19789719564,10
2025-10-02 13:30:00-04:00,100877.95784480716,81077.65706810275,9
2025-10-03 13:30:00-04:00,100937.02037871126,82399.750913262,8
2025-10-06 13:30:00-04:00,100958.20140772933,82399.750913262,8
2025-10-07 13:30:00-04:00,101022.1524697043,82399.750913262,8
2025-10-08 13:30:00-04:00,100983.58807285082,76087.88256103446,10
2025-10-09 13:30:00-04:00,101059.22541126379,76087.88256103446,10
2025-10-10 13:30:00-04:00,101419.22962552884,78736.21628426207,8
2025-10-13 13:30:00-04:00,101185.63917411314,78736.21628426207,8
2025-10-14 13:30:00-04:00,101439.23552665635,81381.15196420481,7
2025-10-15 13:30:00-04:00,101471.99524781253,81381.15196420481,7
2025-10-16 13:30:00-04:00,101169.20055303785,72528.07304527912,10
2025-10-17 13:30:00-04:00,101509.91448033032,72528.07304527912,10
2025-10-20 13:30:00-04:00,101629.3476738851,76507.97467328215,7
2025-10-21 13:30:00-04:00,101705.32109876245,76507.97467328215,7
2025-10-22 13:30:00-04:00,101619.84862295262,76507.97467328215,7
2025-10-23 13:30:00-04:00,101518.65205272165,76507.97467328215,7
2025-10-24 13:30:00-04:00,101388.22389281118,70170.81500317887,10
2025-10-27 13:30:00-04:00,101203.91753652926,71500.28773036983,9
2025-10-28 13:30:00-04:00,101026.38937319451,76751.83580358482,8
2025-10-29 13:30:00-04:00,100742.33371045021,76751.83580358482,8
2025-10-30 13:30:00-04:00,101005.5880070779,76751.83580358482,8
2025-10-31 13:30:00-04:00,100952.09734342786,71703.97879570372,10
2025-11-03 13:30:00-05:00,100815.1200422235,71703.97879570372,10
2025-11-04 13:30:00-05:00,101263.44852862926,71703.97879570372,10
2025-11-05 13:30:00-05:00,101188.61042025304,71703.97879570372,10
2025-11-06 13:30:00-05:00,101315.84787140056,73033.45152289468,9
2025-11-07 13:30:00-05:00,101579.87827825912,74362.92425008565,8
2025-11-10 13:30:00-05:00,101312.20841582176,74362.92425008565,8
2025-11-11 13:30:00-05:00,101382.72307764048,74362.92425008565,8
2025-11-12 13:30:00-05:00,101576.25145130386,70553.67211641099,10
2025-11-13 13:30:00-05:00,101558.03453878914,74526.13723967547,9
2025-11-14 13:30:00-05:00,101418.05687015169,74526.13723967547,9
2025-11-17 13:30:00-05:00,101235.80564635716,74526.13723967547,9
2025-11-18 13:30:00-05:00,101142.71613770069,74526.13723967547,9
2025-11-19 13:30:00-05:00,100828.6447647101,65702.85955723166,10
2025-11-20 13:30:00-05:00,101099.33761207551,72313.07006592113,8
2025-11-21 13:30:00-05:00,101245.56314835457,72313.07006592113,8
2025-11-24 13:30:00-05:00,101303.89413689481,72313.07006592113,8
2025-11-25 13:30:00-05:00,101610.31926149802,72313.07006592113,8
2025-11-26 13:30:00-05:00,101955.38454414147,69764.12179227079,10
2025-12-01 13:30:00-05:00,102049.38947154858,73741.93236362856,9
2025-12-02 13:30:00-05:00,102123.28061380135,76396.0055328821,8
2025-12-03 13:30:00-05:00,101853.911505661,76396.0055328821,8
2025-12-04 13:30:00-05:00,101475.28981668089,76396.0055328821,8
2025-12-05 13:30:00-05:00,101548.5374851606,70048.82563761856,10
2025-12-08 13:30:00-05:00,101257.4128101432,70048.82563761856,10
2025-12-09 13:30:00-05:00,101195.89484213802,70048.82563761856,10
2025-12-10 13:30:00-05:00,100818.64313086467,70048.82563761856,10
2025-12-11 13:30:00-05:00,101416.28345639298,70048.82563761856,10
2025-12-12 13:30:00-05:00,101934.35137273205,72711.97537807324,8
2025-12-15 13:30:00-05:00,101605.33324744727,72711.97537807324,8
2025-12-16 13:30:00-05:00,101727.92103233676,75380.40989412334,7
2025-12-17 13:30:00-05:00,101870.65806353043,78048.84441017343,6
2025-12-18 13:30:00-05:00,101859.98612238592,71682.19775962654,10
2025-12-19 13:30:00-05:00,102201.69377011099,74353.515361263,8
2025-12-22 13:30:00-05:00,102339.37612243582,79640.11121181905,7
2025-12-23 13:30:00-05:00,102412.12293284935,80975.77001263728,6
2025-12-26 13:30:00-05:00,102640.27117865164,80975.77001263728,6
2025-12-29 13:30:00-05:00,102507.62428097222,75850.13277275252,10
2025-12-30 13:30:00-05:00,102465.9773218549,75850.13277275252,10
2025-12-31 13:30:00-05:00,102444.98666816733,75850.13277275252,10
2026-01-02 13:30:00-05:00,101909.71028601417,77194.2670684468,9
2026-01-05 13:30:00-05:00,102151.90038564913,77194.2670684468,9
2026-01-06 13:30:00-05:00,102124.52381466853,77194.2670684468,9
2026-01-07 13:30:00-05:00,102180.35164191038,82477.89433522757,8
2026-01-08 13:30:00-05:00,102281.62988725187,77363.55737947855,10
2026-01-09 13:30:00-05:00,102375.12056105695,77363.55737947855,10
2026-01-12 13:30:00-05:00,102585.76679684584,78704.72831691177,9
2026-01-13 13:30:00-05:00,102390.62246851732,80045.899254345,8
2026-01-14 13:30:00-05:00,102150.94472378105,80045.899254345,8
2026-01-15 13:30:00-05:00,102213.65923543701,80045.899254345,8
2026-01-16 13:30:00-05:00,102187.08483543176,76213.74001060709,10
2026-01-20 13:30:00-05:00,101739.516387561,77557.87430630137,9
2026-01-21 13:30:00-05:00,101672.96385395754,77557.87430630137,9
2026-01-22 13:30:00-05:00,101927.45008057442,77557.87430630137,9
2026-01-23 13:30:00-05:00,102235.81680965093,77557.87430630137,9
2026-01-26 13:30:00-05:00,102458.6661236816,74996.34367891792,10
2026-01-27 13:30:00-05:00,102451.46296538142,79005.07842570872,9
2026-01-28 13:30:00-05:00,102213.98450707979,80344.99290528169,8
2026-01-29 13:30:00-05:00,101623.56574929987,81688.45168107862,7
2026-01-30 13:30:00-05:00,101812.51811419355,81688.45168107862,7
2026-02-02 13:30:00-05:00,101857.55683610078,76595.31943706356,10
2026-02-03 13:30:00-05:00,102176.54116912154,80606.45445031632,7
2026-02-04 13:30:00-05:00,102824.15579313641,92577.53953195454,4
2026-02-05 13:30:00-05:00,102566.67609553473,92577.53953195454,4
2026-02-06 13:30:00-05:00,102686.40200852693,92577.53953195454,4
2026-02-09 13:30:00-05:00,102850.66107849937,84863.16195074882,10
2026-02-10 13:30:00-05:00,103021.78809547143,84863.16195074882,10
2026-02-11 13:30:00-05:00,102750.2623643273,86211.82801138311,9
2026-02-12 13:30:00-05:00,102725.12609270621,88909.1601326517,7
2026-02-13 13:30:00-05:00,102670.87122672985,88909.1601326517,7
2026-02-17 13:30:00-05:00,102699.97248849679,90257.82619328599,6
2026-02-18 13:30:00-05:00,102800.63436761932,87687.74614628215,8
2026-02-19 13:30:00-05:00,102739.96950938972,83898.43379731705,10
2026-02-20 13:30:00-05:00,102928.41469074646,85245.61472678269,9
2026-02-23 13:30:00-05:00,102352.87478469711,85245.61472678269,9
2026-02-24 13:30:00-05:00,102509.13345139442,85245.61472678269,9
2026-02-25 13:30:00-05:00,103062.6796139022,86592.79565624833,8
2026-02-26 13:30:00-05:00,103252.59664249778,81429.90793762401,10
2026-02-27 13:30:00-05:00,103502.91554719943,81429.90793762401,10
2026-03-02 13:30:00-05:00,103768.30777736176,81429.90793762401,10
2026-03-03 13:30:00-05:00,103518.61254754786,81429.90793762401,10
2026-03-04 13:30:00-05:00,103853.46403462322,81429.90793762401,10
2026-03-05 13:30:00-05:00,103578.79339108906,81429.90793762401,10
2026-03-06 13:30:00-05:00,103563.28473380678,81429.90793762401,10
2026-03-09 13:30:00-04:00,103285.06349181257,81429.90793762401,10
2026-03-10 13:30:00-04:00,103563.2201445421,81429.90793762401,10
2026-03-11 13:30:00-04:00,103388.12748146214,81429.90793762401,10
2026-03-12 13:30:00-04:00,103136.45885739475,81429.90793762401,10
2026-03-13 13:30:00-04:00,102999.8022656801,81429.90793762401,10
2026-03-16 13:30:00-04:00,103279.04617754488,81429.90793762401,10
2026-03-17 13:30:00-04:00,103258.24875660286,81429.90793762401,10
2026-03-18 13:30:00-04:00,103079.7276770474,81429.90793762401,10
2026-03-19 13:30:00-04:00,102574.91229517577,81429.90793762401,10
2026-03-20 13:30:00-04:00,102399.87235481216,81429.90793762401,10
2026-03-23 13:30:00-04:00,102664.7716721194,81429.90793762401,10
2026-03-24 13:30:00-04:00,102497.58899676925,81429.90793762401,10
2026-03-25 13:30:00-04:00,102583.31428649025,81429.90793762401,10
2026-03-26 13:30:00-04:00,102258.61499315202,81429.90793762401,10
2026-03-27 13:30:00-04:00,101781.24242802386,81429.90793762401,10
2026-03-30 13:30:00-04:00,101662.50453336626,81429.90793762401,10
2026-03-31 13:30:00-04:00,102326.49714702852,81429.90793762401,10
2026-04-01 13:30:00-04:00,102452.08740912957,81429.90793762401,10
2026-04-02 13:30:00-04:00,102539.9922005022,81429.90793762401,10
2026-04-06 13:30:00-04:00,102742.08387089454,81429.90793762401,10
2026-04-07 13:30:00-04:00,102670.4760014457,82765.51820446391,9
2026-04-08 13:30:00-04:00,103286.09971169411,84119.42097257666,8
2026-04-09 13:30:00-04:00,103371.77946308171,84119.42097257666,8
2026-04-10 13:30:00-04:00,103296.82760495726,84119.42097257666,8
2026-04-13 13:30:00-04:00,103540.95338421139,80296.01746477172,10
2026-04-14 13:30:00-04:00,103569.92108180103,80296.01746477172,10
2026-04-15 13:30:00-04:00,103996.02326936023,80296.01746477172,10
2026-04-16 13:30:00-04:00,103961.70326799765,80296.01746477172,10
2026-04-17 13:30:00-04:00,103465.79494118299,80296.01746477172,10
2026-04-20 13:30:00-04:00,103212.50769418929,80296.01746477172,10
2026-04-21 13:30:00-04:00,103141.36887399212,80296.01746477172,10
2026-04-22 13:30:00-04:00,102987.58776707866,80296.01746477172,10
2026-04-23 13:30:00-04:00,102753.1050286528,80296.01746477172,10
2026-04-24 13:30:00-04:00,102523.58871928473,80296.01746477172,10
2026-04-27 13:30:00-04:00,102618.73804881732,80296.01746477172,10
2026-04-28 13:30:00-04:00,102671.04972991903,80296.01746477172,10
2026-04-29 13:30:00-04:00,102818.03617009305,80296.01746477172,10
2026-04-30 13:30:00-04:00,102553.0051497793,80296.01746477172,10
2026-05-01 13:30:00-04:00,102497.46183087851,80296.01746477172,10
2026-05-04 13:30:00-04:00,102467.2098137759,80296.01746477172,10
2026-05-05 13:30:00-04:00,102019.29529429885,80296.01746477172,10
2026-05-06 13:30:00-04:00,101849.66043330716,80296.01746477172,10
2026-05-07 13:30:00-04:00,102150.76812440605,80296.01746477172,10
2026-05-08 13:30:00-04:00,101924.90327453162,80296.01746477172,10
2026-05-11 13:30:00-04:00,101738.8944978382,80296.01746477172,10
2026-05-12 13:30:00-04:00,102008.13002369917,80296.01746477172,10
2026-05-13 13:30:00-04:00,101945.38512646942,84354.78501688107,9
2026-05-14 13:30:00-04:00,101866.06064635194,84354.78501688107,9
2026-05-15 13:30:00-04:00,102059.63333522857,84354.78501688107,9
2026-05-18 13:30:00-04:00,102281.87330798572,84354.78501688107,9
2026-05-19 13:30:00-04:00,102120.09787706313,83078.26785289375,10
2026-05-20 13:30:00-04:00,102002.42011568202,83078.26785289375,10
2026-05-21 13:30:00-04:00,102062.92848482903,83078.26785289375,10
2026-05-22 13:30:00-04:00,101937.56459749445,83078.26785289375,10
2026-05-26 13:30:00-04:00,101728.34810320988,83078.26785289375,10
2026-05-27 13:30:00-04:00,101775.79414140957,83078.26785289375,10
2026-05-28 13:30:00-04:00,101748.1401264458,83078.26785289375,10
2026-05-29 13:30:00-04:00,101884.69952118702,83078.26785289375,10
2026-06-01 13:30:00-04:00,101811.30979817902,83078.26785289375,10
2026-06-02 13:30:00-04:00,101361.65708232383,83078.26785289375,10
2026-06-03 13:30:00-04:00,101033.80122835758,83078.26785289375,10
2026-06-04 13:30:00-04:00,101156.53702243598,83078.26785289375,10
2026-06-05 13:30:00-04:00,101268.64649929808,83078.26785289375,10
2026-06-08 13:30:00-04:00,101180.26426836615,83078.26785289375,10
2026-06-09 13:30:00-04:00,101142.69819196532,83078.26785289375,10
2026-06-10 13:30:00-04:00,101077.09992107844,83078.26785289375,10
2026-06-11 13:30:00-04:00,100798.25587736396,83078.26785289375,10
2026-06-12 13:30:00-04:00,100701.15566178667,83078.26785289375,10
2026-06-15 13:30:00-04:00,100824.35065498768,83078.26785289375,10
2026-06-16 13:30:00-04:00,100738.15171065177,83078.26785289375,10
2026-06-17 13:30:00-04:00,100557.3092696574,83078.26785289375,10
2026-06-18 13:30:00-04:00,100284.6949837014,83078.26785289375,10
2026-06-22 13:30:00-04:00,100004.81931469816,83078.26785289375,10
2026-06-23 13:30:00-04:00,100068.30914273625,83078.26785289375,10
2026-06-24 13:30:00-04:00,100068.79632791098,83078.26785289375,10
2026-06-25 13:30:00-04:00,99811.45262455757,83078.26785289375,10
2026-06-26 13:30:00-04:00,100217.04463358584,83078.26785289375,10
2026-06-29 13:30:00-04:00,100358.31822499319,84426.93391352805,9
2026-06-30 13:30:00-04:00,100262.6531571051,84426.93391352805,9
2026-07-01 13:30:00-04:00,100733.91786655821,84426.93391352805,9
2026-07-02 13:30:00-04:00,100975.6477926739,84426.93391352805,9
2026-07-06 13:30:00-04:00,100859.1897747992,81905.39119356565,10
2026-07-07 13:30:00-04:00,101074.37140486557,81905.39119356565,10
2026-07-08 13:30:00-04:00,100780.33976775545,81905.39119356565,10
2026-07-09 13:30:00-04:00,100579.08785446516,81905.39119356565,10
2026-07-10 13:30:00-04:00,100547.19617273162,81905.39119356565,10
2026-07-13 13:30:00-04:00,100864.82221313391,81905.39119356565,10
2026-07-14 13:30:00-04:00,100655.18876548181,81905.39119356565,10
2026-07-15 13:30:00-04:00,100840.44770147484,81905.39119356565,10
2026-07-16 13:30:00-04:00,101139.65709403882,83227.87731161792,9
2026-07-17 13:30:00-04:00,100797.76459566018,83227.87731161792,9
2026-07-20 13:30:00-04:00,100743.12119040432,83227.87731161792,9
2026-07-21 13:30:00-04:00,100554.74537451651,83227.87731161792,9
2026-07-22 13:30:00-04:00,100453.46633412012,75693.30280799975,10
2026-07-23 13:30:00-04:00,100104.66396428409,75693.30280799975,10
2026-07-24 13:30:00-04:00,100432.10508295802,75693.30280799975,10
2026-07-27 13:30:00-04:00,101084.35710707433,75693.30280799975,10
2026-07-28 13:30:00-04:00,101733.86987669897,79706.38178569474,9
2026-07-29 13:30:00-04:00,102040.2544680557,79706.38178569474,9
2026-07-30 13:30:00-04:00,101623.77122717064,79706.38178569474,9
2026-07-31 13:30:00-04:00,101701.68901759367,79706.38178569474,9
2026-08-03 13:30:00-04:00,102159.12378672684,75986.2125839619,10
2026-08-04 13:30:00-04:00,100743.59673525821,75986.2125839619,10
2026-08-05 13:30:00-04:00,100640.02744341485,75986.2125839619,10
