fold,train_start,train_end_purged,test_start,test_end,embargo_days,strike_otm_pct,dte_days,tp_pct,train_profit,train_profit_on_premium_pct,test_profit,test_premium,test_profit_on_premium_pct,test_trades,test_win_rate_pct
2014_2015,2010-01-01,2013-10-09,2014-01-01,2015-12-31,84,7.5,56,300.0,68046.46585092254,15.297128080023262,-82038.80650217611,197091.67126043033,-41.62469473089646,408,18.627450980392158
2014_2015,2010-01-01,2013-10-09,2014-01-01,2015-12-31,84,7.5,56,500.0,87770.62451155022,19.731200849700116,-87844.09371084337,197091.67126043033,-44.570170392826554,408,16.911764705882355
2014_2015,2010-01-01,2013-10-09,2014-01-01,2015-12-31,84,7.5,56,700.0,86314.44943847613,19.40384664663904,-93542.0140007527,197091.67126043033,-47.46117043025598,408,16.666666666666664
2014_2015,2010-01-01,2013-10-09,2014-01-01,2015-12-31,84,7.5,84,300.0,225091.40184645905,45.319982672813595,-62942.90373970512,217419.72083202505,-28.949951503402854,454,23.568281938325992
2014_2015,2010-01-01,2013-10-09,2014-01-01,2015-12-31,84,7.5,84,500.0,265125.0064406413,53.38036281908062,-63733.58275149863,217419.72083202505,-29.313616312081535,454,22.46696035242291
2014_2015,2010-01-01,2013-10-09,2014-01-01,2015-12-31,84,7.5,84,700.0,276663.92222579045,55.70361221535355,-67348.67761374108,217419.72083202505,-30.976342604070204,454,22.24669603524229
2014_2015,2010-01-01,2013-10-09,2014-01-01,2015-12-31,84,7.5,112,300.0,269809.7391186459,51.30513977164334,-65893.62239465422,242243.75507535963,-27.201370939017757,509,21.611001964636543
2014_2015,2010-01-01,2013-10-09,2014-01-01,2015-12-31,84,7.5,112,500.0,321304.3351172766,61.09699329710963,-72079.67183784589,242243.75507535963,-29.755017550575296,509,20.6286836935167
2014_2015,2010-01-01,2013-10-09,2014-01-01,2015-12-31,84,7.5,112,700.0,316504.77603872586,60.184342589349136,-76387.86433381277,242243.75507535963,-31.533471032121867,509,20.6286836935167
2014_2015,2010-01-01,2013-10-09,2014-01-01,2015-12-31,84,10.0,56,300.0,37169.696557265976,8.546167968389168,-93606.47461771034,181511.10032657892,-51.57066121536998,373,14.47721179624665
2014_2015,2010-01-01,2013-10-09,2014-01-01,2015-12-31,84,10.0,56,500.0,47636.79629240199,10.965317763742354,-102176.98278072284,181511.10032657892,-56.29241550345058,373,11.528150134048257
2014_2015,2010-01-01,2013-10-09,2014-01-01,2015-12-31,84,10.0,56,700.0,44582.518800956146,10.262266218739708,-107325.04377845177,181511.10032657892,-59.12863928726678,373,11.26005361930295
2014_2015,2010-01-01,2013-10-09,2014-01-01,2015-12-31,84,10.0,84,300.0,192095.22989123303,39.344055644057676,-79497.87796482205,208978.1730470872,-38.04123502740618,434,19.12442396313364
2014_2015,2010-01-01,2013-10-09,2014-01-01,2015-12-31,84,10.0,84,500.0,225897.56598629913,46.26729362855338,-78168.12816583576,208978.1730470872,-37.40492465125668,434,17.51152073732719
2014_2015,2010-01-01,2013-10-09,2014-01-01,2015-12-31,84,10.0,84,700.0,247623.63859110518,50.717127234386915,-90175.906382526,208978.1730470872,-43.150873159469846,434,16.589861751152075
2014_2015,2010-01-01,2013-10-09,2014-01-01,2015-12-31,84,10.0,112,300.0,246777.9059074819,48.01102996626332,-85706.38651890348,239290.6025101987,-35.81686268488151,498,19.076305220883537
2014_2015,2010-01-01,2013-10-09,2014-01-01,2015-12-31,84,10.0,112,500.0,305083.22097719397,59.35442077230185,-91110.41008529834,239290.6025101987,-38.07521445871037,498,17.46987951807229
2014_2015,2010-01-01,2013-10-09,2014-01-01,2015-12-31,84,10.0,112,700.0,323643.59261370264,62.965370283963075,-95867.11446047669,239290.6025101987,-40.06305030570132,498,17.46987951807229
2014_2015,2010-01-01,2013-10-09,2014-01-01,2015-12-31,84,12.5,56,300.0,7939.04221768046,1.8676978416583052,-90359.15611923157,181589.05146254017,-49.760244569520026,372,13.709677419354838
2014_2015,2010-01-01,2013-10-09,2014-01-01,2015-12-31,84,12.5,56,500.0,29120.495804481252,6.866717153778724,-107071.99589007164,180091.3322135418,-59.45427499148705,369,8.94308943089431
2014_2015,2010-01-01,2013-10-09,2014-01-01,2015-12-31,84,12.5,56,700.0,21425.935271715065,5.0523122358170065,-116006.70201521214,180091.3322135418,-64.41548329358692,369,8.130081300813007
2014_2015,2010-01-01,2013-10-09,2014-01-01,2015-12-31,84,12.5,84,300.0,140546.50151553354,29.75857575351384,-92442.24842862594,205730.783269744,-44.93360058198984,425,15.058823529411763
2014_2015,2010-01-01,2013-10-09,2014-01-01,2015-12-31,84,12.5,84,500.0,160494.631009651,33.982287594722415,-94280.00640977173,205730.783269744,-45.826883518037484,425,12.705882352941176
2014_2015,2010-01-01,2013-10-09,2014-01-01,2015-12-31,84,12.5,84,700.0,184081.60709455292,38.97646964158963,-104350.99926713054,205730.783269744,-50.72211246593598,425,11.294117647058824
2014_2015,2010-01-01,2013-10-09,2014-01-01,2015-12-31,84,12.5,112,300.0,228177.52063529514,45.154828867314016,-89961.09125227472,226573.8904888626,-39.704968237148584,468,16.45299145299145
2014_2015,2010-01-01,2013-10-09,2014-01-01,2015-12-31,84,12.5,112,500.0,280482.6307784858,55.50566575442695,-92731.19889590722,226573.8904888626,-40.92757497160313,468,13.88888888888889
2014_2015,2010-01-01,2013-10-09,2014-01-01,2015-12-31,84,12.5,112,700.0,313769.6688956769,62.09295141471747,-106542.33851842546,226573.8904888626,-47.02321979313085,468,12.82051282051282
2016_2017,2010-01-01,2015-10-09,2016-01-01,2017-12-31,84,7.5,56,300.0,-9462.009278736034,-1.417167987030104,15643.797049912617,231220.0705132939,6.765760868070137,479,32.35908141962422
2016_2017,2010-01-01,2015-10-09,2016-01-01,2017-12-31,84,7.5,56,500.0,-3288.37916711079,-0.49251544228760796,40101.26177218012,231220.0705132939,17.3433308290054,479,31.315240083507305
2016_2017,2010-01-01,2015-10-09,2016-01-01,2017-12-31,84,7.5,56,700.0,-9106.54328660042,-1.3639282353354427,59970.80813620025,231220.0705132939,25.936679286996522,479,31.106471816283925
2016_2017,2010-01-01,2015-10-09,2016-01-01,2017-12-31,84,7.5,84,300.0,217176.76068355417,28.53883600207246,51100.22286459122,254757.12899998671,20.05840741932442,536,37.12686567164179
2016_2017,2010-01-01,2015-10-09,2016-01-01,2017-12-31,84,7.5,84,500.0,259313.18736148614,34.075913573770094,68167.01147061253,254757.12899998671,26.757646287737874,536,36.38059701492538
2016_2017,2010-01-01,2015-10-09,2016-01-01,2017-12-31,84,7.5,84,700.0,268890.2222782597,35.3344157634872,69705.12110179839,254757.12899998671,27.361401573104565,536,36.19402985074627
2016_2017,2010-01-01,2015-10-09,2016-01-01,2017-12-31,84,7.5,112,300.0,295600.4184806231,36.32936732099832,128365.89823103414,271328.3581925401,47.31016657681727,573,47.81849912739965
2016_2017,2010-01-01,2015-10-09,2016-01-01,2017-12-31,84,7.5,112,500.0,357648.80612301524,43.95513009198006,158628.47958159933,271328.3581925401,58.4636565961282,573,46.94589877835951
2016_2017,2010-01-01,2015-10-09,2016-01-01,2017-12-31,84,7.5,112,700.0,346181.41197724064,42.54578440743118,159029.68219006757,271328.3581925401,58.61152267660016,573,46.596858638743456
2016_2017,2010-01-01,2015-10-09,2016-01-01,2017-12-31,84,10.0,56,300.0,-60313.893436371756,-9.329431136993673,-8156.433281351872,229406.37566258357,-3.555451873468657,470,27.02127659574468
2016_2017,2010-01-01,2015-10-09,2016-01-01,2017-12-31,84,10.0,56,500.0,-65867.88844862687,-10.196364275097823,13088.97599489116,229406.37566258357,5.705585102893017,470,24.680851063829788
2016_2017,2010-01-01,2015-10-09,2016-01-01,2017-12-31,84,10.0,56,700.0,-82079.61526073431,-12.705943312742896,33482.23898129361,229406.37566258357,14.595164970715588,470,24.04255319148936
2016_2017,2010-01-01,2015-10-09,2016-01-01,2017-12-31,84,10.0,84,300.0,154497.70950083697,20.683619814224016,23536.13029707987,248144.35331055959,9.484854272554712,517,32.495164410058024
2016_2017,2010-01-01,2015-10-09,2016-01-01,2017-12-31,84,10.0,84,500.0,186412.189643451,24.956220204036622,43245.0446006128,248144.35331055959,17.4273740359872,517,30.56092843326886
2016_2017,2010-01-01,2015-10-09,2016-01-01,2017-12-31,84,10.0,84,700.0,203587.78005695017,27.255628935372687,38023.68438676637,248144.35331055959,15.323211622381214,517,30.174081237911025
2016_2017,2010-01-01,2015-10-09,2016-01-01,2017-12-31,84,10.0,112,300.0,244373.14006575104,30.554515292312683,78997.61816508922,264664.6983835211,29.84818853726201,559,39.53488372093023
2016_2017,2010-01-01,2015-10-09,2016-01-01,2017-12-31,84,10.0,112,500.0,321987.66926657653,40.258831890831665,94262.40881247762,264664.6983835211,35.61578457127047,559,37.567084078711986
2016_2017,2010-01-01,2015-10-09,2016-01-01,2017-12-31,84,10.0,112,700.0,332512.0129510427,41.57471390618758,107240.3371184864,264664.6983835211,40.51932039802537,559,37.38819320214669
2016_2017,2010-01-01,2015-10-09,2016-01-01,2017-12-31,84,12.5,56,300.0,-85692.1601757295,-13.639217163128434,-46859.977379042335,210856.3816131786,-22.223646740276592,430,20.930232558139537
2016_2017,2010-01-01,2015-10-09,2016-01-01,2017-12-31,84,12.5,56,500.0,-91532.90375104784,-14.615125801856275,-40017.311804003315,210856.3816131786,-18.978468423790034,430,17.674418604651162
2016_2017,2010-01-01,2015-10-09,2016-01-01,2017-12-31,84,12.5,56,700.0,-117566.00476212738,-18.77185011297597,-24877.41268778665,210856.3816131786,-11.798273544039516,430,16.74418604651163
2016_2017,2010-01-01,2015-10-09,2016-01-01,2017-12-31,84,12.5,84,300.0,70873.84536595951,9.803965554147213,-22322.732388062563,234923.2440223759,-9.502138658504295,484,25.826446280991732
2016_2017,2010-01-01,2015-10-09,2016-01-01,2017-12-31,84,12.5,84,500.0,77046.60262361464,10.657841891965191,-4040.2577778381637,234923.2440223759,-1.7198203586245975,484,23.34710743801653
2016_2017,2010-01-01,2015-10-09,2016-01-01,2017-12-31,84,12.5,84,700.0,93875.69492491332,12.985807030269106,-4477.28339208474,234923.2440223759,-1.9058494661593761,484,22.31404958677686
2016_2017,2010-01-01,2015-10-09,2016-01-01,2017-12-31,84,12.5,112,300.0,208815.17616232944,26.633523111765,47945.490973720225,261105.21680791694,18.362517440236175,546,34.798534798534796
2016_2017,2010-01-01,2015-10-09,2016-01-01,2017-12-31,84,12.5,112,500.0,284738.5706603616,36.31724207917875,66985.3952543771,261105.21680791694,25.654560285425156,546,32.78388278388278
2016_2017,2010-01-01,2015-10-09,2016-01-01,2017-12-31,84,12.5,112,700.0,304884.412034698,38.88676188952161,97914.20593569771,261105.21680791694,37.49990411249756,546,32.78388278388278
2018_2019,2010-01-01,2017-10-09,2018-01-01,2019-12-31,84,7.5,56,300.0,-58369.59153277153,-6.512215489663024,4439.652389372039,218782.30147113564,2.029255730248258,460,30.434782608695656
2018_2019,2010-01-01,2017-10-09,2018-01-01,2019-12-31,84,7.5,56,500.0,-46004.89620933858,-5.132703344798771,-2414.1861154976395,218782.30147113564,-1.103464996603552,460,27.82608695652174
2018_2019,2010-01-01,2017-10-09,2018-01-01,2019-12-31,84,7.5,56,700.0,-45113.979209075784,-5.033304953671466,3782.8066363565904,218782.30147113564,1.729027718842085,460,27.173913043478258
2018_2019,2010-01-01,2017-10-09,2018-01-01,2019-12-31,84,7.5,84,300.0,180583.47455368144,17.11956406132231,-32662.696860392054,211770.24537863734,-15.423647832108031,456,26.75438596491228
2018_2019,2010-01-01,2017-10-09,2018-01-01,2019-12-31,84,7.5,84,500.0,217974.75792375256,20.664309628828274,-54417.15642449794,211770.24537863734,-25.696318350673902,456,22.149122807017545
2018_2019,2010-01-01,2017-10-09,2018-01-01,2019-12-31,84,7.5,84,700.0,223538.86806345318,21.191794993789184,-63707.843826187665,211770.24537863734,-30.083472639076565,456,21.052631578947366
2018_2019,2010-01-01,2017-10-09,2018-01-01,2019-12-31,84,7.5,112,300.0,324253.07730383845,28.74714497959409,-46923.222552460735,209920.0940659511,-22.35289706840487,462,27.056277056277057
2018_2019,2010-01-01,2017-10-09,2018-01-01,2019-12-31,84,7.5,112,500.0,403388.7430862273,35.763036628854636,-60657.44649647185,209920.0940659511,-28.895493195336964,462,24.675324675324674
2018_2019,2010-01-01,2017-10-09,2018-01-01,2019-12-31,84,7.5,112,700.0,390130.47748371953,34.5876051213963,-69161.90512781018,209920.0940659511,-32.94677693221757,462,24.242424242424242
2018_2019,2010-01-01,2017-10-09,2018-01-01,2019-12-31,84,10.0,56,300.0,-118711.39163543585,-13.723750306332997,-20969.689869971815,220533.087544079,-9.508636596665117,458,25.54585152838428
2018_2019,2010-01-01,2017-10-09,2018-01-01,2019-12-31,84,10.0,56,500.0,-120121.98377705301,-13.894801952531804,-30266.79808003214,220533.087544079,-13.724379600853576,458,21.17903930131004
2018_2019,2010-01-01,2017-10-09,2018-01-01,2019-12-31,84,10.0,56,700.0,-131397.2671848755,-15.199041401333593,-22614.299108451505,220533.087544079,-10.254379222769225,458,20.74235807860262
2018_2019,2010-01-01,2017-10-09,2018-01-01,2019-12-31,84,10.0,84,300.0,93808.73450917438,9.132069680305117,-40656.36543404792,206430.27781138857,-19.69496232098029,438,22.831050228310502
2018_2019,2010-01-01,2017-10-09,2018-01-01,2019-12-31,84,10.0,84,500.0,123040.7376827799,11.97773955606875,-53465.91375804187,206430.27781138857,-25.90022855411388,438,18.493150684931507
2018_2019,2010-01-01,2017-10-09,2018-01-01,2019-12-31,84,10.0,84,700.0,128202.67593822614,12.480242655388968,-66718.17809114131,206430.27781138857,-32.31995751713343,438,16.666666666666664
2018_2019,2010-01-01,2017-10-09,2018-01-01,2019-12-31,84,10.0,112,300.0,240931.9379058439,21.74258150240221,-55300.02062193866,206994.98091302073,-26.71563357624392,448,23.883928571428573
2018_2019,2010-01-01,2017-10-09,2018-01-01,2019-12-31,84,10.0,112,500.0,320488.74996034836,28.92207993337549,-79372.62371971917,206994.98091302073,-38.34519241462745,448,20.089285714285715
2018_2019,2010-01-01,2017-10-09,2018-01-01,2019-12-31,84,10.0,112,700.0,338655.6316512774,30.561525949718444,-85914.90986438583,206994.98091302073,-41.50579375665503,448,19.642857142857142
2018_2019,2010-01-01,2017-10-09,2018-01-01,2019-12-31,84,12.5,56,300.0,-158209.68330155415,-18.959721384857257,-31915.273094642656,215840.97268496704,-14.7864757546404,445,23.146067415730336
2018_2019,2010-01-01,2017-10-09,2018-01-01,2019-12-31,84,12.5,56,500.0,-163909.9088740155,-19.689760824195762,-54479.3262599758,215840.97268496704,-25.240493304990647,445,16.853932584269664
2018_2019,2010-01-01,2017-10-09,2018-01-01,2019-12-31,84,12.5,56,700.0,-184779.13955464427,-22.196687730014386,-49521.93707908961,215840.97268496704,-22.943714746583296,445,15.955056179775282
2018_2019,2010-01-01,2017-10-09,2018-01-01,2019-12-31,84,12.5,84,300.0,251.62900809691746,0.02583655453176258,-54917.661201793264,206823.92360270687,-26.552857254214913,433,19.630484988452658
2018_2019,2010-01-01,2017-10-09,2018-01-01,2019-12-31,84,12.5,84,500.0,5415.361990955564,0.5560340457037782,-57737.406993193275,206823.92360270687,-27.916212973554487,433,15.473441108545035
2018_2019,2010-01-01,2017-10-09,2018-01-01,2019-12-31,84,12.5,84,700.0,13588.967569501438,1.3952767381436022,-67377.67692350075,206823.92360270687,-32.577312986735606,433,13.394919168591224
2018_2019,2010-01-01,2017-10-09,2018-01-01,2019-12-31,84,12.5,112,300.0,178474.84302759427,16.40412362145474,-68846.86203853408,208351.18035104073,-33.04366307046466,445,21.34831460674157
2018_2019,2010-01-01,2017-10-09,2018-01-01,2019-12-31,84,12.5,112,500.0,254613.41922395115,23.402233803815186,-93449.03511476876,208351.18035104073,-44.85169460394755,445,17.303370786516854
2018_2019,2010-01-01,2017-10-09,2018-01-01,2019-12-31,84,12.5,112,700.0,293267.7276970043,26.955059759212,-101410.3201461442,208351.18035104073,-48.672784082760124,445,16.629213483146067
2020_2021,2010-01-01,2019-10-09,2020-01-01,2021-12-31,84,7.5,56,300.0,9361.09259111252,0.8164510854576537,95109.31021326888,233601.63626825347,40.71431678845405,521,42.994241842610364
2020_2021,2010-01-01,2019-10-09,2020-01-01,2021-12-31,84,7.5,56,500.0,47904.4632108366,4.178107481159477,96602.86035511475,233116.69066144558,41.439701327697165,520,39.61538461538461
2020_2021,2010-01-01,2019-10-09,2020-01-01,2021-12-31,84,7.5,56,700.0,76011.00306016396,6.629489597626173,100885.20403301145,233116.69066144558,43.27669706821921,520,38.46153846153847
2020_2021,2010-01-01,2019-10-09,2020-01-01,2021-12-31,84,7.5,84,300.0,276154.06428140646,20.935310462632724,138661.25762162238,247543.96700045915,56.0147998360894,569,50.790861159929705
2020_2021,2010-01-01,2019-10-09,2020-01-01,2021-12-31,84,7.5,84,500.0,331581.13905040716,25.137251221115037,134871.21459441213,247543.96700045915,54.48374130409002,569,47.27592267135325
2020_2021,2010-01-01,2019-10-09,2020-01-01,2021-12-31,84,7.5,84,700.0,315839.7508763103,23.94389254506197,119266.52693384746,247543.96700045915,48.17993683264608,569,46.22144112478031
2020_2021,2010-01-01,2019-10-09,2020-01-01,2021-12-31,84,7.5,112,300.0,470019.84128527134,33.24540738063451,170210.70362998985,245916.91206560138,69.21472061449114,578,54.325259515570934
2020_2021,2010-01-01,2019-10-09,2020-01-01,2021-12-31,84,7.5,112,500.0,557865.201356315,39.45887865468622,184018.04232787428,245916.91206560138,74.82935629851484,578,52.7681660899654
2020_2021,2010-01-01,2019-10-09,2020-01-01,2021-12-31,84,7.5,112,700.0,519630.13701474044,36.754439014894665,186011.49887693813,245916.91206560138,75.63997828149259,578,52.7681660899654
2020_2021,2010-01-01,2019-10-09,2020-01-01,2021-12-31,84,10.0,56,300.0,-86407.4294673018,-7.719267954623714,92439.64456822224,233685.65133182934,39.557261663857844,515,39.6116504854369
2020_2021,2010-01-01,2019-10-09,2020-01-01,2021-12-31,84,10.0,56,500.0,-61302.302575763155,-5.4789151361294195,100436.78205317183,231937.5732815487,43.30336850220113,511,35.0293542074364
2020_2021,2010-01-01,2019-10-09,2020-01-01,2021-12-31,84,10.0,56,700.0,-35793.26548057508,-3.1990358562902657,109405.23671015546,231532.83911480877,47.25257856657878,510,33.72549019607843
2020_2021,2010-01-01,2019-10-09,2020-01-01,2021-12-31,84,10.0,84,300.0,180230.39347921888,14.011538114215494,122737.7183079893,238057.19550067687,51.55807958245073,542,46.678966789667896
2020_2021,2010-01-01,2019-10-09,2020-01-01,2021-12-31,84,10.0,84,500.0,232590.9788612395,18.082174168435778,131052.19924769383,238057.19550067687,55.05071962730117,542,42.25092250922509
2020_2021,2010-01-01,2019-10-09,2020-01-01,2021-12-31,84,10.0,84,700.0,228996.04960292028,17.802695844339148,91017.75925789267,238057.19550067687,38.23356780561328,542,39.66789667896679
2020_2021,2010-01-01,2019-10-09,2020-01-01,2021-12-31,84,10.0,112,300.0,352923.4657546857,25.4411141375924,153770.3052665991,245439.9447719118,62.65088814679224,564,51.41843971631206
2020_2021,2010-01-01,2019-10-09,2020-01-01,2021-12-31,84,10.0,112,500.0,445467.00501279935,32.11227934313576,170308.8088182093,245439.9447719118,69.38919782453418,564,49.46808510638298
2020_2021,2010-01-01,2019-10-09,2020-01-01,2021-12-31,84,10.0,112,700.0,451632.02304789855,32.556695605329836,175770.01471627003,245439.9447719118,71.61426591731583,564,49.29078014184397
2020_2021,2010-01-01,2019-10-09,2020-01-01,2021-12-31,84,12.5,56,300.0,-161085.47146229964,-14.987297382223433,63926.93691232641,233794.12862140773,27.343260196172796,509,37.13163064833006
2020_2021,2010-01-01,2019-10-09,2020-01-01,2021-12-31,84,12.5,56,500.0,-160510.66840813225,-14.96150301128367,70547.21315992868,231986.91671943566,30.409996459088372,505,32.07920792079208
2020_2021,2010-01-01,2019-10-09,2020-01-01,2021-12-31,84,12.5,56,700.0,-154462.86629718653,-14.39777593699047,73560.46841086965,231885.68693959952,31.722729152330274,505,29.9009900990099
2020_2021,2010-01-01,2019-10-09,2020-01-01,2021-12-31,84,12.5,84,300.0,34867.4524389949,2.8416037435556776,111626.54411810759,237084.15648214088,47.08308888051582,529,43.10018903591683
2020_2021,2010-01-01,2019-10-09,2020-01-01,2021-12-31,84,12.5,84,500.0,75282.10177520012,6.13528913824238,112065.50354714232,236611.61351185312,47.362638665041,528,36.93181818181818
2020_2021,2010-01-01,2019-10-09,2020-01-01,2021-12-31,84,12.5,84,700.0,96874.49958649819,7.895011577393335,96421.31469121804,236611.61351185312,40.75088000124211,528,34.659090909090914
2020_2021,2010-01-01,2019-10-09,2020-01-01,2021-12-31,84,12.5,112,300.0,280999.9963447738,20.486222941171263,130081.78243171368,244125.75980823074,53.28474247613093,554,46.02888086642599
2020_2021,2010-01-01,2019-10-09,2020-01-01,2021-12-31,84,12.5,112,500.0,384805.2634870101,28.054115726957928,154870.74078019863,244125.75980823074,63.43891808134258,554,43.682310469314075
2020_2021,2010-01-01,2019-10-09,2020-01-01,2021-12-31,84,12.5,112,700.0,432568.32628448016,31.536267917528,161802.75686484604,244125.75980823074,66.27844476221917,554,43.501805054151625
2022_2023,2010-01-01,2021-10-09,2022-01-01,2023-12-31,84,7.5,56,300.0,146797.94541706223,10.414472290320738,-3275.063534298055,180753.33073174133,-1.8118966444710358,421,29.928741092636578
2022_2023,2010-01-01,2021-10-09,2022-01-01,2023-12-31,84,7.5,56,500.0,194094.67297930113,13.782958728521363,-5765.105291213216,180753.33073174133,-3.189487722231406,421,27.315914489311165
2022_2023,2010-01-01,2021-10-09,2022-01-01,2023-12-31,84,7.5,56,700.0,238222.8892953934,16.91657066599491,3886.7120026626253,180753.33073174133,2.1502851355093155,421,27.315914489311165
2022_2023,2010-01-01,2021-10-09,2022-01-01,2023-12-31,84,7.5,84,300.0,475848.29986569803,29.621770678401933,-49228.59411264003,182519.55928982116,-26.97168144838131,439,18.906605922551254
2022_2023,2010-01-01,2021-10-09,2022-01-01,2023-12-31,84,7.5,84,500.0,569455.2104201012,35.448842959922736,-39661.01051716109,182519.55928982116,-21.729731690938248,439,17.312072892938495
2022_2023,2010-01-01,2021-10-09,2022-01-01,2023-12-31,84,7.5,84,700.0,549222.5720327682,34.18935212072512,-32031.05712048021,182519.55928982116,-17.54938333464765,439,17.312072892938495
2022_2023,2010-01-01,2021-10-09,2022-01-01,2023-12-31,84,7.5,112,300.0,676554.0818041809,39.747882118118696,-33476.99170764226,187962.7953154986,-17.81043511906204,465,21.935483870967744
2022_2023,2010-01-01,2021-10-09,2022-01-01,2023-12-31,84,7.5,112,500.0,804265.1949450262,47.25097227280242,-17904.385789090655,187962.7953154986,-9.525494531531015,465,20.21505376344086
2022_2023,2010-01-01,2021-10-09,2022-01-01,2023-12-31,84,7.5,112,700.0,768421.4741733506,45.14513620407601,-20841.107266454637,187962.7953154986,-11.087889617449294,465,20.0
2022_2023,2010-01-01,2021-10-09,2022-01-01,2023-12-31,84,10.0,56,300.0,18918.24451110959,1.371266470530477,-14640.87949322532,176629.93300516042,-8.289013783862769,401,26.683291770573565
2022_2023,2010-01-01,2021-10-09,2022-01-01,2023-12-31,84,10.0,56,500.0,55564.46568197361,4.0380305873250855,-16574.777267883954,176629.93300516042,-9.383900557443853,401,23.940149625935163
2022_2023,2010-01-01,2021-10-09,2022-01-01,2023-12-31,84,10.0,56,700.0,92562.13018364966,6.728737116771612,-5162.064024995161,176629.93300516042,-2.9225307042631026,401,23.940149625935163
2022_2023,2010-01-01,2021-10-09,2022-01-01,2023-12-31,84,10.0,84,300.0,361062.0953237788,23.096483705105765,-47423.75544986444,183679.93672638724,-25.818691085737726,437,18.993135011441648
2022_2023,2010-01-01,2021-10-09,2022-01-01,2023-12-31,84,10.0,84,500.0,455227.8174614751,29.12009320358414,-41574.29848154829,183679.93672638724,-22.634098869207513,437,16.475972540045767
2022_2023,2010-01-01,2021-10-09,2022-01-01,2023-12-31,84,10.0,84,700.0,450562.4193178411,28.82165619344702,-30267.956651358763,183679.93672638724,-16.478640613017213,437,16.475972540045767
2022_2023,2010-01-01,2021-10-09,2022-01-01,2023-12-31,84,10.0,112,300.0,547168.6092558624,32.65842776253689,-32345.471687926467,190691.47713434725,-16.96220102440038,462,21.645021645021643
2022_2023,2010-01-01,2021-10-09,2022-01-01,2023-12-31,84,10.0,112,500.0,687163.4842650297,41.01419312493608,-18411.28472690154,190691.47713434725,-9.65501185662865,462,19.264069264069263
2022_2023,2010-01-01,2021-10-09,2022-01-01,2023-12-31,84,10.0,112,700.0,702943.7217626204,41.95605590301397,-18776.123071141614,190691.47713434725,-9.846335742584516,462,19.047619047619047
2022_2023,2010-01-01,2021-10-09,2022-01-01,2023-12-31,84,12.5,56,300.0,-95828.31854282058,-7.215768967968761,-24700.2306815603,175637.11663402352,-14.063218045778086,386,23.83419689119171
2022_2023,2010-01-01,2021-10-09,2022-01-01,2023-12-31,84,12.5,56,500.0,-88817.96277758069,-6.711616768230194,-33410.804529251756,175637.11663402352,-19.022633239231617,386,20.207253886010363
2022_2023,2010-01-01,2021-10-09,2022-01-01,2023-12-31,84,12.5,56,700.0,-81704.77597025028,-6.1745741324052705,-19405.841230610942,175637.11663402352,-11.048827037537317,386,19.94818652849741
2022_2023,2010-01-01,2021-10-09,2022-01-01,2023-12-31,84,12.5,84,300.0,188453.4979193034,12.545449657323427,-41928.39686614027,186289.6033546132,-22.5071051261659,433,19.399538106235568
2022_2023,2010-01-01,2021-10-09,2022-01-01,2023-12-31,84,12.5,84,500.0,261864.1557755716,17.43792174551247,-39056.712442128024,186289.6033546132,-20.96558892112797,433,15.935334872979215
2022_2023,2010-01-01,2021-10-09,2022-01-01,2023-12-31,84,12.5,84,700.0,309182.49682437343,20.588920116758246,-28066.381102279804,186289.6033546132,-15.065994342611702,433,15.473441108545035
2022_2023,2010-01-01,2021-10-09,2022-01-01,2023-12-31,84,12.5,112,300.0,454605.52444326674,27.44428899352176,-42438.13428013168,188275.00672347506,-22.540503393773236,453,20.08830022075055
2022_2023,2010-01-01,2021-10-09,2022-01-01,2023-12-31,84,12.5,112,500.0,618320.3312671471,37.32766310450636,-26723.441390418287,188275.00672347506,-14.19383371987753,453,17.660044150110377
2022_2023,2010-01-01,2021-10-09,2022-01-01,2023-12-31,84,12.5,112,700.0,682249.9374666922,41.187058763921215,-16846.55567956512,188275.00672347506,-8.947844949121762,453,17.439293598233995
2024_2026,2010-01-01,2023-10-09,2024-01-01,2026-08-05,84,7.5,56,300.0,117722.23133996762,7.358616913658144,40274.48765668306,259778.76640547634,15.503379361583589,601,32.11314475873544
2024_2026,2010-01-01,2023-10-09,2024-01-01,2026-08-05,84,7.5,56,500.0,153143.9837605797,9.580766149885376,49504.87402623758,256949.34812730784,19.266394091690767,595,28.57142857142857
2024_2026,2010-01-01,2023-10-09,2024-01-01,2026-08-05,84,7.5,56,700.0,206501.81613163772,12.918859502681384,36861.289033857676,256949.34812730784,14.345741408767623,595,27.22689075630252
2024_2026,2010-01-01,2023-10-09,2024-01-01,2026-08-05,84,7.5,84,300.0,449283.53931453713,24.907403901397345,72040.45121785352,265250.5371170396,27.159398808706754,645,37.98449612403101
2024_2026,2010-01-01,2023-10-09,2024-01-01,2026-08-05,84,7.5,84,500.0,538949.5163148749,29.878310934332912,71185.85920857887,265250.5371170396,26.837215857236394,645,34.10852713178294
2024_2026,2010-01-01,2023-10-09,2024-01-01,2026-08-05,84,7.5,84,700.0,525548.2952069489,29.1353733510502,76249.8040561515,265250.5371170396,28.746333517321737,645,33.64341085271318
2024_2026,2010-01-01,2023-10-09,2024-01-01,2026-08-05,84,7.5,112,300.0,686504.4095935043,36.03582127179173,94913.68117833191,261210.32166485835,36.3361143516026,663,41.93061840120664
2024_2026,2010-01-01,2023-10-09,2024-01-01,2026-08-05,84,7.5,112,500.0,832997.1982627071,43.725484843239975,109433.16354489302,261210.32166485835,41.89465517572443,663,39.66817496229261
2024_2026,2010-01-01,2023-10-09,2024-01-01,2026-08-05,84,7.5,112,700.0,793843.1090256143,41.670217983930044,108780.08298884075,261210.32166485835,41.64463421487963,663,39.06485671191554
2024_2026,2010-01-01,2023-10-09,2024-01-01,2026-08-05,84,10.0,56,300.0,-7961.15645631052,-0.5065225643343819,28553.13543464892,262908.9808707978,10.860464081552571,589,30.560271646859082
2024_2026,2010-01-01,2023-10-09,2024-01-01,2026-08-05,84,10.0,56,500.0,10860.454386851929,0.6925699133099485,39798.500357896446,260085.9978684535,15.30205419902142,583,26.58662092624357
2024_2026,2010-01-01,2023-10-09,2024-01-01,2026-08-05,84,10.0,56,700.0,63284.63602949491,4.036695745509541,50228.94837985124,260085.9978684535,19.312438497844884,583,25.38593481989708
2024_2026,2010-01-01,2023-10-09,2024-01-01,2026-08-05,84,10.0,84,300.0,334809.89884678513,18.995783833313677,46322.80249922494,268910.0819696335,17.22613081664075,628,35.03184713375796
2024_2026,2010-01-01,2023-10-09,2024-01-01,2026-08-05,84,10.0,84,500.0,425396.8023256861,24.135324935716707,49242.153029756766,268910.0819696335,18.31175412579637,628,30.254777070063692
2024_2026,2010-01-01,2023-10-09,2024-01-01,2026-08-05,84,10.0,84,700.0,423687.442532339,24.038342650426994,39103.81088686745,268910.0819696335,14.541593457728084,628,28.980891719745223
2024_2026,2010-01-01,2023-10-09,2024-01-01,2026-08-05,84,10.0,112,300.0,552784.7588313557,29.43252201330246,73902.85482822539,265410.80927175964,27.84470422700634,652,38.036809815950924
2024_2026,2010-01-01,2023-10-09,2024-01-01,2026-08-05,84,10.0,112,500.0,712672.6130086986,37.94560547400261,76820.27017456041,265410.80927175964,28.94391166107426,652,34.66257668711656
2024_2026,2010-01-01,2023-10-09,2024-01-01,2026-08-05,84,10.0,112,700.0,729311.939731785,38.83155130054662,84432.90310829463,265410.80927175964,31.81215691250993,652,34.20245398773007
2024_2026,2010-01-01,2023-10-09,2024-01-01,2026-08-05,84,12.5,56,300.0,-141433.04814858013,-9.301090589933269,26368.475285671833,260718.4716199574,10.113773344033898,576,29.166666666666668
2024_2026,2010-01-01,2023-10-09,2024-01-01,2026-08-05,84,12.5,56,500.0,-150610.1429526073,-9.935272100847135,11317.564144985929,257942.07647589766,4.38763783699456,570,21.75438596491228
2024_2026,2010-01-01,2023-10-09,2024-01-01,2026-08-05,84,12.5,56,700.0,-135086.9505309331,-8.911851585977793,20338.901743023158,257942.07647589766,7.885065523586123,570,19.824561403508774
2024_2026,2010-01-01,2023-10-09,2024-01-01,2026-08-05,84,12.5,84,300.0,166179.7866175999,9.76580561729118,47320.270624615114,269378.90020115656,17.566435451803788,617,32.57698541329012
2024_2026,2010-01-01,2023-10-09,2024-01-01,2026-08-05,84,12.5,84,500.0,234751.3870712883,13.799351103543344,63002.872364416384,269378.90020115656,23.3881986738269,617,27.876823338735818
2024_2026,2010-01-01,2023-10-09,2024-01-01,2026-08-05,84,12.5,84,700.0,286467.0518965258,16.83934428688459,62275.38515895941,269378.90020115656,23.118137728105566,617,26.25607779578606
2024_2026,2010-01-01,2023-10-09,2024-01-01,2026-08-05,84,12.5,112,300.0,445998.9288849401,24.01277165804851,72431.87806856584,269518.14824858523,26.874582858056595,643,35.14774494556765
2024_2026,2010-01-01,2023-10-09,2024-01-01,2026-08-05,84,12.5,112,500.0,631438.389185689,33.99691091983228,67917.68811600053,269518.14824858523,25.19967154618392,643,29.082426127527217
2024_2026,2010-01-01,2023-10-09,2024-01-01,2026-08-05,84,12.5,112,700.0,705437.7353084342,37.9810671278594,82234.44671495729,269518.14824858523,30.511654687946958,643,27.993779160186627
