symbol,entry_date,exit_date,entry_price,exit_price,contracts,strike,expiry_date,entry_iv,hold_iv,pnl,reason,scenario,family
METU,2024-06-06 09:30:00,2024-08-29 09:30:00,2.967868161167546,0.0,1,27.85,2024-08-29 09:30:00,0.8,0.8,-296.7868161167546,EXPIRY,risk_current_mature_tp500,META
METU,2024-06-10 09:30:00,2024-08-30 09:30:00,3.0648523916938633,0.0,1,28.77,2024-09-02 09:30:00,0.8,0.8,-306.4852391693863,EXPIRY,risk_current_mature_tp500,META
METU,2024-06-17 09:30:00,2024-09-09 09:30:00,3.1181108291249,0.0,1,29.27,2024-09-09 09:30:00,0.8,0.8,-311.81108291249,EXPIRY,risk_current_mature_tp500,META
METU,2024-06-24 09:30:00,2024-09-16 09:30:00,3.0115939542695145,0.0,1,28.27,2024-09-16 09:30:00,0.8,0.8,-301.15939542695145,EXPIRY,risk_current_mature_tp500,META
METU,2024-07-01 09:30:00,2024-09-23 09:30:00,3.0724012358189263,2.2548371887207033,1,28.84,2024-09-23 09:30:00,0.8,0.8,-81.7564047098223,EXPIRY,risk_current_mature_tp500,META
METU,2024-07-08 09:30:00,2024-09-30 09:30:00,2.175273459377486,0.5103290557861335,2,31.45,2024-09-30 09:30:00,0.5840242061467613,0.5840242061467613,-332.9888807182705,EXPIRY,risk_current_mature_tp500,META
METU,2024-07-15 09:30:00,2024-10-07 09:30:00,2.3431801966270047,5.679474334716797,2,27.52,2024-10-07 09:30:00,0.6767917154052014,0.6767917154052014,667.2588276179586,EXPIRY,risk_current_mature_tp500,META
METU,2024-07-22 09:30:00,2024-10-14 09:30:00,2.921906393064587,7.543892974853524,1,26.38,2024-10-14 09:30:00,0.8250339232360746,0.8250339232360746,462.19865817889365,EXPIRY,risk_current_mature_tp500,META
METU,2024-09-16 09:30:00,2024-12-09 09:30:00,1.3078479802810925,4.808989868164062,3,30.64,2024-12-09 09:30:00,0.42721575754644836,0.42721575754644836,1050.342566364891,EXPIRY,risk_current_mature_tp500,META
METU,2024-09-23 09:30:00,2024-12-16 09:30:00,1.7982586969225505,2.4595344543457003,2,34.2,2024-12-16 09:30:00,0.4862859802916345,0.4862859802916345,132.25515148462995,EXPIRY,risk_current_mature_tp500,META
METU,2024-09-30 09:30:00,2024-12-23 09:30:00,1.7558071253388015,0.0,2,35.16,2024-12-23 09:30:00,0.47102018722231376,0.47102018722231376,-351.1614250677603,EXPIRY,risk_current_mature_tp500,META
METU,2024-10-07 09:30:00,2024-12-30 09:30:00,1.4754663203181853,0.0,3,36.52,2024-12-30 09:30:00,0.4132889104157599,0.4132889104157599,-442.6398960954556,EXPIRY,risk_current_mature_tp500,META
METU,2024-10-14 09:30:00,2025-01-06 09:30:00,1.4338525695287938,0.0,3,37.32,2025-01-06 09:30:00,0.401328930197989,0.401328930197989,-430.15577085863816,EXPIRY,risk_current_mature_tp500,META
METU,2024-10-21 09:30:00,2025-01-13 09:30:00,1.0448792732845789,0.0,4,35.2,2025-01-13 09:30:00,0.3467215617941436,0.3467215617941436,-417.95170931383154,EXPIRY,risk_current_mature_tp500,META
METU,2024-10-28 09:30:00,2025-01-17 09:30:00,1.5054675513616118,0.0,3,35.48,2025-01-20 09:30:00,0.42553258872031086,0.42553258872031086,-451.6402654084835,EXPIRY,risk_current_mature_tp500,META
METU,2024-12-30 09:30:00,2025-03-24 09:30:00,2.6550196962462422,0.0,1,35.86,2025-03-24 09:30:00,0.6124988708493057,0.6124988708493057,-265.5019696246242,EXPIRY,risk_current_mature_tp500,META
METU,2025-01-06 09:30:00,2025-03-31 09:30:00,3.0636559191188883,0.0,1,40.58,2025-03-31 09:30:00,0.6208112846758447,0.6208112846758447,-306.3655919118888,EXPIRY,risk_current_mature_tp500,META
METU,2025-01-13 09:30:00,2025-04-07 09:30:00,2.6555498993681095,0.0,1,37.66,2025-04-07 09:30:00,0.5922080856150951,0.5922080856150951,-265.55498993681095,EXPIRY,risk_current_mature_tp500,META
METU,2025-01-21 09:30:00,2025-04-15 09:30:00,2.7908262610540984,0.0,1,38.5,2025-04-15 09:30:00,0.6033972003674073,0.6033972003674073,-279.0826261054098,EXPIRY,risk_current_mature_tp500,META
METU,2025-01-27 09:30:00,2025-04-21 09:30:00,3.079111468169291,0.0,1,44.0,2025-04-21 09:30:00,0.5890903030940907,0.5890903030940907,-307.9111468169291,EXPIRY,risk_current_mature_tp500,META
METU,2025-02-03 09:30:00,2025-04-28 09:30:00,3.058725513238743,0.0,1,48.98,2025-04-28 09:30:00,0.5446719080318262,0.5446719080318262,-305.8725513238743,EXPIRY,risk_current_mature_tp500,META
METU,2025-02-10 09:30:00,2025-05-05 09:30:00,2.1605302836135536,0.0,2,51.74,2025-05-05 09:30:00,0.42144875936807663,0.42144875936807663,-432.1060567227107,EXPIRY,risk_current_mature_tp500,META
METU,2025-02-18 09:30:00,2025-05-13 09:30:00,1.3982864127674315,0.0,3,51.44,2025-05-13 09:30:00,0.3307951722940245,0.3307951722940245,-419.48592383022947,EXPIRY,risk_current_mature_tp500,META
METU,2025-05-12 09:30:00,2025-08-04 09:30:00,4.975712019795791,10.42934616088867,1,37.17,2025-08-04 09:30:00,0.9570448476865658,0.9570448476865658,545.3634141092879,EXPIRY,risk_current_mature_tp500,META
METU,2025-05-19 09:30:00,2025-08-11 09:30:00,4.063010263738821,8.97367584228516,1,37.13,2025-08-11 09:30:00,0.8167479614115865,0.8167479614115865,491.06655785463397,EXPIRY,risk_current_mature_tp500,META
METU,2025-05-27 09:30:00,2025-08-19 09:30:00,4.006353614532257,7.0377862548828105,1,37.24,2025-08-19 09:30:00,0.8064018313689284,0.8064018313689284,303.1432640350554,EXPIRY,risk_current_mature_tp500,META
METU,2025-06-02 09:30:00,2025-08-25 09:30:00,3.812498031530138,3.7951962280273435,1,40.57,2025-08-25 09:30:00,0.7277891980861673,0.7277891980861673,-1.7301803502794755,EXPIRY,risk_current_mature_tp500,META
METU,2025-06-09 09:30:00,2025-08-29 09:30:00,4.071988709272382,0.0,1,43.21,2025-09-01 09:30:00,0.7296985452806924,0.7296985452806924,-407.1988709272382,EXPIRY,risk_current_mature_tp500,META
METU,2025-06-16 09:30:00,2025-09-08 09:30:00,2.4070408263520147,0.0,2,44.14,2025-09-08 09:30:00,0.49814432446604345,0.49814432446604345,-481.40816527040295,EXPIRY,risk_current_mature_tp500,META
METU,2025-06-23 09:30:00,2025-09-15 09:30:00,2.728364209355357,1.8161227416992176,1,43.53,2025-09-15 09:30:00,0.5459551473534583,0.5459551473534583,-91.22414676561394,EXPIRY,risk_current_mature_tp500,META
METU,2025-06-30 09:30:00,2025-09-22 09:30:00,2.9826325199160397,0.0,1,48.53,2025-09-22 09:30:00,0.538832271108472,0.538832271108472,-298.26325199160397,EXPIRY,risk_current_mature_tp500,META
METU,2025-07-07 09:30:00,2025-09-29 09:30:00,2.4595264794356524,0.0,2,45.9,2025-09-29 09:30:00,0.4927190271209025,0.4927190271209025,-491.9052958871305,EXPIRY,risk_current_mature_tp500,META
METU,2025-07-14 09:30:00,2025-10-06 09:30:00,2.3918666345127626,0.0,2,45.98,2025-10-06 09:30:00,0.48315845164902155,0.48315845164902155,-478.37332690255255,EXPIRY,risk_current_mature_tp500,META
METU,2025-09-02 09:30:00,2025-11-25 09:30:00,2.1091767124683045,0.0,2,46.34,2025-11-25 09:30:00,0.44406262144924025,0.44406262144924025,-421.8353424936609,EXPIRY,risk_current_mature_tp500,META
METU,2025-09-08 09:30:00,2025-12-01 09:30:00,2.071213247324545,0.0,2,48.34,2025-12-01 09:30:00,0.42803435136769524,0.42803435136769524,-414.242649464909,EXPIRY,risk_current_mature_tp500,META
METU,2025-09-15 09:30:00,2025-12-08 09:30:00,1.9081520649846482,0.0,2,49.88,2025-12-08 09:30:00,0.4000831536308816,0.4000831536308816,-381.63041299692964,EXPIRY,risk_current_mature_tp500,META
METU,2025-09-22 09:30:00,2025-12-15 09:30:00,1.425665951641566,0.0,3,49.84,2025-12-15 09:30:00,0.3398270198865609,0.3398270198865609,-427.69978549246974,EXPIRY,risk_current_mature_tp500,META
METU,2025-09-29 09:30:00,2025-12-22 09:30:00,1.3839937037272403,0.0,3,46.96,2025-12-22 09:30:00,0.3451067117961428,0.3451067117961428,-415.1981111181721,EXPIRY,risk_current_mature_tp500,META
METU,2025-12-01 09:30:00,2026-02-23 09:30:00,2.229266710781202,0.0,2,33.21,2026-02-23 09:30:00,0.5720473377283622,0.5720473377283622,-445.8533421562404,EXPIRY,risk_current_mature_tp500,META
METU,2025-12-08 09:30:00,2026-03-02 09:30:00,2.4178781370612956,0.0,2,35.81,2026-03-02 09:30:00,0.5745015394723003,0.5745015394723003,-483.5756274122591,EXPIRY,risk_current_mature_tp500,META
METU,2025-12-15 09:30:00,2026-03-09 09:30:00,2.125658235533738,0.0,2,33.75,2026-03-09 09:30:00,0.5482841229422682,0.5482841229422682,-425.13164710674755,EXPIRY,risk_current_mature_tp500,META
METU,2025-12-22 09:30:00,2026-03-16 09:30:00,2.240467754247426,0.0,2,35.08,2026-03-16 09:30:00,0.553107388260998,0.553107388260998,-448.0935508494852,EXPIRY,risk_current_mature_tp500,META
METU,2025-12-29 09:30:00,2026-03-23 09:30:00,1.5239309916404444,0.0,3,34.72,2026-03-23 09:30:00,0.43432536334747496,0.43432536334747496,-457.1792974921333,EXPIRY,risk_current_mature_tp500,META
METU,2026-01-05 09:30:00,2026-03-30 09:30:00,1.1616560562333973,0.0,4,34.62,2026-03-30 09:30:00,0.37074061640445033,0.37074061640445033,-464.6624224933589,EXPIRY,risk_current_mature_tp500,META
METU,2026-03-09 09:30:00,2026-06-01 09:30:00,1.770641083121511,0.0,2,32.09,2026-06-01 09:30:00,0.5021018855932257,0.5021018855932257,-354.1282166243022,EXPIRY,risk_current_mature_tp500,META
METU,2026-03-16 09:30:00,2026-06-08 09:30:00,1.915547432744587,0.0,2,30.04,2026-06-08 09:30:00,0.5526490284964801,0.5526490284964801,-383.1094865489174,EXPIRY,risk_current_mature_tp500,META
METU,2026-03-23 09:30:00,2026-06-15 09:30:00,1.7633743839777392,0.0,2,27.74,2026-06-15 09:30:00,0.5513433532470832,0.5513433532470832,-352.67487679554785,EXPIRY,risk_current_mature_tp500,META
AAPU,2023-08-07 09:30:00,2023-10-30 09:30:00,0.6088682791069822,0.0,8,21.81,2023-10-30 09:30:00,0.33558944374055827,0.33558944374055827,-487.0946232855857,EXPIRY,risk_current_mature_tp500,AAPL
AAPU,2023-08-14 09:30:00,2023-11-06 09:30:00,0.5548381028898124,0.0,9,21.93,2023-11-06 09:30:00,0.31801145827649474,0.31801145827649474,-499.3542926008312,EXPIRY,risk_current_mature_tp500,AAPL
AAPU,2023-08-21 09:30:00,2023-11-13 09:30:00,0.546855133171233,0.0,9,21.24,2023-11-13 09:30:00,0.3216579894801614,0.3216579894801614,-492.1696198541097,EXPIRY,risk_current_mature_tp500,AAPL
AAPU,2023-08-28 09:30:00,2023-11-20 09:30:00,0.7534229619925217,0.0,6,22.0,2023-11-20 09:30:00,0.37504486933746095,0.37504486933746095,-452.05377719551296,EXPIRY,risk_current_mature_tp500,AAPL
AAPU,2023-09-05 09:30:00,2023-11-28 09:30:00,0.4960328310313873,0.0,10,23.7,2023-11-28 09:30:00,0.2895282554286537,0.2895282554286537,-496.0328310313873,EXPIRY,risk_current_mature_tp500,AAPL
AAPU,2023-09-11 09:30:00,2023-12-04 09:30:00,0.7890126806045581,0.0,6,21.76,2023-12-04 09:30:00,0.38817818825882905,0.38817818825882905,-473.40760836273483,EXPIRY,risk_current_mature_tp500,AAPL
AAPU,2023-09-18 09:30:00,2023-12-11 09:30:00,0.8267841319868854,0.2780545043945324,6,21.47,2023-12-11 09:30:00,0.40201803092707755,0.40201803092707755,-329.2377765554118,EXPIRY,risk_current_mature_tp500,AAPL
AAPU,2023-09-25 09:30:00,2023-12-18 09:30:00,0.705908327336231,1.078834686279297,7,21.09,2023-12-18 09:30:00,0.37009394035019616,0.37009394035019616,261.0484512601462,EXPIRY,risk_current_mature_tp500,AAPL
AAPU,2023-11-13 09:30:00,2024-02-05 09:30:00,0.5432540443124845,0.0,9,22.47,2024-02-05 09:30:00,0.31141594786522053,0.31141594786522053,-488.928639881236,EXPIRY,risk_current_mature_tp500,AAPL
AAPU,2023-11-20 09:30:00,2024-02-12 09:30:00,0.5009773676541958,0.0,9,23.7,2024-02-12 09:30:00,0.290860305254439,0.290860305254439,-450.8796308887762,EXPIRY,risk_current_mature_tp500,AAPL
AAPU,2023-11-27 09:30:00,2024-02-16 09:30:00,0.35666331851148225,0.0,14,23.32,2024-02-19 09:30:00,0.25,0.25,-499.3286459160752,EXPIRY,risk_current_mature_tp500,AAPL
AAPU,2023-12-04 09:30:00,2024-02-26 09:30:00,0.355575235872462,0.0,14,23.27,2024-02-26 09:30:00,0.25,0.25,-497.80533022144675,EXPIRY,risk_current_mature_tp500,AAPL
AAPU,2023-12-11 09:30:00,2024-03-04 09:30:00,0.36582308360385163,0.0,13,23.92,2024-03-04 09:30:00,0.25,0.25,-475.5700086850071,EXPIRY,risk_current_mature_tp500,AAPL
AAPU,2023-12-18 09:30:00,2024-03-11 09:30:00,0.3713812285327194,0.0,13,24.39,2024-03-11 09:30:00,0.25,0.25,-482.7955970925352,EXPIRY,risk_current_mature_tp500,AAPL
AAPU,2023-12-26 09:30:00,2024-03-19 09:30:00,0.36336202933323847,0.0,13,23.81,2024-03-19 09:30:00,0.25,0.25,-472.37063813321004,EXPIRY,risk_current_mature_tp500,AAPL
AAPU,2024-03-04 09:30:00,2024-05-24 09:30:00,0.31055906691898016,1.0958763885498044,16,20.32,2024-05-27 09:30:00,0.25,0.25,1256.5077146093188,EXPIRY,risk_current_mature_tp500,AAPL
AAPU,2024-03-11 09:30:00,2024-05-16 09:30:00,0.3060341158465274,1.8362046950791644,16,19.88,2024-06-03 09:30:00,0.25091116452536827,0.25091116452536827,2448.2729267722193,TARGET,risk_current_mature_tp500,AAPL
AAPU,2024-03-18 09:30:00,2024-06-03 09:30:00,0.3590974393861135,2.154584636316681,13,20.01,2024-06-10 09:30:00,0.26900664117583156,0.26900664117583156,2334.133356009738,TARGET,risk_current_mature_tp500,AAPL
AAPU,2024-05-20 09:30:00,2024-07-15 09:30:00,1.3701196701772034,8.22071802106322,3,23.89,2024-08-12 09:30:00,0.5150586973052756,0.5150586973052756,2055.179505265805,TARGET,risk_current_mature_tp500,AAPL
AAPU,2024-05-28 09:30:00,2024-07-15 09:30:00,1.4616085570672235,8.76965134240334,3,23.6,2024-08-20 09:30:00,0.5417401935774566,0.5417401935774566,2192.412835600835,TARGET,risk_current_mature_tp500,AAPL
AAPU,2024-06-03 09:30:00,2024-06-12 09:30:00,0.5235366492487454,3.1412198954924726,9,24.53,2024-08-26 09:30:00,0.29221250140535215,0.29221250140535215,2355.9149216193546,TARGET,risk_current_mature_tp500,AAPL
AAPU,2024-06-10 09:30:00,2024-06-12 09:30:00,0.6389271122927065,3.833562673756239,7,24.24,2024-09-02 09:30:00,0.32568064649836825,0.32568064649836825,2236.2448930244727,TARGET,risk_current_mature_tp500,AAPL
AAPU,2024-06-17 09:30:00,2024-09-09 09:30:00,2.263795236642869,0.0,2,30.26,2024-09-09 09:30:00,0.6168032102952564,0.6168032102952564,-452.7590473285738,EXPIRY,risk_current_mature_tp500,AAPL
AAPU,2024-06-24 09:30:00,2024-09-16 09:30:00,2.180411183451529,0.0,2,27.87,2024-09-16 09:30:00,0.637287173798251,0.637287173798251,-436.08223669030576,EXPIRY,risk_current_mature_tp500,AAPL
AAPU,2024-07-01 09:30:00,2024-09-23 09:30:00,2.5775613048502315,0.0,1,30.1,2024-09-23 09:30:00,0.6796497260848814,0.6796497260848814,-257.75613048502316,EXPIRY,risk_current_mature_tp500,AAPL
AAPU,2024-07-08 09:30:00,2024-09-30 09:30:00,2.853687184490852,0.0,1,33.13,2024-09-30 09:30:00,0.6823582090034611,0.6823582090034611,-285.3687184490852,EXPIRY,risk_current_mature_tp500,AAPL
AAPU,2024-07-15 09:30:00,2024-10-07 09:30:00,1.8521008720753045,0.0,2,35.01,2024-10-07 09:30:00,0.4882385031382646,0.4882385031382646,-370.4201744150609,EXPIRY,risk_current_mature_tp500,AAPL
AAPU,2024-07-22 09:30:00,2024-10-14 09:30:00,1.661487129051375,0.0,3,31.84,2024-10-14 09:30:00,0.4841193032331488,0.4841193032331488,-498.44613871541253,EXPIRY,risk_current_mature_tp500,AAPL
AAPU,2024-09-23 09:30:00,2024-12-16 09:30:00,1.515989861329066,2.879683532714843,3,31.71,2024-12-16 09:30:00,0.4580579690384939,0.4580579690384939,409.108101415733,EXPIRY,risk_current_mature_tp500,AAPL
AAPU,2024-09-30 09:30:00,2024-12-23 09:30:00,1.6843062382655045,2.157204132080075,2,33.52,2024-12-23 09:30:00,0.47281409750589715,0.47281409750589715,94.5795787629141,EXPIRY,risk_current_mature_tp500,AAPL
AAPU,2024-10-07 09:30:00,2024-12-30 09:30:00,1.658598041057612,4.430449981689453,3,30.23,2024-12-30 09:30:00,0.4999993351590679,0.4999993351590679,831.5555821895523,EXPIRY,risk_current_mature_tp500,AAPL
AAPU,2024-10-14 09:30:00,2025-01-06 09:30:00,1.758018258736989,0.0,2,32.84,2025-01-06 09:30:00,0.4922700276416473,0.4922700276416473,-351.6036517473978,EXPIRY,risk_current_mature_tp500,AAPL
AAPU,2024-10-21 09:30:00,2025-01-13 09:30:00,1.4138106289572363,0.0,3,34.26,2025-01-13 09:30:00,0.41868752852218966,0.41868752852218966,-424.1431886871709,EXPIRY,risk_current_mature_tp500,AAPL
AAPU,2024-10-28 09:30:00,2025-01-17 09:30:00,1.4052055881280427,0.0,3,33.31,2025-01-20 09:30:00,0.4243624028749874,0.4243624028749874,-421.5616764384128,EXPIRY,risk_current_mature_tp500,AAPL
AAPU,2024-12-30 09:30:00,2025-03-24 09:30:00,1.0375763670827371,0.0,4,38.13,2025-03-24 09:30:00,0.33098203213527483,0.33098203213527483,-415.03054683309483,EXPIRY,risk_current_mature_tp500,AAPL
AAPU,2025-01-06 09:30:00,2025-03-31 09:30:00,1.272576110585863,0.0,3,35.92,2025-03-31 09:30:00,0.3826902180841184,0.3826902180841184,-381.77283317575893,EXPIRY,risk_current_mature_tp500,AAPL
AAPU,2025-01-13 09:30:00,2025-04-07 09:30:00,1.303210384089601,0.0,3,32.78,2025-04-07 09:30:00,0.409068672141916,0.409068672141916,-390.9631152268803,EXPIRY,risk_current_mature_tp500,AAPL
AAPU,2025-03-17 09:30:00,2025-06-09 09:30:00,1.7091169673569926,0.0,2,26.47,2025-06-09 09:30:00,0.5570473046247438,0.5570473046247438,-341.8233934713985,EXPIRY,risk_current_mature_tp500,AAPL
AAPU,2025-03-24 09:30:00,2025-06-16 09:30:00,1.9879473616235863,0.0,2,27.96,2025-06-16 09:30:00,0.5953939062440732,0.5953939062440732,-397.58947232471724,EXPIRY,risk_current_mature_tp500,AAPL
AAPU,2025-03-31 09:30:00,2025-06-23 09:30:00,2.124713399365195,0.0,2,28.27,2025-06-23 09:30:00,0.619404785703403,0.619404785703403,-424.94267987303897,EXPIRY,risk_current_mature_tp500,AAPL
AAPU,2025-06-02 09:30:00,2025-08-25 09:30:00,1.6913348252669156,2.526741561889647,2,21.69,2025-08-25 09:30:00,0.6356597736592638,0.6356597736592638,167.0813473245463,EXPIRY,risk_current_mature_tp500,AAPL
AAPU,2025-06-09 09:30:00,2025-08-29 09:30:00,1.5954851099463054,3.6756457519531267,3,21.58,2025-09-01 09:30:00,0.6122517002054549,0.6122517002054549,624.0481926020464,EXPIRY,risk_current_mature_tp500,AAPL
AAPU,2025-06-16 09:30:00,2025-09-03 09:30:00,0.8982571249008844,5.389542749405306,5,20.86,2025-09-08 09:30:00,0.429233928709731,0.429233928709731,2245.642812252211,TARGET,risk_current_mature_tp500,AAPL
AAPU,2025-06-23 09:30:00,2025-09-15 09:30:00,0.9602848628076011,4.613907852172851,5,21.46,2025-09-15 09:30:00,0.4399860504916017,0.4399860504916017,1826.8114946826247,EXPIRY,risk_current_mature_tp500,AAPL
AAPU,2025-06-30 09:30:00,2025-09-03 09:30:00,0.7291192034773202,4.374715220863921,6,22.19,2025-09-22 09:30:00,0.36677742251455375,0.36677742251455375,2187.3576104319604,TARGET,risk_current_mature_tp500,AAPL
AAPU,2025-07-07 09:30:00,2025-09-22 09:30:00,0.9206809189175811,5.5240855135054865,5,23.16,2025-09-29 09:30:00,0.40934332809300333,0.40934332809300333,2301.7022972939526,TARGET,risk_current_mature_tp500,AAPL
AAPU,2025-07-14 09:30:00,2025-09-19 09:30:00,0.7597230262717769,4.558338157630661,6,22.82,2025-10-06 09:30:00,0.36974265031129716,0.36974265031129716,2279.169078815331,TARGET,risk_current_mature_tp500,AAPL
AAPU,2025-07-21 09:30:00,2025-09-03 09:30:00,0.504877661074346,3.0292659664460757,9,23.65,2025-10-13 09:30:00,0.2919004024588666,0.2919004024588666,2271.949474834557,TARGET,risk_current_mature_tp500,AAPL
AAPU,2025-07-28 09:30:00,2025-09-03 09:30:00,0.49415429280655054,2.9649257568393033,10,23.93,2025-10-20 09:30:00,0.2877054151817005,0.2877054151817005,2470.7714640327526,TARGET,risk_current_mature_tp500,AAPL
AAPU,2025-09-15 09:30:00,2025-12-03 09:30:00,1.4682119182884108,8.809271509730465,3,28.68,2025-12-08 09:30:00,0.478196085998643,0.478196085998643,2202.317877432616,TARGET,risk_current_mature_tp500,AAPL
AAPU,2025-09-22 09:30:00,2025-12-15 09:30:00,2.1956272725233372,0.47652801513672216,2,33.41,2025-12-15 09:30:00,0.5637310930206207,0.5637310930206207,-343.819851477323,EXPIRY,risk_current_mature_tp500,AAPL
AAPU,2025-09-29 09:30:00,2025-12-22 09:30:00,2.3142919589969555,0.1515763854980463,2,32.89,2025-12-22 09:30:00,0.5914566815418731,0.5914566815418731,-432.5431146997818,EXPIRY,risk_current_mature_tp500,AAPL
AAPU,2025-10-06 09:30:00,2025-12-29 09:30:00,1.9638124310045182,0.22004562377929915,2,33.44,2025-12-29 09:30:00,0.5232343501355047,0.5232343501355047,-348.7533614450438,EXPIRY,risk_current_mature_tp500,AAPL
AAPU,2025-11-24 09:30:00,2026-02-13 09:30:00,0.8654661455455326,0.0,5,37.98,2026-02-16 09:30:00,0.3020514934619505,0.3020514934619505,-432.73307277276626,EXPIRY,risk_current_mature_tp500,AAPL
AAPU,2025-12-01 09:30:00,2026-02-23 09:30:00,0.9823887830885383,0.0,5,39.98,2026-02-23 09:30:00,0.3135590756120472,0.3135590756120472,-491.19439154426914,EXPIRY,risk_current_mature_tp500,AAPL
AAPU,2025-12-08 09:30:00,2026-03-02 09:30:00,1.1161264306949583,0.0,4,38.38,2026-03-02 09:30:00,0.34260214185865606,0.34260214185865606,-446.4505722779833,EXPIRY,risk_current_mature_tp500,AAPL
AAPU,2025-12-15 09:30:00,2026-03-09 09:30:00,0.9790053974147526,0.0,5,37.28,2026-03-09 09:30:00,0.3249071509871701,0.3249071509871701,-489.5026987073763,EXPIRY,risk_current_mature_tp500,AAPL
AAPU,2026-02-17 09:30:00,2026-05-12 09:30:00,2.9580806556729033,3.421766815185549,1,33.69,2026-05-12 09:30:00,0.6923446231767135,0.6923446231767135,46.36861595126458,EXPIRY,risk_current_mature_tp500,AAPL
AAPU,2026-02-23 09:30:00,2026-05-18 09:30:00,2.787129313039726,3.517788391113278,1,34.27,2026-05-18 09:30:00,0.6551740115861018,0.6551740115861018,73.06590780735522,EXPIRY,risk_current_mature_tp500,AAPL
AAPU,2026-03-02 09:30:00,2026-05-22 09:30:00,2.9040998365299107,6.831595458984374,1,33.71,2026-05-25 09:30:00,0.6826668281765315,0.6826668281765315,392.7495622454463,EXPIRY,risk_current_mature_tp500,AAPL
AAPU,2026-03-09 09:30:00,2026-06-01 09:30:00,2.238979482573205,7.36574676513672,2,32.47,2026-06-01 09:30:00,0.5827725333492384,0.5827725333492384,1025.353456512703,EXPIRY,risk_current_mature_tp500,AAPL
AAPU,2026-05-11 09:30:00,2026-08-03 09:30:00,2.3122217343179994,0.0,2,40.23,2026-08-03 09:30:00,0.5154340361442101,0.5154340361442101,-462.4443468635999,EXPIRY,risk_current_mature_tp500,AAPL
MSFU,2023-08-07 09:30:00,2023-10-30 09:30:00,1.4104317283005088,0.0,3,31.64,2023-10-30 09:30:00,0.43859185903524256,0.43859185903524256,-423.12951849015263,EXPIRY,risk_current_mature_tp500,MSFT
MSFU,2023-08-14 09:30:00,2023-11-06 09:30:00,1.3079199671010429,1.061537780761718,3,30.71,2023-11-06 09:30:00,0.4267776098928712,0.4267776098928712,-73.91465590179749,EXPIRY,risk_current_mature_tp500,MSFT
MSFU,2023-08-21 09:30:00,2023-11-13 09:30:00,0.9110754525530016,2.6271336364746105,5,30.47,2023-11-13 09:30:00,0.3480747670576603,0.3480747670576603,858.0290919608045,EXPIRY,risk_current_mature_tp500,MSFT
MSFU,2023-08-28 09:30:00,2023-11-14 09:30:00,0.5128068022740111,3.0768408136440666,9,30.7,2023-11-20 09:30:00,0.26041168829244343,0.26041168829244343,2307.63061023305,TARGET,risk_current_mature_tp500,MSFT
MSFU,2023-09-05 09:30:00,2023-11-27 09:30:00,0.48949984854815476,2.9369990912889286,10,32.06,2023-11-28 09:30:00,0.25,0.25,2447.4992427407738,TARGET,risk_current_mature_tp500,MSFT
MSFU,2023-09-11 09:30:00,2023-12-04 09:30:00,0.4980582169205263,0.727912750244144,10,32.66,2023-12-04 09:30:00,0.25,0.25,229.85453332361772,EXPIRY,risk_current_mature_tp500,MSFT
MSFU,2023-09-18 09:30:00,2023-11-29 09:30:00,0.6966333799425248,4.179800279655149,7,31.3,2023-12-11 09:30:00,0.2981176130109096,0.2981176130109096,2438.216829798837,TARGET,risk_current_mature_tp500,MSFT
MSFU,2023-09-25 09:30:00,2023-11-10 09:30:00,0.5971945183021079,3.5831671098126474,8,29.66,2023-12-18 09:30:00,0.28396646710411744,0.28396646710411744,2388.7780732084316,TARGET,risk_current_mature_tp500,MSFT
MSFU,2023-11-13 09:30:00,2024-02-05 09:30:00,1.1936081288862308,1.5964926147460972,4,36.41,2024-02-05 09:30:00,0.36634584913086443,0.36634584913086443,161.15379434394654,EXPIRY,risk_current_mature_tp500,MSFT
MSFU,2023-11-20 09:30:00,2024-02-12 09:30:00,1.318513695203853,1.1778613281249974,3,38.13,2024-02-12 09:30:00,0.37747882165586194,0.37747882165586194,-42.19571012365666,EXPIRY,risk_current_mature_tp500,MSFT
MSFU,2023-11-27 09:30:00,2024-02-16 09:30:00,0.7782310799410936,0.0,6,38.2,2024-02-19 09:30:00,0.2855156742147394,0.2855156742147394,-466.9386479646562,EXPIRY,risk_current_mature_tp500,MSFT
MSFU,2023-12-04 09:30:00,2024-02-26 09:30:00,0.7965717369516572,1.4574847412109406,6,36.73,2024-02-26 09:30:00,0.2947083431619773,0.2947083431619773,396.5478025555701,EXPIRY,risk_current_mature_tp500,MSFT
MSFU,2023-12-11 09:30:00,2024-03-04 09:30:00,0.6644453551664888,2.1930546569824187,7,37.02,2024-03-04 09:30:00,0.26909500366554523,0.26909500366554523,1070.026511271151,EXPIRY,risk_current_mature_tp500,MSFT
MSFU,2024-01-29 09:30:00,2024-04-22 09:30:00,0.648750372822338,0.0,7,42.53,2024-04-22 09:30:00,0.25,0.25,-454.12526097563665,EXPIRY,risk_current_mature_tp500,MSFT
MSFU,2024-02-05 09:30:00,2024-04-29 09:30:00,0.807666785764722,0.0,6,41.81,2024-04-29 09:30:00,0.27860197517669355,0.27860197517669355,-484.6000714588332,EXPIRY,risk_current_mature_tp500,MSFT
MSFU,2024-02-12 09:30:00,2024-05-06 09:30:00,0.9264929747522626,0.0,5,43.24,2024-05-06 09:30:00,0.2928567245253322,0.2928567245253322,-463.2464873761313,EXPIRY,risk_current_mature_tp500,MSFT
MSFU,2024-04-08 09:30:00,2024-07-01 09:30:00,0.9861561547201614,0.9837927246093727,5,44.31,2024-07-01 09:30:00,0.2982962058690807,0.2982962058690807,-1.1817150553943279,EXPIRY,risk_current_mature_tp500,MSFT
MSFU,2024-04-15 09:30:00,2024-07-05 09:30:00,0.8290795800722641,4.974477480433585,6,41.92,2024-07-08 09:30:00,0.2818007535380635,0.2818007535380635,2487.2387402167924,TARGET,risk_current_mature_tp500,MSFT
MSFU,2024-04-22 09:30:00,2024-06-24 09:30:00,0.8998522658425969,5.3991135950555815,5,39.29,2024-07-15 09:30:00,0.30259295769488415,0.30259295769488415,2249.6306646064922,TARGET,risk_current_mature_tp500,MSFT
MSFU,2024-06-10 09:30:00,2024-08-30 09:30:00,1.3777479402306625,0.0,3,44.04,2024-09-02 09:30:00,0.35657770428377983,0.35657770428377983,-413.32438206919875,EXPIRY,risk_current_mature_tp500,MSFT
MSFU,2024-06-17 09:30:00,2024-09-09 09:30:00,1.5897220473701168,0.0,3,48.26,2024-09-09 09:30:00,0.3670699274907581,0.3670699274907581,-476.91661421103504,EXPIRY,risk_current_mature_tp500,MSFT
MSFU,2024-06-24 09:30:00,2024-09-16 09:30:00,1.5377723814597335,0.0,3,47.98,2024-09-16 09:30:00,0.3617361209159153,0.3617361209159153,-461.33171443792,EXPIRY,risk_current_mature_tp500,MSFT
MSFU,2024-07-01 09:30:00,2024-09-23 09:30:00,1.0796303627431598,0.0,4,49.82,2024-09-23 09:30:00,0.2943264028344558,0.2943264028344558,-431.85214509726393,EXPIRY,risk_current_mature_tp500,MSFT
MSFU,2024-07-08 09:30:00,2024-09-30 09:30:00,1.0301537038968291,0.0,4,51.8,2024-09-30 09:30:00,0.28225320360558775,0.28225320360558775,-412.06148155873166,EXPIRY,risk_current_mature_tp500,MSFT
MSFU,2024-07-15 09:30:00,2024-10-07 09:30:00,1.4874140786997554,0.0,3,48.95,2024-10-07 09:30:00,0.35115454229461796,0.35115454229461796,-446.22422360992664,EXPIRY,risk_current_mature_tp500,MSFT
MSFU,2024-09-16 09:30:00,2024-12-09 09:30:00,1.4004489241266729,0.0,3,43.2,2024-12-09 09:30:00,0.36395137239224656,0.36395137239224656,-420.1346772380018,EXPIRY,risk_current_mature_tp500,MSFT
MSFU,2024-09-23 09:30:00,2024-12-16 09:30:00,1.4129197503691788,0.0,3,43.51,2024-12-16 09:30:00,0.3644034358739276,0.3644034358739276,-423.87592511075366,EXPIRY,risk_current_mature_tp500,MSFT
MSFU,2024-09-30 09:30:00,2024-12-23 09:30:00,1.3865318379708302,0.0,3,42.78,2024-12-23 09:30:00,0.36389328620304706,0.36389328620304706,-415.9595513912491,EXPIRY,risk_current_mature_tp500,MSFT
MSFU,2024-12-02 09:30:00,2025-02-24 09:30:00,1.4386751646828202,0.0,3,41.99,2025-02-24 09:30:00,0.37521428906966753,0.37521428906966753,-431.60254940484606,EXPIRY,risk_current_mature_tp500,MSFT
MSFU,2024-12-09 09:30:00,2025-03-03 09:30:00,1.3595654408202371,0.0,3,44.87,2025-03-03 09:30:00,0.3507032435828957,0.3507032435828957,-407.8696322460711,EXPIRY,risk_current_mature_tp500,MSFT
MSFU,2024-12-16 09:30:00,2025-03-10 09:30:00,0.8406208301680849,0.0,5,45.92,2025-03-10 09:30:00,0.2716512182717967,0.2716512182717967,-420.31041508404246,EXPIRY,risk_current_mature_tp500,MSFT
MSFU,2024-12-23 09:30:00,2025-03-17 09:30:00,1.604597671083706,0.0,3,42.51,2025-03-17 09:30:00,0.3967606934727949,0.3967606934727949,-481.37930132511184,EXPIRY,risk_current_mature_tp500,MSFT
MSFU,2025-02-24 09:30:00,2025-05-19 09:30:00,2.348621374001521,4.076760559082032,2,35.72,2025-05-19 09:30:00,0.5642618370631757,0.5642618370631757,345.62783701610226,EXPIRY,risk_current_mature_tp500,MSFT
MSFU,2025-03-03 09:30:00,2025-05-13 09:30:00,0.9006821393612423,5.404092836167454,5,32.94,2025-05-26 09:30:00,0.33162059216032624,0.33162059216032624,2251.7053484031057,TARGET,risk_current_mature_tp500,MSFT
MSFU,2025-03-10 09:30:00,2025-05-28 09:30:00,1.4785497311872238,8.871298387123343,3,31.39,2025-06-02 09:30:00,0.45379738888121646,0.45379738888121646,2217.8245967808357,TARGET,risk_current_mature_tp500,MSFT
MSFU,2025-04-28 09:30:00,2025-07-21 09:30:00,4.2454151110756655,16.223023529052732,1,32.13,2025-07-21 09:30:00,0.9472054242336269,0.9472054242336269,1197.7608417977067,EXPIRY,risk_current_mature_tp500,MSFT
MSFU,2025-05-12 09:30:00,2025-08-04 09:30:00,4.1165563404795495,11.026034698486328,1,41.89,2025-08-04 09:30:00,0.75269934523456,0.75269934523456,690.9478358006778,EXPIRY,risk_current_mature_tp500,MSFT
MSFU,2025-05-19 09:30:00,2025-08-11 09:30:00,3.172739866067026,6.403807373046881,1,43.78,2025-08-11 09:30:00,0.6036269556475053,0.6036269556475053,323.1067506979855,EXPIRY,risk_current_mature_tp500,MSFT
MSFU,2025-05-27 09:30:00,2025-08-19 09:30:00,3.3059992274314354,3.721080780029297,1,44.0,2025-08-19 09:30:00,0.6189708997107826,0.6189708997107826,41.50815525978615,EXPIRY,risk_current_mature_tp500,MSFT
MSFU,2025-06-02 09:30:00,2025-07-25 09:30:00,0.9571007216274499,5.742604329764699,5,44.22,2025-08-25 09:30:00,0.29415183313996235,0.29415183313996235,2392.7518040686246,TARGET,risk_current_mature_tp500,MSFT
MSFU,2025-06-09 09:30:00,2025-07-31 09:30:00,0.9128716838608675,5.477230103165205,5,46.21,2025-09-01 09:30:00,0.28145065923848395,0.28145065923848395,2282.1792096521685,TARGET,risk_current_mature_tp500,MSFT
MSFU,2025-06-16 09:30:00,2025-07-31 09:30:00,0.8433962165749378,5.060377299449627,5,47.3,2025-09-08 09:30:00,0.2683425120753688,0.2683425120753688,2108.4905414373447,TARGET,risk_current_mature_tp500,MSFT
MSFU,2025-06-23 09:30:00,2025-07-31 09:30:00,0.9097726100466996,5.458635660280198,5,48.59,2025-09-15 09:30:00,0.2742448746388731,0.2742448746388731,2274.431525116749,TARGET,risk_current_mature_tp500,MSFT
MSFU,2025-06-30 09:30:00,2025-07-31 09:30:00,0.7744830708724244,4.646898425234546,6,50.79,2025-09-22 09:30:00,0.25,0.25,2323.449212617273,TARGET,risk_current_mature_tp500,MSFT
MSFU,2025-07-07 09:30:00,2025-07-31 09:30:00,0.7876119748645429,4.725671849187258,6,50.78,2025-09-29 09:30:00,0.2518950298718406,0.2518950298718406,2362.835924593629,TARGET,risk_current_mature_tp500,MSFT
MSFU,2025-07-14 09:30:00,2025-07-31 09:30:00,0.8126440970090627,4.875864582054376,6,51.78,2025-10-06 09:30:00,0.25315725457794414,0.25315725457794414,2437.9322910271885,TARGET,risk_current_mature_tp500,MSFT
MSFU,2025-07-21 09:30:00,2025-07-31 09:30:00,0.8116464959385556,4.869878975631334,6,53.19,2025-10-13 09:30:00,0.25,0.25,2434.939487815667,TARGET,risk_current_mature_tp500,MSFT
MSFU,2025-07-28 09:30:00,2025-10-20 09:30:00,0.8170508473827987,0.0,6,53.57,2025-10-20 09:30:00,0.25,0.25,-490.23050842967916,EXPIRY,risk_current_mature_tp500,MSFT
MSFU,2025-08-04 09:30:00,2025-10-27 09:30:00,1.8792154309016365,0.0,2,58.21,2025-10-27 09:30:00,0.36312657696442646,0.36312657696442646,-375.8430861803273,EXPIRY,risk_current_mature_tp500,MSFT
MSFU,2025-08-11 09:30:00,2025-11-03 09:30:00,1.9787486817141318,0.0,2,55.2,2025-11-03 09:30:00,0.3851852171333605,0.3851852171333605,-395.74973634282634,EXPIRY,risk_current_mature_tp500,MSFT
MSFU,2025-08-18 09:30:00,2025-11-10 09:30:00,2.1873482757564737,0.0,2,54.05,2025-11-10 09:30:00,0.4137794628655031,0.4137794628655031,-437.4696551512948,EXPIRY,risk_current_mature_tp500,MSFT
MSFU,2025-10-20 09:30:00,2026-01-12 09:30:00,1.104558390675697,0.0,4,52.86,2026-01-12 09:30:00,0.28915818314585773,0.28915818314585773,-441.82335627027885,EXPIRY,risk_current_mature_tp500,MSFT
MSFU,2025-10-27 09:30:00,2026-01-16 09:30:00,1.1579352579849758,0.0,4,55.85,2026-01-19 09:30:00,0.2881916750771988,0.2881916750771988,-463.1741031939903,EXPIRY,risk_current_mature_tp500,MSFT
MSFU,2025-11-03 09:30:00,2026-01-26 09:30:00,1.72009784676783,0.0,2,52.62,2026-01-26 09:30:00,0.36574777103259165,0.36574777103259165,-344.019569353566,EXPIRY,risk_current_mature_tp500,MSFT
MSFU,2026-01-05 09:30:00,2026-03-30 09:30:00,1.2756694069479373,0.0,3,43.05,2026-03-30 09:30:00,0.34649058532596627,0.34649058532596627,-382.7008220843812,EXPIRY,risk_current_mature_tp500,MSFT
MSFU,2026-01-12 09:30:00,2026-04-06 09:30:00,0.8272701344534372,0.0,6,43.73,2026-04-06 09:30:00,0.2757154865360549,0.2757154865360549,-496.3620806720623,EXPIRY,risk_current_mature_tp500,MSFT
MSFU,2026-01-20 09:30:00,2026-04-14 09:30:00,0.9076696535124285,0.0,5,39.57,2026-04-14 09:30:00,0.30301783744166194,0.30301783744166194,-453.8348267562142,EXPIRY,risk_current_mature_tp500,MSFT
MSFU,2026-01-26 09:30:00,2026-04-20 09:30:00,1.939818345854663,0.0,2,42.24,2026-04-20 09:30:00,0.44666271206393915,0.44666271206393915,-387.9636691709326,EXPIRY,risk_current_mature_tp500,MSFT
MSFU,2026-04-06 09:30:00,2026-05-29 09:30:00,1.1257901785725117,6.75474107143507,4,25.47,2026-06-29 09:30:00,0.4362303675972149,0.4362303675972149,2251.5803571450233,TARGET,risk_current_mature_tp500,MSFT
MSFU,2026-04-13 09:30:00,2026-07-06 09:30:00,1.5442894658804036,0.0,3,26.99,2026-07-06 09:30:00,0.51403216908543,0.51403216908543,-463.28683976412105,EXPIRY,risk_current_mature_tp500,MSFT
MSFU,2026-04-20 09:30:00,2026-07-13 09:30:00,2.32469233109955,0.0,2,31.79,2026-07-13 09:30:00,0.6074680799569817,0.6074680799569817,-464.93846621991,EXPIRY,risk_current_mature_tp500,MSFT
MSFU,2026-04-27 09:30:00,2026-07-20 09:30:00,2.355893209137548,0.0,2,32.69,2026-07-20 09:30:00,0.6008068405573509,0.6008068405573509,-471.17864182750964,EXPIRY,risk_current_mature_tp500,MSFT
MSFU,2026-05-04 09:30:00,2026-07-27 09:30:00,2.6432304369902386,0.0,1,30.85,2026-07-27 09:30:00,0.6802563911850416,0.6802563911850416,-264.32304369902386,EXPIRY,risk_current_mature_tp500,MSFT
MSFU,2026-05-11 09:30:00,2026-08-03 09:30:00,2.523986796045115,5.840001220703126,1,30.63,2026-08-03 09:30:00,0.6611811492556473,0.6611811492556473,331.6014424658011,EXPIRY,risk_current_mature_tp500,MSFT
NFXL,2024-10-03 09:30:00,2024-12-26 09:30:00,2.6713555877046993,12.083575897216797,1,25.07,2024-12-26 09:30:00,0.8,0.8,941.2220309512097,EXPIRY,risk_current_mature_tp500,NFLX
NFXL,2024-10-07 09:30:00,2024-12-30 09:30:00,2.626375295923152,10.458707885742186,1,24.67,2024-12-30 09:30:00,0.8,0.8,783.2332589819034,EXPIRY,risk_current_mature_tp500,NFLX
NFXL,2024-10-14 09:30:00,2025-01-06 09:30:00,2.727281566716794,8.099002990722656,1,25.59,2025-01-06 09:30:00,0.8,0.8,537.1721424005863,EXPIRY,risk_current_mature_tp500,NFLX
NFXL,2024-10-21 09:30:00,2025-01-13 09:30:00,3.12979672824334,1.065217819213867,1,29.41,2025-01-13 09:30:00,0.8,0.8,-206.4578909029473,EXPIRY,risk_current_mature_tp500,NFLX
NFXL,2024-10-28 09:30:00,2025-01-17 09:30:00,2.9392075255911134,4.1298657989501955,1,27.59,2025-01-20 09:30:00,0.8,0.8,119.06582733590821,EXPIRY,risk_current_mature_tp500,NFLX
NFXL,2024-11-04 09:30:00,2025-01-27 09:30:00,3.421950660568733,12.086569519042968,1,28.03,2025-01-27 09:30:00,0.889298455992521,0.889298455992521,866.4618858474234,EXPIRY,risk_current_mature_tp500,NFLX
NFXL,2024-11-11 09:30:00,2025-02-03 09:30:00,3.7970170851680827,8.940278625488283,1,31.65,2025-02-03 09:30:00,0.8774226838710816,0.8774226838710816,514.32615403202,EXPIRY,risk_current_mature_tp500,NFLX
NFXL,2024-11-18 09:30:00,2025-02-06 09:30:00,1.4588491567211168,8.7530949403267,3,34.9,2025-02-10 09:30:00,0.42165126891672844,0.42165126891672844,2188.273735081675,TARGET,risk_current_mature_tp500,NFLX
NFXL,2024-11-25 09:30:00,2025-02-14 09:30:00,2.059341981558088,10.88934982299805,2,36.37,2025-02-17 09:30:00,0.5108005655759682,0.5108005655759682,1766.0015682879923,EXPIRY,risk_current_mature_tp500,NFLX
NFXL,2024-12-02 09:30:00,2025-02-24 09:30:00,2.0833432312690086,1.9989700317382812,2,39.0,2025-02-24 09:30:00,0.49170532835147773,0.49170532835147773,-16.87463990614546,EXPIRY,risk_current_mature_tp500,NFLX
NFXL,2024-12-09 09:30:00,2025-03-03 09:30:00,2.3255799444960843,0.0,2,40.3,2025-03-03 09:30:00,0.517064018061191,0.517064018061191,-465.11598889921686,EXPIRY,risk_current_mature_tp500,NFLX
NFXL,2024-12-16 09:30:00,2025-03-10 09:30:00,2.3917679571006225,0.0,2,40.84,2025-03-10 09:30:00,0.5217665112495966,0.5217665112495966,-478.35359142012453,EXPIRY,risk_current_mature_tp500,NFLX
NFXL,2024-12-23 09:30:00,2025-03-17 09:30:00,2.1905037859304937,0.0,2,39.83,2025-03-17 09:30:00,0.5010752779324934,0.5010752779324934,-438.10075718609875,EXPIRY,risk_current_mature_tp500,NFLX
NFXL,2024-12-30 09:30:00,2025-03-24 09:30:00,1.9368476089509379,0.0,2,38.64,2025-03-24 09:30:00,0.4718361797951114,0.4718361797951114,-387.3695217901876,EXPIRY,risk_current_mature_tp500,NFLX
NFXL,2025-03-10 09:30:00,2025-05-16 09:30:00,3.5838981304912156,21.503388782947294,1,34.09,2025-06-02 09:30:00,0.791813394433549,0.791813394433549,1791.9490652456077,TARGET,risk_current_mature_tp500,NFLX
NFXL,2025-04-07 09:30:00,2025-06-03 09:30:00,4.204465320768497,25.226791924610982,1,33.47,2025-06-30 09:30:00,0.9097966212966071,0.9097966212966071,2102.2326603842484,TARGET,risk_current_mature_tp500,NFLX
NFXL,2025-05-12 09:30:00,2025-08-04 09:30:00,4.409094194200527,0.0,1,53.2,2025-08-04 09:30:00,0.6640227931503905,0.6640227931503905,-440.9094194200527,EXPIRY,risk_current_mature_tp500,NFLX
NFXL,2025-05-19 09:30:00,2025-08-11 09:30:00,4.383113623613433,0.0,1,60.98,2025-08-11 09:30:00,0.6000364484997741,0.6000364484997741,-438.3113623613433,EXPIRY,risk_current_mature_tp500,NFLX
NFXL,2025-05-27 09:30:00,2025-08-19 09:30:00,2.8832804754380916,0.0,1,62.86,2025-08-19 09:30:00,0.446467327435335,0.446467327435335,-288.32804754380913,EXPIRY,risk_current_mature_tp500,NFLX
NFXL,2025-06-02 09:30:00,2025-08-25 09:30:00,3.231372415030549,0.0,1,63.6,2025-08-25 09:30:00,0.47609601198571155,0.47609601198571155,-323.1372415030549,EXPIRY,risk_current_mature_tp500,NFLX
NFXL,2025-06-09 09:30:00,2025-08-29 09:30:00,3.0646244279791794,0.0,1,63.93,2025-09-01 09:30:00,0.458972045009675,0.458972045009675,-306.46244279791796,EXPIRY,risk_current_mature_tp500,NFLX
NFXL,2025-06-16 09:30:00,2025-09-08 09:30:00,2.186227675319934,0.0,2,63.76,2025-09-08 09:30:00,0.3755463461386369,0.3755463461386369,-437.2455350639868,EXPIRY,risk_current_mature_tp500,NFLX
NFXL,2025-06-23 09:30:00,2025-09-15 09:30:00,2.4763050762987433,0.0,2,66.76,2025-09-15 09:30:00,0.39297824974310525,0.39297824974310525,-495.26101525974866,EXPIRY,risk_current_mature_tp500,NFLX
NFXL,2025-06-30 09:30:00,2025-09-22 09:30:00,2.4723550378450447,0.0,2,75.97,2025-09-22 09:30:00,0.36468468706519325,0.36468468706519325,-494.471007569009,EXPIRY,risk_current_mature_tp500,NFLX
NFXL,2025-07-07 09:30:00,2025-09-29 09:30:00,3.2520122145931616,0.0,1,70.17,2025-09-29 09:30:00,0.44931485846550817,0.44931485846550817,-325.2012214593162,EXPIRY,risk_current_mature_tp500,NFLX
NFXL,2025-07-14 09:30:00,2025-10-06 09:30:00,3.3217512939905944,0.0,1,67.04,2025-10-06 09:30:00,0.468470429519068,0.468470429519068,-332.1751293990594,EXPIRY,risk_current_mature_tp500,NFLX
NFXL,2025-09-15 09:30:00,2025-12-08 09:30:00,2.8883295314684574,0.0,1,58.92,2025-12-08 09:30:00,0.4654755819829601,0.4654755819829601,-288.83295314684574,EXPIRY,risk_current_mature_tp500,NFLX
NFXL,2025-09-22 09:30:00,2025-12-15 09:30:00,3.2212302125703403,0.0,1,61.02,2025-12-15 09:30:00,0.4877423968384646,0.4877423968384646,-322.123021257034,EXPIRY,risk_current_mature_tp500,NFLX
NFXL,2025-09-29 09:30:00,2025-12-22 09:30:00,2.875201745186839,0.0,1,58.81,2025-12-22 09:30:00,0.4647024118751559,0.4647024118751559,-287.5201745186839,EXPIRY,risk_current_mature_tp500,NFLX
NFXL,2025-11-24 09:30:00,2026-02-13 09:30:00,3.7348124104766747,0.0,1,44.53,2026-02-16 09:30:00,0.6693293697766208,0.6693293697766208,-373.4812410476675,EXPIRY,risk_current_mature_tp500,NFLX
NFXL,2025-12-01 09:30:00,2026-02-23 09:30:00,3.9526024807829625,0.0,1,46.0,2026-02-23 09:30:00,0.6815079040259875,0.6815079040259875,-395.26024807829623,EXPIRY,risk_current_mature_tp500,NFLX
NFXL,2025-12-08 09:30:00,2026-03-02 09:30:00,3.83717777708703,0.0,1,36.0,2026-03-02 09:30:00,0.8007223501433042,0.8007223501433042,-383.717777708703,EXPIRY,risk_current_mature_tp500,NFLX
NFXL,2026-02-02 09:30:00,2026-03-02 09:30:00,0.9203916401755388,5.522349841053233,5,25.65,2026-04-27 09:30:00,0.3858453546711115,0.3858453546711115,2300.979100438847,TARGET,risk_current_mature_tp500,NFLX
NFXL,2026-02-09 09:30:00,2026-03-03 09:30:00,1.2330755460002427,7.398453276001456,4,24.7,2026-05-04 09:30:00,0.47075057436994033,0.47075057436994033,2466.1510920004853,TARGET,risk_current_mature_tp500,NFLX
NFXL,2026-02-17 09:30:00,2026-03-02 09:30:00,1.5491640083183675,9.294984049910205,3,21.94,2026-05-12 09:30:00,0.5927845200714331,0.5927845200714331,2323.746012477551,TARGET,risk_current_mature_tp500,NFLX
NFXL,2026-04-06 09:30:00,2026-06-29 09:30:00,2.1113445456735302,0.0,2,34.81,2026-06-29 09:30:00,0.5341687873264318,0.5341687873264318,-422.26890913470606,EXPIRY,risk_current_mature_tp500,NFLX
NFXL,2026-04-13 09:30:00,2026-07-06 09:30:00,2.1542805506893465,0.0,2,37.76,2026-07-06 09:30:00,0.5132981567266472,0.5132981567266472,-430.85611013786934,EXPIRY,risk_current_mature_tp500,NFLX
NFXL,2026-04-20 09:30:00,2026-07-13 09:30:00,3.892663895881398,0.0,1,31.42,2026-07-13 09:30:00,0.9000710334616806,0.9000710334616806,-389.2663895881398,EXPIRY,risk_current_mature_tp500,NFLX
PLTU,2024-12-11 09:30:00,2025-02-04 09:30:00,2.468809961094485,14.81285976656691,2,23.18,2025-03-05 09:30:00,0.8,0.8,2468.8099610944855,TARGET,risk_current_mature_tp500,PLTR
PLTU,2024-12-16 09:30:00,2025-02-06 09:30:00,2.675144040641486,16.050864243848917,1,25.14,2025-03-10 09:30:00,0.8,0.8,1337.5720203207431,TARGET,risk_current_mature_tp500,PLTR
PLTU,2024-12-23 09:30:00,2025-02-07 09:30:00,3.000023129446232,18.000138776677392,1,28.16,2025-03-17 09:30:00,0.8,0.8,1500.011564723116,TARGET,risk_current_mature_tp500,PLTR
PLTU,2024-12-30 09:30:00,2025-02-06 09:30:00,2.7313625984706285,16.38817559082377,1,25.66,2025-03-24 09:30:00,0.8,0.8,1365.6812992353143,TARGET,risk_current_mature_tp500,PLTR
PLTU,2025-01-06 09:30:00,2025-02-04 09:30:00,2.624118408224671,15.744710449348027,1,24.65,2025-03-31 09:30:00,0.8,0.8,1312.0592041123355,TARGET,risk_current_mature_tp500,PLTR
PLTU,2025-04-07 09:30:00,2025-05-14 09:30:00,4.975337712171371,29.85202627302823,1,20.62,2025-06-30 09:30:00,1.5837538933376696,1.5837538933376696,2487.668856085686,TARGET,risk_current_mature_tp500,PLTR
IBX,2026-03-24 09:30:00,2026-06-02 09:30:00,2.7497679018004924,16.498607410802954,1,25.83,2026-06-16 09:30:00,0.8,0.8,1374.8839509002462,TARGET,risk_current_mature_tp500,semiconductors
IBX,2026-03-30 09:30:00,2026-06-01 09:30:00,2.666265264539094,15.997591587234563,1,25.05,2026-06-22 09:30:00,0.8,0.8,1333.132632269547,TARGET,risk_current_mature_tp500,semiconductors
IBX,2026-04-06 09:30:00,2026-06-29 09:30:00,2.864227191550185,1.9399996948242197,1,26.88,2026-06-29 09:30:00,0.8,0.8,-92.42274967259654,EXPIRY,risk_current_mature_tp500,semiconductors
IBX,2026-04-13 09:30:00,2026-06-01 09:30:00,2.6590677995160394,15.954406797096237,1,24.97,2026-07-06 09:30:00,0.8,0.8,1329.5338997580197,TARGET,risk_current_mature_tp500,semiconductors
IBX,2026-04-20 09:30:00,2026-07-13 09:30:00,3.004464213031669,2.9700007629394527,1,28.23,2026-07-13 09:30:00,0.8,0.8,-3.446345009221652,EXPIRY,risk_current_mature_tp500,semiconductors
NVDU,2023-09-13 09:30:00,2023-12-06 09:30:00,2.3863164332438167,0.0,2,22.39,2023-12-06 09:30:00,0.8,0.8,-477.26328664876337,EXPIRY,risk_current_mature_tp500,semiconductors
NVDU,2023-09-18 09:30:00,2023-12-11 09:30:00,2.262745763359531,0.0,2,21.24,2023-12-11 09:30:00,0.8,0.8,-452.5491526719062,EXPIRY,risk_current_mature_tp500,semiconductors
NVDU,2023-09-25 09:30:00,2023-12-18 09:30:00,2.123544562845587,2.8979535675048815,2,19.94,2023-12-18 09:30:00,0.8,0.8,154.88180093185892,EXPIRY,risk_current_mature_tp500,semiconductors
NVDU,2023-10-02 09:30:00,2023-12-22 09:30:00,2.3121268623584923,0.18269683837890227,2,21.73,2023-12-25 09:30:00,0.8,0.8,-425.886004795918,EXPIRY,risk_current_mature_tp500,semiconductors
NVDU,2023-10-09 09:30:00,2023-12-29 09:30:00,2.353893625349391,0.29661384582519545,2,22.09,2024-01-01 09:30:00,0.8,0.8,-411.45595590483913,EXPIRY,risk_current_mature_tp500,semiconductors
NVDU,2023-10-16 09:30:00,2024-01-08 09:30:00,1.0861272060238694,1.5039277648925733,4,22.69,2024-01-08 09:30:00,0.4587062755182608,0.4587062755182608,167.12022354748157,EXPIRY,risk_current_mature_tp500,semiconductors
NVDU,2023-10-23 09:30:00,2024-01-12 09:30:00,1.3397783948584774,5.5846945953369165,3,20.28,2024-01-15 09:30:00,0.5656614496740572,0.5656614496740572,1273.4748601435317,EXPIRY,risk_current_mature_tp500,semiconductors
NVDU,2023-12-11 09:30:00,2024-01-19 09:30:00,1.0114856658424642,6.0689139950547855,4,22.58,2024-03-04 09:30:00,0.4402715801330427,0.4402715801330427,2022.9713316849284,TARGET,risk_current_mature_tp500,semiconductors
NVDU,2023-12-18 09:30:00,2024-01-30 09:30:00,1.2065827254801773,7.239496352881064,4,25.12,2024-03-11 09:30:00,0.45925309759269645,0.45925309759269645,2413.1654509603545,TARGET,risk_current_mature_tp500,semiconductors
NVDU,2023-12-26 09:30:00,2024-01-24 09:30:00,1.1285524204103323,6.771314522461994,4,24.48,2024-03-19 09:30:00,0.44821354083537884,0.44821354083537884,2257.104840820665,TARGET,risk_current_mature_tp500,semiconductors
NVDU,2024-01-02 09:30:00,2024-01-22 09:30:00,1.0691706158762306,6.415023695257384,4,23.64,2024-03-26 09:30:00,0.44290867240359627,0.44290867240359627,2138.341231752461,TARGET,risk_current_mature_tp500,semiconductors
NVDU,2024-01-08 09:30:00,2024-02-05 09:30:00,1.486124711097835,8.91674826658701,3,26.61,2024-04-01 09:30:00,0.5056751373045576,0.5056751373045576,2229.1870666467526,TARGET,risk_current_mature_tp500,semiconductors
NVDU,2024-01-16 09:30:00,2024-02-12 09:30:00,1.6416831175814366,9.85009870548862,3,29.78,2024-04-09 09:30:00,0.5019274385243402,0.5019274385243402,2462.5246763721548,TARGET,risk_current_mature_tp500,semiconductors
NVDU,2024-01-22 09:30:00,2024-02-22 09:30:00,1.6788518409059616,10.07311104543577,2,32.34,2024-04-15 09:30:00,0.4826539255750827,0.4826539255750827,1678.8518409059616,TARGET,risk_current_mature_tp500,semiconductors
NVDU,2024-01-29 09:30:00,2024-02-23 09:30:00,1.8825231015431871,11.295138609259123,2,34.57,2024-04-22 09:30:00,0.49797329976894716,0.49797329976894716,1882.523101543187,TARGET,risk_current_mature_tp500,semiconductors
NVDU,2024-02-05 09:30:00,2024-03-07 09:30:00,2.3770791132121136,14.262474679272682,2,40.33,2024-04-29 09:30:00,0.524410139941045,0.524410139941045,2377.0791132121135,TARGET,risk_current_mature_tp500,semiconductors
NVDU,2024-02-12 09:30:00,2024-03-08 09:30:00,2.4015894711630352,14.409536826978211,2,42.84,2024-05-06 09:30:00,0.5069609924139884,0.5069609924139884,2401.5894711630353,TARGET,risk_current_mature_tp500,semiconductors
NVDU,2024-02-20 09:30:00,2024-03-07 09:30:00,2.6728378398060997,16.037027038836598,1,40.3,2024-05-14 09:30:00,0.5675728106698029,0.5675728106698029,1336.4189199030498,TARGET,risk_current_mature_tp500,semiconductors
NVDU,2024-04-08 09:30:00,2024-05-28 09:30:00,4.065829360580324,24.394976163481942,1,54.21,2024-07-01 09:30:00,0.6183041904182376,0.6183041904182376,2032.9146802901619,TARGET,risk_current_mature_tp500,semiconductors
NVDU,2024-04-15 09:30:00,2024-05-28 09:30:00,3.988413284222222,23.930479705333333,1,52.41,2024-07-08 09:30:00,0.6247373182461419,0.6247373182461419,1994.206642111111,TARGET,risk_current_mature_tp500,semiconductors
GGLL,2023-08-07 09:30:00,2023-10-30 09:30:00,1.6165671654200757,0.0,3,30.01,2023-10-30 09:30:00,0.4943378938757257,0.4943378938757257,-484.97014962602276,EXPIRY,risk_current_mature_tp500,GOOGL
GGLL,2023-08-14 09:30:00,2023-11-06 09:30:00,1.365037140863551,0.0,3,29.86,2023-11-06 09:30:00,0.4454274208849652,0.4454274208849652,-409.5111422590653,EXPIRY,risk_current_mature_tp500,GOOGL
GGLL,2023-08-21 09:30:00,2023-11-13 09:30:00,1.2671689933693262,0.0,3,28.82,2023-11-13 09:30:00,0.43509371605524,0.43509371605524,-380.15069801079784,EXPIRY,risk_current_mature_tp500,GOOGL
GGLL,2023-08-28 09:30:00,2023-11-20 09:30:00,0.8287663751933083,0.0,6,29.68,2023-11-20 09:30:00,0.33517057342259543,0.33517057342259543,-497.259825115985,EXPIRY,risk_current_mature_tp500,GOOGL
GGLL,2023-09-05 09:30:00,2023-11-28 09:30:00,0.7359217251146966,0.0,6,31.26,2023-11-28 09:30:00,0.30702308156118435,0.30702308156118435,-441.55303506881796,EXPIRY,risk_current_mature_tp500,GOOGL
GGLL,2023-09-11 09:30:00,2023-12-04 09:30:00,0.7258152296589966,0.0,6,31.61,2023-12-04 09:30:00,0.3029430312236434,0.3029430312236434,-435.489137795398,EXPIRY,risk_current_mature_tp500,GOOGL
GGLL,2023-09-18 09:30:00,2023-12-11 09:30:00,0.5742158599983416,0.0,8,31.98,2023-12-11 09:30:00,0.26928634353258896,0.26928634353258896,-459.37268799867326,EXPIRY,risk_current_mature_tp500,GOOGL
GGLL,2023-09-25 09:30:00,2023-12-18 09:30:00,0.7017679211675798,0.0,7,29.49,2023-12-18 09:30:00,0.3084018930329961,0.3084018930329961,-491.2375448173059,EXPIRY,risk_current_mature_tp500,GOOGL
GGLL,2023-11-13 09:30:00,2024-02-05 09:30:00,2.140286261626928,0.2782207489013686,2,29.4,2024-02-05 09:30:00,0.6050634967300668,0.6050634967300668,-372.4131025451118,EXPIRY,risk_current_mature_tp500,GOOGL
GGLL,2023-11-20 09:30:00,2024-02-12 09:30:00,2.281451444300849,0.04816909790039148,2,30.79,2024-02-12 09:30:00,0.6129633773993289,0.6129633773993289,-446.6564692800915,EXPIRY,risk_current_mature_tp500,GOOGL
GGLL,2023-11-27 09:30:00,2024-02-16 09:30:00,0.46975799224883197,0.0,10,30.78,2024-02-19 09:30:00,0.25,0.25,-469.75799224883195,EXPIRY,risk_current_mature_tp500,GOOGL
GGLL,2023-12-04 09:30:00,2024-01-24 09:30:00,0.5911303750408736,3.5467822502452417,8,28.33,2024-02-26 09:30:00,0.28872494301250246,0.28872494301250246,2364.5215001634947,TARGET,risk_current_mature_tp500,GOOGL
GGLL,2023-12-11 09:30:00,2024-03-04 09:30:00,1.15350414373831,0.0,4,29.6,2024-03-04 09:30:00,0.4043887819025814,0.4043887819025814,-461.401657495324,EXPIRY,risk_current_mature_tp500,GOOGL
GGLL,2023-12-18 09:30:00,2024-03-11 09:30:00,1.1855085814988549,0.0,4,30.37,2024-03-11 09:30:00,0.4046655669319841,0.4046655669319841,-474.20343259954194,EXPIRY,risk_current_mature_tp500,GOOGL
GGLL,2023-12-26 09:30:00,2024-03-19 09:30:00,1.259276557597385,0.0,3,32.3,2024-03-19 09:30:00,0.4047805006278905,0.4047805006278905,-377.7829672792155,EXPIRY,risk_current_mature_tp500,GOOGL
GGLL,2024-01-02 09:30:00,2024-03-26 09:30:00,1.119499120858583,0.3960365295410142,4,31.1,2024-03-26 09:30:00,0.38612961263368784,0.38612961263368784,-289.3850365270275,EXPIRY,risk_current_mature_tp500,GOOGL
GGLL,2024-01-08 09:30:00,2024-04-01 09:30:00,0.6099673809391497,1.6954917907714844,8,31.25,2024-04-01 09:30:00,0.2798375385890892,0.2798375385890892,868.4195278658677,EXPIRY,risk_current_mature_tp500,GOOGL
GGLL,2024-01-16 09:30:00,2024-04-09 09:30:00,0.5410603955626874,0.8427835083007835,9,32.44,2024-04-09 09:30:00,0.26027148063625705,0.26027148063625705,271.55080146428656,EXPIRY,risk_current_mature_tp500,GOOGL
GGLL,2024-01-22 09:30:00,2024-04-15 09:30:00,0.5540374655402651,0.0,9,33.6,2024-04-15 09:30:00,0.2586093973018939,0.2586093973018939,-498.6337189862386,EXPIRY,risk_current_mature_tp500,GOOGL
GGLL,2024-01-29 09:30:00,2024-04-22 09:30:00,0.6341834699918785,0.0,7,36.2,2024-04-22 09:30:00,0.26579923815782713,0.26579923815782713,-443.9284289943149,EXPIRY,risk_current_mature_tp500,GOOGL
GGLL,2024-02-05 09:30:00,2024-04-29 09:30:00,1.749538654816666,4.142476654052736,2,32.65,2024-04-29 09:30:00,0.49278544741000074,0.49278544741000074,478.58759984721394,EXPIRY,risk_current_mature_tp500,GOOGL
GGLL,2024-02-12 09:30:00,2024-05-06 09:30:00,1.8012598561755535,3.629106597900389,2,33.92,2024-05-06 09:30:00,0.4895379717591235,0.4895379717591235,365.56934834496707,EXPIRY,risk_current_mature_tp500,GOOGL
GGLL,2024-04-15 09:30:00,2024-07-05 09:30:00,1.7747212289269996,10.648327373561997,2,35.71,2024-07-08 09:30:00,0.4694536712632072,0.4694536712632072,1774.7212289269996,TARGET,risk_current_mature_tp500,GOOGL
GGLL,2024-04-22 09:30:00,2024-06-27 09:30:00,1.4870818462046245,8.922491077227747,3,36.3,2024-07-15 09:30:00,0.41669047135169945,0.41669047135169945,2230.622769306937,TARGET,risk_current_mature_tp500,GOOGL
GGLL,2024-04-29 09:30:00,2024-07-22 09:30:00,4.808916286151314,2.26430633544922,1,40.47,2024-07-22 09:30:00,0.8708113902400595,0.8708113902400595,-254.46099507020944,EXPIRY,risk_current_mature_tp500,GOOGL
GGLL,2024-05-06 09:30:00,2024-07-29 09:30:00,4.78600782056558,0.0,1,41.3,2024-07-29 09:30:00,0.8537563770008927,0.8537563770008927,-478.60078205655793,EXPIRY,risk_current_mature_tp500,GOOGL
GGLL,2024-05-13 09:30:00,2024-08-05 09:30:00,4.7091773483704,0.0,1,41.74,2024-08-05 09:30:00,0.8367001471394772,0.8367001471394772,-470.91773483704,EXPIRY,risk_current_mature_tp500,GOOGL
GGLL,2024-05-28 09:30:00,2024-08-20 09:30:00,1.259684252455985,0.0,3,45.15,2024-08-20 09:30:00,0.33504599169509897,0.33504599169509897,-377.9052757367955,EXPIRY,risk_current_mature_tp500,GOOGL
GGLL,2024-06-03 09:30:00,2024-08-26 09:30:00,1.117434710327311,0.0,4,43.42,2024-08-26 09:30:00,0.3212651962798726,0.3212651962798726,-446.9738841309244,EXPIRY,risk_current_mature_tp500,GOOGL
GGLL,2024-06-10 09:30:00,2024-08-30 09:30:00,1.0185361445631091,0.0,4,44.41,2024-09-02 09:30:00,0.3027654530889397,0.3027654530889397,-407.41445782524363,EXPIRY,risk_current_mature_tp500,GOOGL
GGLL,2024-06-17 09:30:00,2024-09-09 09:30:00,1.0687531962479788,0.0,4,45.4,2024-09-09 09:30:00,0.30706657455363634,0.30706657455363634,-427.5012784991915,EXPIRY,risk_current_mature_tp500,GOOGL
GGLL,2024-06-24 09:30:00,2024-09-16 09:30:00,1.1203322745192086,0.0,4,46.32,2024-09-16 09:30:00,0.3112204287433514,0.3112204287433514,-448.1329098076834,EXPIRY,risk_current_mature_tp500,GOOGL
GGLL,2024-07-01 09:30:00,2024-09-23 09:30:00,1.4325330165656904,0.0,3,48.11,2024-09-23 09:30:00,0.34726756034078976,0.34726756034078976,-429.7599049697071,EXPIRY,risk_current_mature_tp500,GOOGL
GGLL,2024-07-08 09:30:00,2024-09-30 09:30:00,1.9197716249426016,0.0,2,51.21,2024-09-30 09:30:00,0.3954155838097434,0.3954155838097434,-383.9543249885203,EXPIRY,risk_current_mature_tp500,GOOGL
GGLL,2024-07-15 09:30:00,2024-10-07 09:30:00,2.1564144227310127,0.0,2,49.71,2024-10-07 09:30:00,0.43117157071572687,0.43117157071572687,-431.2828845462025,EXPIRY,risk_current_mature_tp500,GOOGL
GGLL,2024-07-22 09:30:00,2024-10-14 09:30:00,2.431377783868511,0.0,2,47.01,2024-10-14 09:30:00,0.481539340880089,0.481539340880089,-486.2755567737022,EXPIRY,risk_current_mature_tp500,GOOGL
GGLL,2024-09-23 09:30:00,2024-12-16 09:30:00,2.1244453559766328,10.511021728515622,2,36.13,2024-12-16 09:30:00,0.5234162947826723,0.5234162947826723,1677.315274507798,EXPIRY,risk_current_mature_tp500,GOOGL
GGLL,2024-09-30 09:30:00,2024-12-23 09:30:00,2.2129269776665677,7.586858367919923,2,37.9,2024-12-23 09:30:00,0.5211486473503747,0.5211486473503747,1074.7862780506712,EXPIRY,risk_current_mature_tp500,GOOGL
GGLL,2024-10-07 09:30:00,2024-12-11 09:30:00,1.0459686038807678,6.275811623284607,4,36.52,2024-12-30 09:30:00,0.3397770213550586,0.3397770213550586,2091.937207761536,TARGET,risk_current_mature_tp500,GOOGL
GGLL,2024-10-14 09:30:00,2024-12-11 09:30:00,0.9105171296660153,5.463102777996092,5,37.33,2025-01-06 09:30:00,0.3126088923736132,0.3126088923736132,2276.2928241650384,TARGET,risk_current_mature_tp500,GOOGL
GGLL,2024-10-21 09:30:00,2024-12-10 09:30:00,0.8232880244787832,4.9397281468726995,6,36.85,2025-01-13 09:30:00,0.29895392093625894,0.29895392093625894,2469.86407343635,TARGET,risk_current_mature_tp500,GOOGL
GGLL,2024-10-28 09:30:00,2024-12-11 09:30:00,0.9886252372754019,5.931751423652411,5,37.96,2025-01-20 09:30:00,0.3233722995913956,0.3233722995913956,2471.563093188505,TARGET,risk_current_mature_tp500,GOOGL
GGLL,2024-11-04 09:30:00,2024-12-16 09:30:00,1.410140239048756,8.460841434292536,3,38.93,2025-01-27 09:30:00,0.38739116920714917,0.38739116920714917,2115.210358573134,TARGET,risk_current_mature_tp500,GOOGL
GGLL,2024-11-11 09:30:00,2025-02-03 09:30:00,2.328090246626001,3.5940739440917966,2,44.07,2025-02-03 09:30:00,0.48808165313229884,0.48808165313229884,253.19673949315913,EXPIRY,risk_current_mature_tp500,GOOGL
GGLL,2024-11-18 09:30:00,2025-02-10 09:30:00,2.6118948152814294,0.0,1,41.5,2025-02-10 09:30:00,0.5479266073807074,0.5479266073807074,-261.18948152814295,EXPIRY,risk_current_mature_tp500,GOOGL
GGLL,2024-11-25 09:30:00,2025-02-14 09:30:00,3.1930838842343636,2.0879800415039114,1,37.74,2025-02-17 09:30:00,0.6735859146162961,0.6735859146162961,-110.51038427304522,EXPIRY,risk_current_mature_tp500,GOOGL
GGLL,2025-01-13 09:30:00,2025-04-07 09:30:00,2.814283991565558,0.0,1,47.77,2025-04-07 09:30:00,0.5238313702341659,0.5238313702341659,-281.4283991565558,EXPIRY,risk_current_mature_tp500,GOOGL
GGLL,2025-01-21 09:30:00,2025-04-15 09:30:00,2.2265923684436952,0.0,2,51.2,2025-04-15 09:30:00,0.4319378660081689,0.4319378660081689,-445.31847368873906,EXPIRY,risk_current_mature_tp500,GOOGL
GGLL,2025-01-27 09:30:00,2025-04-21 09:30:00,2.7070724609146133,0.0,1,47.83,2025-04-21 09:30:00,0.5105434374321741,0.5105434374321741,-270.70724609146134,EXPIRY,risk_current_mature_tp500,GOOGL
GGLL,2025-02-03 09:30:00,2025-04-28 09:30:00,3.4156933761150086,0.0,1,52.43,2025-04-28 09:30:00,0.560664544027045,0.560664544027045,-341.5693376115008,EXPIRY,risk_current_mature_tp500,GOOGL
GGLL,2025-02-10 09:30:00,2025-05-05 09:30:00,4.696567542937949,0.0,1,44.49,2025-05-05 09:30:00,0.7945549603996237,0.7945549603996237,-469.65675429379485,EXPIRY,risk_current_mature_tp500,GOOGL
GGLL,2025-04-14 09:30:00,2025-07-07 09:30:00,4.534024642149708,2.1832313537597656,1,31.0,2025-07-07 09:30:00,1.0286261067996967,1.0286261067996967,-235.07932883899426,EXPIRY,risk_current_mature_tp500,GOOGL
GGLL,2025-04-21 09:30:00,2025-07-14 09:30:00,3.890286195032008,8.33620849609375,1,26.59,2025-07-14 09:30:00,1.0294408811162035,1.0294408811162035,444.5922301061742,EXPIRY,risk_current_mature_tp500,GOOGL
GGLL,2025-04-28 09:30:00,2025-07-21 09:30:00,4.316073044849684,6.892146759033203,1,31.32,2025-07-21 09:30:00,0.9797830240471557,0.9797830240471557,257.6073714183519,EXPIRY,risk_current_mature_tp500,GOOGL
GGLL,2025-05-05 09:30:00,2025-07-28 09:30:00,3.9990914752925857,6.390300598144535,1,32.66,2025-07-28 09:30:00,0.8914664080641668,0.8914664080641668,239.1209122851949,EXPIRY,risk_current_mature_tp500,GOOGL
GGLL,2025-05-12 09:30:00,2025-08-04 09:30:00,3.1268576093432596,9.837030334472658,1,30.08,2025-08-04 09:30:00,0.7856988521893891,0.7856988521893891,671.0172725129398,EXPIRY,risk_current_mature_tp500,GOOGL
GGLL,2025-05-19 09:30:00,2025-08-11 09:30:00,3.304735565656605,9.218627624511718,1,33.07,2025-08-11 09:30:00,0.7623771219421945,0.7623771219421945,591.3892058855114,EXPIRY,risk_current_mature_tp500,GOOGL
GGLL,2025-05-27 09:30:00,2025-08-19 09:30:00,3.6193074751975924,6.911009521484374,1,35.53,2025-08-19 09:30:00,0.7733508045477852,0.7733508045477852,329.17020462867816,EXPIRY,risk_current_mature_tp500,GOOGL
GGLL,2025-06-02 09:30:00,2025-08-25 09:30:00,3.4250434154710483,11.41835510253906,1,33.88,2025-08-25 09:30:00,0.7690377076651025,0.7690377076651025,799.3311687068011,EXPIRY,risk_current_mature_tp500,GOOGL
GGLL,2025-06-09 09:30:00,2025-08-29 09:30:00,2.417437378396672,10.437052307128909,2,36.69,2025-09-01 09:30:00,0.5647633043602506,0.5647633043602506,1603.9229857464472,EXPIRY,risk_current_mature_tp500,GOOGL
GGLL,2025-06-16 09:30:00,2025-09-03 09:30:00,1.897101417949603,11.382608507697618,2,36.91,2025-09-08 09:30:00,0.4793795846123527,0.4793795846123527,1897.101417949603,TARGET,risk_current_mature_tp500,GOOGL
GGLL,2025-06-23 09:30:00,2025-08-12 09:30:00,1.8683013152883454,11.209807891730073,2,32.09,2025-09-15 09:30:00,0.5198427556732296,0.5198427556732296,1868.3013152883454,TARGET,risk_current_mature_tp500,GOOGL
GGLL,2025-06-30 09:30:00,2025-09-03 09:30:00,2.3894828836558943,14.336897301935366,2,36.41,2025-09-22 09:30:00,0.5636621794309614,0.5636621794309614,2389.4828836558945,TARGET,risk_current_mature_tp500,GOOGL
GGLL,2025-07-07 09:30:00,2025-09-03 09:30:00,2.3302640303047646,13.981584181828588,2,36.5,2025-09-29 09:30:00,0.5529424769769063,0.5529424769769063,2330.2640303047647,TARGET,risk_current_mature_tp500,GOOGL
GGLL,2025-07-14 09:30:00,2025-09-03 09:30:00,2.164002527109707,12.984015162658242,2,38.42,2025-10-06 09:30:00,0.5088329220726188,0.5088329220726188,2164.002527109707,TARGET,risk_current_mature_tp500,GOOGL
GGLL,2025-07-21 09:30:00,2025-09-03 09:30:00,1.6327073633577935,9.796244180146761,3,42.03,2025-10-13 09:30:00,0.4035816537030153,0.4035816537030153,2449.0610450366903,TARGET,risk_current_mature_tp500,GOOGL
GGLL,2025-07-28 09:30:00,2025-09-03 09:30:00,1.160122192324092,6.9607331539445525,4,42.96,2025-10-20 09:30:00,0.329679392160626,0.329679392160626,2320.244384648184,TARGET,risk_current_mature_tp500,GOOGL
GGLL,2025-08-04 09:30:00,2025-09-03 09:30:00,1.8189401167205403,10.913640700323242,2,43.91,2025-10-27 09:30:00,0.4195491362081734,0.4195491362081734,1818.9401167205403,TARGET,risk_current_mature_tp500,GOOGL
GGLL,2025-08-11 09:30:00,2025-09-08 09:30:00,1.948251927784618,11.689511566707708,2,46.52,2025-11-03 09:30:00,0.42237196707631564,0.42237196707631564,1948.251927784618,TARGET,risk_current_mature_tp500,GOOGL
GGLL,2025-08-18 09:30:00,2025-09-08 09:30:00,1.8200082193319567,10.92004931599174,2,47.59,2025-11-10 09:30:00,0.4002055270234293,0.4002055270234293,1820.0082193319568,TARGET,risk_current_mature_tp500,GOOGL
GGLL,2025-08-25 09:30:00,2025-09-15 09:30:00,2.445858740275172,14.675152441651033,2,49.83,2025-11-17 09:30:00,0.46577356273974385,0.46577356273974385,2445.8587402751723,TARGET,risk_current_mature_tp500,GOOGL
GGLL,2025-09-02 09:30:00,2025-09-10 09:30:00,1.6733413989291517,10.04004839357491,2,51.05,2025-11-25 09:30:00,0.36600332788299605,0.36600332788299605,1673.3413989291516,TARGET,risk_current_mature_tp500,GOOGL
GGLL,2025-10-06 09:30:00,2025-11-19 09:30:00,3.245593763647438,19.47356258188463,1,70.43,2025-12-29 09:30:00,0.4477230053390281,0.4477230053390281,1622.796881823719,TARGET,risk_current_mature_tp500,GOOGL
GGLL,2025-10-13 09:30:00,2025-10-30 09:30:00,2.696707565533842,16.18024539320305,1,66.67,2026-01-05 09:30:00,0.41358439768521993,0.41358439768521993,1348.353782766921,TARGET,risk_current_mature_tp500,GOOGL
GGLL,2025-10-20 09:30:00,2025-11-20 09:30:00,3.311463254801449,19.868779528808695,1,73.45,2026-01-12 09:30:00,0.4416297158649787,0.4416297158649787,1655.7316274007246,TARGET,risk_current_mature_tp500,GOOGL
GGLL,2025-10-27 09:30:00,2026-01-13 09:30:00,4.909606291001413,29.45763774600848,1,80.66,2026-01-19 09:30:00,0.5356916351289274,0.5356916351289274,2454.8031455007067,TARGET,risk_current_mature_tp500,GOOGL
GGLL,2026-01-05 09:30:00,2026-03-30 09:30:00,4.812218762451131,0.0,1,107.68,2026-03-30 09:30:00,0.43919757960050215,0.43919757960050215,-481.2218762451131,EXPIRY,risk_current_mature_tp500,GOOGL
GGLL,2026-01-12 09:30:00,2026-04-06 09:30:00,4.477753053826007,0.0,1,117.95,2026-04-06 09:30:00,0.3983955459718805,0.3983955459718805,-447.77530538260066,EXPIRY,risk_current_mature_tp500,GOOGL
GGLL,2026-01-20 09:30:00,2026-04-14 09:30:00,3.3048445743074737,0.0,1,110.78,2026-04-14 09:30:00,0.3475311268521615,0.3475311268521615,-330.4844574307474,EXPIRY,risk_current_mature_tp500,GOOGL
GGLL,2026-01-26 09:30:00,2026-04-20 09:30:00,3.8562779484359524,0.0,1,118.25,2026-04-20 09:30:00,0.36510769560495615,0.36510769560495615,-385.6277948435952,EXPIRY,risk_current_mature_tp500,GOOGL
GGLL,2026-02-02 09:30:00,2026-04-27 09:30:00,4.163327918872426,0.0,1,125.76,2026-04-27 09:30:00,0.3681894046968155,0.3681894046968155,-416.3327918872426,EXPIRY,risk_current_mature_tp500,GOOGL
GGLL,2026-02-09 09:30:00,2026-05-04 09:30:00,4.509990463027329,23.555230102539056,1,111.29,2026-05-04 09:30:00,0.41394691630877145,0.41394691630877145,1904.5239639511728,EXPIRY,risk_current_mature_tp500,GOOGL
AMZU,2023-08-07 09:30:00,2023-10-30 09:30:00,1.7856571092876994,0.0,2,25.17,2023-10-30 09:30:00,0.594645217543569,0.594645217543569,-357.13142185753986,EXPIRY,risk_current_mature_tp500,AMZN
AMZU,2023-08-14 09:30:00,2023-11-06 09:30:00,1.7579114023907794,0.0,2,24.71,2023-11-06 09:30:00,0.5957082391913103,0.5957082391913103,-351.5822804781559,EXPIRY,risk_current_mature_tp500,AMZN
AMZU,2023-08-21 09:30:00,2023-11-13 09:30:00,1.5439423613466259,0.0,3,23.09,2023-11-13 09:30:00,0.5703662668804959,0.5703662668804959,-463.1827084039877,EXPIRY,risk_current_mature_tp500,AMZN
AMZU,2023-10-09 09:30:00,2023-12-29 09:30:00,1.0951445471321204,3.082018432617186,4,21.19,2024-01-01 09:30:00,0.4810076537955581,0.4810076537955581,794.7495541940264,EXPIRY,risk_current_mature_tp500,AMZN
AMZU,2023-10-16 09:30:00,2024-01-08 09:30:00,1.1421394344295122,1.3694802093505807,4,22.17,2024-01-08 09:30:00,0.4798759741762259,0.4798759741762259,90.93630996842741,EXPIRY,risk_current_mature_tp500,AMZN
AMZU,2023-10-23 09:30:00,2024-01-12 09:30:00,0.9262528064498792,4.15695556640625,5,20.66,2024-01-15 09:30:00,0.4399803144216362,0.4399803144216362,1615.3513799781854,EXPIRY,risk_current_mature_tp500,AMZN
AMZU,2023-10-30 09:30:00,2024-01-22 09:30:00,1.7685267906614799,2.7001573181152345,2,22.09,2024-01-22 09:30:00,0.6478431532334904,0.6478431532334904,186.32610549075093,EXPIRY,risk_current_mature_tp500,AMZN
AMZU,2023-11-06 09:30:00,2024-01-29 09:30:00,1.7987035764326045,2.553498458862304,2,23.8,2024-01-29 09:30:00,0.6214939059078023,0.6214939059078023,150.9589764859399,EXPIRY,risk_current_mature_tp500,AMZN
AMZU,2023-11-13 09:30:00,2024-02-05 09:30:00,1.854637150130455,3.967514724731444,2,24.53,2024-02-05 09:30:00,0.6215396502428023,0.6215396502428023,422.5755149201978,EXPIRY,risk_current_mature_tp500,AMZN
AMZU,2023-11-20 09:30:00,2024-02-12 09:30:00,1.7820411744419218,3.573113555908204,2,25.38,2024-02-12 09:30:00,0.5906982822821212,0.5906982822821212,358.21447629325644,EXPIRY,risk_current_mature_tp500,AMZN
AMZU,2023-11-27 09:30:00,2024-02-16 09:30:00,0.8124522329554411,2.3848411560058587,6,25.8,2024-02-19 09:30:00,0.3579218715267727,0.3579218715267727,943.4333538302506,EXPIRY,risk_current_mature_tp500,AMZN
AMZU,2023-12-04 09:30:00,2024-02-02 09:30:00,0.5852155463080786,3.5112932778484716,8,25.02,2024-02-26 09:30:00,0.305717201418015,0.305717201418015,2340.8621852323145,TARGET,risk_current_mature_tp500,AMZN
AMZU,2023-12-11 09:30:00,2024-02-02 09:30:00,0.5375205088875736,3.225123053325442,9,25.24,2024-03-04 09:30:00,0.29170212113483435,0.29170212113483435,2418.8422899940815,TARGET,risk_current_mature_tp500,AMZN
AMZU,2023-12-18 09:30:00,2024-03-11 09:30:00,0.6126211099752767,1.3651139068603513,8,27.32,2024-03-11 09:30:00,0.29947429071463205,0.29947429071463205,601.9942375080597,EXPIRY,risk_current_mature_tp500,AMZN
AMZU,2023-12-26 09:30:00,2024-03-01 09:30:00,0.5357717663883443,3.214630598330066,9,27.11,2024-03-19 09:30:00,0.2814084094564292,0.2814084094564292,2410.9729487475493,TARGET,risk_current_mature_tp500,AMZN
AMZU,2024-01-02 09:30:00,2024-02-09 09:30:00,0.5604031794706383,3.36241907682383,8,26.13,2024-03-26 09:30:00,0.2929849801352361,0.2929849801352361,2241.612717882553,TARGET,risk_current_mature_tp500,AMZN
AMZU,2024-02-20 09:30:00,2024-05-14 09:30:00,1.836745158507327,1.877082977294922,2,30.34,2024-05-14 09:30:00,0.5332676646117185,0.5332676646117185,8.067563757519025,EXPIRY,risk_current_mature_tp500,AMZN
AMZU,2024-02-26 09:30:00,2024-05-20 09:30:00,2.109909251864993,0.0,2,32.39,2024-05-20 09:30:00,0.5607214496949173,0.5607214496949173,-421.98185037299857,EXPIRY,risk_current_mature_tp500,AMZN
AMZU,2024-03-04 09:30:00,2024-05-24 09:30:00,0.9649705996737854,0.0,5,33.17,2024-05-27 09:30:00,0.3431312764092924,0.3431312764092924,-482.48529983689264,EXPIRY,risk_current_mature_tp500,AMZN
AMZU,2024-03-11 09:30:00,2024-06-03 09:30:00,0.9681124454233085,0.0,5,31.55,2024-06-03 09:30:00,0.35275794684653905,0.35275794684653905,-484.0562227116543,EXPIRY,risk_current_mature_tp500,AMZN
AMZU,2024-03-18 09:30:00,2024-06-10 09:30:00,1.0432125682876663,0.0,4,32.15,2024-06-10 09:30:00,0.363900535450014,0.363900535450014,-417.2850273150665,EXPIRY,risk_current_mature_tp500,AMZN
AMZU,2024-03-25 09:30:00,2024-06-17 09:30:00,0.7916701744664856,0.0,6,33.62,2024-06-17 09:30:00,0.30698634415723663,0.30698634415723663,-475.0021046798913,EXPIRY,risk_current_mature_tp500,AMZN
AMZU,2024-04-01 09:30:00,2024-06-24 09:30:00,0.6966211163132847,0.0,7,33.92,2024-06-24 09:30:00,0.28702546871922036,0.28702546871922036,-487.6347814192993,EXPIRY,risk_current_mature_tp500,AMZN
AMZU,2024-04-08 09:30:00,2024-07-01 09:30:00,0.927632432730384,0.0,5,35.48,2024-07-01 09:30:00,0.32400569385295175,0.32400569385295175,-463.81621636519196,EXPIRY,risk_current_mature_tp500,AMZN
AMZU,2024-04-15 09:30:00,2024-07-08 09:30:00,0.8396705006152381,1.0703967285156253,5,34.68,2024-07-08 09:30:00,0.31144831891209085,0.31144831891209085,115.36311395019361,EXPIRY,risk_current_mature_tp500,AMZN
AMZU,2024-06-10 09:30:00,2024-08-30 09:30:00,0.899666634112334,0.0,5,35.08,2024-09-02 09:30:00,0.32053648441494714,0.32053648441494714,-449.83331705616706,EXPIRY,risk_current_mature_tp500,AMZN
AMZU,2024-06-17 09:30:00,2024-09-09 09:30:00,0.8961965237223257,0.0,5,33.87,2024-09-09 09:30:00,0.3261678622672442,0.3261678622672442,-448.0982618611628,EXPIRY,risk_current_mature_tp500,AMZN
AMZU,2024-06-24 09:30:00,2024-09-16 09:30:00,1.2160439073514606,0.0,4,34.36,2024-09-16 09:30:00,0.3824005808450584,0.3824005808450584,-486.4175629405843,EXPIRY,risk_current_mature_tp500,AMZN
AMZU,2024-07-01 09:30:00,2024-09-23 09:30:00,2.0333269315787756,0.0,2,38.63,2024-09-23 09:30:00,0.48699670744936446,0.48699670744936446,-406.66538631575514,EXPIRY,risk_current_mature_tp500,AMZN
AMZU,2024-07-08 09:30:00,2024-09-30 09:30:00,2.1457769955910173,0.0,2,39.33,2024-09-30 09:30:00,0.49855364963759763,0.49855364963759763,-429.1553991182035,EXPIRY,risk_current_mature_tp500,AMZN
AMZU,2024-07-15 09:30:00,2024-10-07 09:30:00,2.0849569721616383,0.0,2,36.67,2024-10-07 09:30:00,0.5122002208255384,0.5122002208255384,-416.99139443232764,EXPIRY,risk_current_mature_tp500,AMZN
AMZU,2024-09-16 09:30:00,2024-12-09 09:30:00,2.3455838686202135,9.708805541992184,2,32.27,2024-12-09 09:30:00,0.6045999043114297,0.6045999043114297,1472.6443346743943,EXPIRY,risk_current_mature_tp500,AMZN
AMZU,2024-09-23 09:30:00,2024-12-16 09:30:00,2.505082195350237,9.001529541015628,1,35.41,2024-12-16 09:30:00,0.5934006008614912,0.5934006008614912,649.6447345665391,EXPIRY,risk_current_mature_tp500,AMZN
AMZU,2024-09-30 09:30:00,2024-12-23 09:30:00,2.038404331770286,8.65266647338867,2,32.6,2024-12-23 09:30:00,0.5456617810692919,0.5456617810692919,1322.852428323677,EXPIRY,risk_current_mature_tp500,AMZN
AMZU,2024-10-07 09:30:00,2024-12-05 09:30:00,1.6079871194873867,9.64792271692432,3,30.62,2024-12-30 09:30:00,0.486139932654558,0.486139932654558,2411.98067923108,TARGET,risk_current_mature_tp500,AMZN
AMZU,2024-11-25 09:30:00,2025-02-14 09:30:00,3.7662900499488643,4.591650543212893,1,36.94,2025-02-17 09:30:00,0.7738253007641609,0.7738253007641609,82.53604932640286,EXPIRY,risk_current_mature_tp500,AMZN
AMZU,2024-12-02 09:30:00,2025-02-24 09:30:00,3.0875825779211397,0.0,1,40.26,2025-02-24 09:30:00,0.6281186097209331,0.6281186097209331,-308.75825779211397,EXPIRY,risk_current_mature_tp500,AMZN
AMZU,2024-12-09 09:30:00,2025-03-03 09:30:00,3.2875267021831025,0.0,1,46.18,2025-03-03 09:30:00,0.5961442122123045,0.5961442122123045,-328.75267021831024,EXPIRY,risk_current_mature_tp500,AMZN
AMZU,2024-12-16 09:30:00,2025-03-10 09:30:00,2.599254700870997,0.0,1,48.85,2025-03-10 09:30:00,0.49017402911353,0.49017402911353,-259.9254700870997,EXPIRY,risk_current_mature_tp500,AMZN
AMZU,2024-12-23 09:30:00,2025-03-17 09:30:00,3.075268586331937,0.0,1,45.38,2025-03-17 09:30:00,0.5761122058271241,0.5761122058271241,-307.5268586331937,EXPIRY,risk_current_mature_tp500,AMZN
AMZU,2024-12-30 09:30:00,2025-03-24 09:30:00,2.8666677399793876,0.0,1,43.7,2025-03-24 09:30:00,0.5633117347260524,0.5633117347260524,-286.6667739979388,EXPIRY,risk_current_mature_tp500,AMZN
AMZU,2025-02-24 09:30:00,2025-05-19 09:30:00,2.2328863437801587,0.0,2,39.41,2025-05-19 09:30:00,0.5105065083197701,0.5105065083197701,-446.57726875603174,EXPIRY,risk_current_mature_tp500,AMZN
AMZU,2025-03-03 09:30:00,2025-05-23 09:30:00,2.396128652554042,0.0,2,36.45,2025-05-26 09:30:00,0.5642866356846443,0.5642866356846443,-479.2257305108084,EXPIRY,risk_current_mature_tp500,AMZN
AMZU,2025-03-10 09:30:00,2025-06-02 09:30:00,1.986409218565102,0.0,2,32.69,2025-06-02 09:30:00,0.5347301999254523,0.5347301999254523,-397.2818437130204,EXPIRY,risk_current_mature_tp500,AMZN
AMZU,2025-05-05 09:30:00,2025-07-28 09:30:00,4.773375696570101,10.353910980224608,1,28.19,2025-07-28 09:30:00,1.1616378667199663,1.1616378667199663,558.0535283654507,EXPIRY,risk_current_mature_tp500,AMZN
AMZU,2025-05-12 09:30:00,2025-08-04 09:30:00,4.2313319908246285,0.0,1,35.1,2025-08-04 09:30:00,0.8810674804887364,0.8810674804887364,-423.13319908246285,EXPIRY,risk_current_mature_tp500,AMZN
AMZU,2025-05-19 09:30:00,2025-08-11 09:30:00,3.5347613216410547,0.2099195861816412,1,34.11,2025-08-11 09:30:00,0.7836026569599679,0.7836026569599679,-332.48417354594136,EXPIRY,risk_current_mature_tp500,AMZN
AMZU,2025-05-27 09:30:00,2025-08-19 09:30:00,3.2297651963039034,2.3104853820800813,1,33.98,2025-08-19 09:30:00,0.7344702779983772,0.7344702779983772,-91.9279814223822,EXPIRY,risk_current_mature_tp500,AMZN
AMZU,2025-06-02 09:30:00,2025-08-25 09:30:00,3.0501468626686474,2.007911529541019,1,34.16,2025-08-25 09:30:00,0.7008731609940237,0.7008731609940237,-104.22353331276284,EXPIRY,risk_current_mature_tp500,AMZN
AMZU,2025-06-09 09:30:00,2025-08-29 09:30:00,3.2442207969836385,0.0,1,37.5,2025-09-01 09:30:00,0.6845746232290416,0.6845746232290416,-324.42207969836386,EXPIRY,risk_current_mature_tp500,AMZN
AMZU,2025-06-16 09:30:00,2025-09-08 09:30:00,1.42263481524731,1.3679129028320318,3,37.11,2025-09-08 09:30:00,0.400417311462628,0.400417311462628,-16.416573724583472,EXPIRY,risk_current_mature_tp500,AMZN
AMZU,2025-06-23 09:30:00,2025-09-15 09:30:00,1.3341040714938543,2.4439094543457003,3,34.45,2025-09-15 09:30:00,0.4030837761878009,0.4030837761878009,332.9416148555538,EXPIRY,risk_current_mature_tp500,AMZN
AMZU,2025-06-30 09:30:00,2025-09-22 09:30:00,1.8701788742499499,0.0,2,38.03,2025-09-22 09:30:00,0.46614200309480675,0.46614200309480675,-374.03577484999,EXPIRY,risk_current_mature_tp500,AMZN
AMZU,2025-07-07 09:30:00,2025-09-29 09:30:00,1.9507601493728046,0.0,2,39.36,2025-09-29 09:30:00,0.46858364358177107,0.46858364358177107,-390.1520298745609,EXPIRY,risk_current_mature_tp500,AMZN
AMZU,2025-07-14 09:30:00,2025-10-06 09:30:00,1.7594975794705867,0.0,2,40.0,2025-10-06 09:30:00,0.4349124203099215,0.4349124203099215,-351.89951589411737,EXPIRY,risk_current_mature_tp500,AMZN
AMZU,2025-07-21 09:30:00,2025-10-13 09:30:00,1.6167114968541263,0.0,3,41.25,2025-10-13 09:30:00,0.40600945910946173,0.40600945910946173,-485.01344905623785,EXPIRY,risk_current_mature_tp500,AMZN
AMZU,2025-07-28 09:30:00,2025-10-20 09:30:00,1.1429376869571897,0.0,4,42.4,2025-10-20 09:30:00,0.32923864985323587,0.32923864985323587,-457.17507478287587,EXPIRY,risk_current_mature_tp500,AMZN
AMZU,2025-09-22 09:30:00,2025-12-15 09:30:00,2.1685995802246527,0.0,2,39.17,2025-12-15 09:30:00,0.5029223210133367,0.5029223210133367,-433.7199160449305,EXPIRY,risk_current_mature_tp500,AMZN
AMZU,2025-09-29 09:30:00,2025-12-22 09:30:00,2.334924976726164,0.0,2,37.18,2025-12-22 09:30:00,0.5467883051933417,0.5467883051933417,-466.9849953452328,EXPIRY,risk_current_mature_tp500,AMZN
AMZU,2025-10-06 09:30:00,2025-12-29 09:30:00,1.5453648742555224,0.0,3,36.64,2025-12-29 09:30:00,0.4240826947447719,0.4240826947447719,-463.60946227665676,EXPIRY,risk_current_mature_tp500,AMZN
AMZU,2025-12-01 09:30:00,2026-02-23 09:30:00,3.234342319521774,0.0,1,39.45,2026-02-23 09:30:00,0.6589140456398156,0.6589140456398156,-323.4342319521774,EXPIRY,risk_current_mature_tp500,AMZN
AMZU,2025-12-08 09:30:00,2026-03-02 09:30:00,2.3313384008756532,0.0,2,37.07,2026-03-02 09:30:00,0.5476010386767631,0.5476010386767631,-466.26768017513064,EXPIRY,risk_current_mature_tp500,AMZN
AMZU,2025-12-15 09:30:00,2026-03-09 09:30:00,2.0952842336225537,0.0,2,35.55,2026-03-09 09:30:00,0.5241905897277859,0.5241905897277859,-419.0568467245107,EXPIRY,risk_current_mature_tp500,AMZN
AMZU,2025-12-22 09:30:00,2026-03-16 09:30:00,1.4504899815023489,0.0,3,37.35,2026-03-16 09:30:00,0.4035062810046621,0.4035062810046621,-435.1469944507047,EXPIRY,risk_current_mature_tp500,AMZN
AMZU,2025-12-29 09:30:00,2026-03-23 09:30:00,1.1449268752806976,0.0,4,38.47,2026-03-23 09:30:00,0.34696712143836667,0.34696712143836667,-457.970750112279,EXPIRY,risk_current_mature_tp500,AMZN
AMZU,2026-01-05 09:30:00,2026-03-30 09:30:00,1.5537472724016475,0.0,3,38.64,2026-03-30 09:30:00,0.4122865716116743,0.4122865716116743,-466.1241817204943,EXPIRY,risk_current_mature_tp500,AMZN
AMZU,2026-01-12 09:30:00,2026-04-06 09:30:00,2.1040709453126265,0.0,2,43.07,2026-04-06 09:30:00,0.46416390822705816,0.46416390822705816,-420.8141890625253,EXPIRY,risk_current_mature_tp500,AMZN
AMZU,2026-01-20 09:30:00,2026-04-14 09:30:00,2.1734847099910315,0.0862570190429679,2,37.71,2026-04-14 09:30:00,0.5164066377665062,0.5164066377665062,-417.4455381896127,EXPIRY,risk_current_mature_tp500,AMZN
AMZU,2026-01-26 09:30:00,2026-04-20 09:30:00,2.3991792641828287,0.0,2,40.07,2026-04-20 09:30:00,0.5296256774649981,0.5296256774649981,-479.8358528365657,EXPIRY,risk_current_mature_tp500,AMZN
AMZU,2026-02-02 09:30:00,2026-04-27 09:30:00,2.6405169589794557,0.0,1,41.49,2026-04-27 09:30:00,0.5521129435449674,0.5521129435449674,-264.0516958979456,EXPIRY,risk_current_mature_tp500,AMZN
AMZU,2026-02-09 09:30:00,2026-05-04 09:30:00,2.515326153713932,15.091956922283593,1,30.33,2026-05-04 09:30:00,0.6642884029853637,0.6642884029853637,1257.6630768569662,TARGET,risk_current_mature_tp500,AMZN
AMZU,2026-04-06 09:30:00,2026-04-30 09:30:00,2.226267026939066,13.357602161634397,2,30.6,2026-06-29 09:30:00,0.6049370904835277,0.6049370904835277,2226.267026939066,TARGET,risk_current_mature_tp500,AMZN
AMZU,2026-04-13 09:30:00,2026-07-06 09:30:00,3.682499469890537,0.0,1,38.61,2026-07-06 09:30:00,0.7359642755275363,0.7359642755275363,-368.2499469890537,EXPIRY,risk_current_mature_tp500,AMZN
AMZU,2026-04-20 09:30:00,2026-07-13 09:30:00,3.733684048467019,0.0,1,41.27,2026-07-13 09:30:00,0.7077467265465627,0.7077467265465627,-373.3684048467019,EXPIRY,risk_current_mature_tp500,AMZN
AMZU,2026-04-27 09:30:00,2026-07-20 09:30:00,3.0630101851295013,0.0,1,45.46,2026-07-20 09:30:00,0.5737384046863883,0.5737384046863883,-306.3010185129501,EXPIRY,risk_current_mature_tp500,AMZN
AMZU,2026-05-04 09:30:00,2026-07-27 09:30:00,3.1034142988186577,0.0,1,49.25,2026-07-27 09:30:00,0.5483746122765631,0.5483746122765631,-310.3414298818658,EXPIRY,risk_current_mature_tp500,AMZN
AMZU,2026-05-11 09:30:00,2026-08-03 09:30:00,2.1955910434439563,0.0,2,48.02,2026-08-03 09:30:00,0.4455078451915139,0.4455078451915139,-439.11820868879124,EXPIRY,risk_current_mature_tp500,AMZN
TSLT,2023-10-19 09:30:00,2024-01-11 09:30:00,2.39674063796721,0.0,2,22.5,2024-01-11 09:30:00,0.8,0.8,-479.34812759344203,EXPIRY,risk_current_mature_tp500,TSLA
TSLT,2023-10-23 09:30:00,2024-01-12 09:30:00,2.2079158455461076,0.0,2,20.75,2024-01-15 09:30:00,0.8,0.8,-441.58316910922156,EXPIRY,risk_current_mature_tp500,TSLA
TSLT,2023-10-30 09:30:00,2024-01-22 09:30:00,1.909374040144379,0.0,2,17.93,2024-01-22 09:30:00,0.8,0.8,-381.8748080288758,EXPIRY,risk_current_mature_tp500,TSLA
TSLT,2023-11-06 09:30:00,2024-01-29 09:30:00,2.3325821845329404,0.0,2,21.9,2024-01-29 09:30:00,0.8,0.8,-466.51643690658807,EXPIRY,risk_current_mature_tp500,TSLA
TSLT,2023-12-26 09:30:00,2024-03-19 09:30:00,2.415196912603049,0.0,2,28.88,2024-03-19 09:30:00,0.6686035292044041,0.6686035292044041,-483.0393825206098,EXPIRY,risk_current_mature_tp500,TSLA
TSLT,2024-01-02 09:30:00,2024-03-26 09:30:00,2.20438157270795,0.0,2,26.94,2024-03-26 09:30:00,0.6578410848883512,0.6578410848883512,-440.87631454159003,EXPIRY,risk_current_mature_tp500,TSLA
TSLT,2024-01-08 09:30:00,2024-04-01 09:30:00,2.2677726041629143,0.0,2,25.16,2024-04-01 09:30:00,0.7060721006516258,0.7060721006516258,-453.55452083258285,EXPIRY,risk_current_mature_tp500,TSLA
TSLT,2024-03-11 09:30:00,2024-06-03 09:30:00,1.6807859745000213,0.0,2,12.8,2024-06-03 09:30:00,0.9418537731184105,0.9418537731184105,-336.15719490000424,EXPIRY,risk_current_mature_tp500,TSLA
TSLT,2024-03-18 09:30:00,2024-06-10 09:30:00,1.665088840153616,0.0,3,12.11,2024-06-10 09:30:00,0.9780459632989256,0.9780459632989256,-499.5266520460848,EXPIRY,risk_current_mature_tp500,TSLA
TSLT,2024-03-25 09:30:00,2024-06-17 09:30:00,1.5154630689651376,0.0,3,11.89,2024-06-17 09:30:00,0.9203056925922791,0.9203056925922791,-454.63892068954124,EXPIRY,risk_current_mature_tp500,TSLA
TSLT,2024-04-01 09:30:00,2024-06-24 09:30:00,1.6363009250629545,0.0,3,12.19,2024-06-24 09:30:00,0.9599351449479575,0.9599351449479575,-490.89027751888636,EXPIRY,risk_current_mature_tp500,TSLA
TSLT,2024-04-08 09:30:00,2024-07-01 09:30:00,1.5626698950096207,2.4100000762939437,3,11.76,2024-07-01 09:30:00,0.9519402026409126,0.9519402026409126,254.1990543852969,EXPIRY,risk_current_mature_tp500,TSLA
TSLT,2024-06-03 09:30:00,2024-07-03 09:30:00,1.2923030526986188,7.753818316191713,3,11.26,2024-08-26 09:30:00,0.8466838061457076,0.8466838061457076,1938.4545790479283,TARGET,risk_current_mature_tp500,TSLA
TSLT,2024-06-10 09:30:00,2024-07-03 09:30:00,1.1200947200778124,6.7205683204668745,4,10.9,2024-09-02 09:30:00,0.7783127357393657,0.7783127357393657,2240.1894401556247,TARGET,risk_current_mature_tp500,TSLA
TSLT,2024-06-17 09:30:00,2024-07-09 09:30:00,1.5633371497665998,9.380022898599599,3,12.57,2024-09-09 09:30:00,0.9021571193870122,0.9021571193870122,2345.0057246499,TARGET,risk_current_mature_tp500,TSLA
TSLT,2024-06-24 09:30:00,2024-07-03 09:30:00,1.0382211884283126,6.229327130569875,4,11.9,2024-09-16 09:30:00,0.688696106036024,0.688696106036024,2076.4423768566253,TARGET,risk_current_mature_tp500,TSLA
TSLT,2024-07-01 09:30:00,2024-09-23 09:30:00,1.7304863304946991,1.7500001525878908,2,15.59,2024-09-23 09:30:00,0.8264237720122488,0.8264237720122488,3.902764418638327,EXPIRY,risk_current_mature_tp500,TSLA
TSLT,2024-07-08 09:30:00,2024-09-30 09:30:00,3.480716944991288,0.0,1,22.26,2024-09-30 09:30:00,1.0864870087770047,1.0864870087770047,-348.0716944991288,EXPIRY,risk_current_mature_tp500,TSLA
TSLT,2024-07-15 09:30:00,2024-10-07 09:30:00,4.072046876963134,0.0,1,21.96,2024-10-07 09:30:00,1.2558833808496108,1.2558833808496108,-407.20468769631344,EXPIRY,risk_current_mature_tp500,TSLA
TSLT,2024-07-22 09:30:00,2024-10-14 09:30:00,4.121203043372964,0.0,1,21.56,2024-10-14 09:30:00,1.288645250144786,1.288645250144786,-412.12030433729643,EXPIRY,risk_current_mature_tp500,TSLA
TSLT,2024-09-23 09:30:00,2024-12-09 09:30:00,3.212448414383707,19.27469048630224,1,19.07,2024-12-16 09:30:00,1.156257746163017,1.156257746163017,1606.2242071918533,TARGET,risk_current_mature_tp500,TSLA
TSLT,2024-09-30 09:30:00,2024-12-10 09:30:00,3.2210571474437515,19.32634288466251,1,20.81,2024-12-23 09:30:00,1.0775918733740601,1.0775918733740601,1610.5285737218758,TARGET,risk_current_mature_tp500,TSLA
TSLT,2024-10-07 09:30:00,2024-11-11 09:30:00,2.264469898971151,13.586819393826906,2,17.5,2024-12-30 09:30:00,0.9315379058750188,0.9315379058750188,2264.4698989711505,TARGET,risk_current_mature_tp500,TSLA
TSLT,2025-02-10 09:30:00,2025-05-05 09:30:00,4.091791420177458,0.0,1,29.93,2025-05-05 09:30:00,0.9736632176634887,0.9736632176634887,-409.1791420177458,EXPIRY,risk_current_mature_tp500,TSLA
TSLT,2025-02-18 09:30:00,2025-05-13 09:30:00,3.46836213581747,0.0,1,30.1,2025-05-13 09:30:00,0.8505812548285517,0.8505812548285517,-346.836213581747,EXPIRY,risk_current_mature_tp500,TSLA
TSLT,2025-02-24 09:30:00,2025-05-19 09:30:00,3.3129100791459543,0.0,1,26.09,2025-05-19 09:30:00,0.9175844195594995,0.9175844195594995,-331.2910079145954,EXPIRY,risk_current_mature_tp500,TSLA
TSLT,2025-04-28 09:30:00,2025-07-21 09:30:00,4.261328427795766,0.9699992370605468,1,15.83,2025-07-21 09:30:00,1.75,1.75,-329.13291907352186,EXPIRY,risk_current_mature_tp500,TSLA
TSLT,2025-05-05 09:30:00,2025-07-28 09:30:00,4.067341499852487,1.1600004577636724,1,15.11,2025-07-28 09:30:00,1.75,1.75,-290.7341042088815,EXPIRY,risk_current_mature_tp500,TSLA
TSLT,2025-05-12 09:30:00,2025-08-04 09:30:00,3.553681670600729,0.0,1,19.3,2025-08-04 09:30:00,1.2470064429846102,1.2470064429846102,-355.3681670600729,EXPIRY,risk_current_mature_tp500,TSLA
TSLT,2025-05-19 09:30:00,2025-08-11 09:30:00,3.5032486600462933,0.0,1,22.08,2025-08-11 09:30:00,1.1006267751052385,1.1006267751052385,-350.3248660046293,EXPIRY,risk_current_mature_tp500,TSLA
TSLT,2025-05-27 09:30:00,2025-08-19 09:30:00,3.4879680946394593,0.0,1,24.64,2025-08-19 09:30:00,1.0016369866171972,1.0016369866171972,-348.7968094639459,EXPIRY,risk_current_mature_tp500,TSLA
TSLT,2025-06-02 09:30:00,2025-08-25 09:30:00,3.1730616367835305,0.0,1,21.9,2025-08-25 09:30:00,1.0206945264098526,1.0206945264098526,-317.3061636783531,EXPIRY,risk_current_mature_tp500,TSLA
TSLT,2025-08-04 09:30:00,2025-09-22 09:30:00,2.0999380329534993,12.599628197720996,2,16.07,2025-10-27 09:30:00,0.9388615109287625,0.9388615109287625,2099.9380329534993,TARGET,risk_current_mature_tp500,TSLA
TSLT,2025-08-11 09:30:00,2025-11-03 09:30:00,2.5062093213395675,11.470000534057618,1,19.22,2025-11-03 09:30:00,0.9378436239963718,0.9378436239963718,896.3791212718049,EXPIRY,risk_current_mature_tp500,TSLA
TSLT,2025-08-18 09:30:00,2025-11-10 09:30:00,2.2697291610023953,8.709999618530276,2,18.69,2025-11-10 09:30:00,0.8860879520047074,0.8860879520047074,1288.054091505576,EXPIRY,risk_current_mature_tp500,TSLA
TSLT,2025-08-25 09:30:00,2025-10-01 09:30:00,1.876273777503342,11.257642665020052,2,19.83,2025-11-17 09:30:00,0.7312731264744767,0.7312731264744767,1876.2737775033422,TARGET,risk_current_mature_tp500,TSLA
TSLT,2025-09-02 09:30:00,2025-09-18 09:30:00,1.6427627944563818,9.856576766738291,3,17.84,2025-11-25 09:30:00,0.7167547535363256,0.7167547535363256,2464.1441916845724,TARGET,risk_current_mature_tp500,TSLA
TSLT,2025-09-08 09:30:00,2025-10-01 09:30:00,1.8012072300114088,10.807243380068453,2,19.66,2025-12-01 09:30:00,0.7147171383699146,0.7147171383699146,1801.207230011409,TARGET,risk_current_mature_tp500,TSLA
TSLT,2025-09-15 09:30:00,2025-12-08 09:30:00,3.5340650848987742,0.0,1,27.22,2025-12-08 09:30:00,0.9337017076020743,0.9337017076020743,-353.4065084898774,EXPIRY,risk_current_mature_tp500,TSLA
TSLT,2025-09-22 09:30:00,2025-12-15 09:30:00,3.4326060645392484,0.0,1,30.33,2025-12-15 09:30:00,0.8386926037244697,0.8386926037244697,-343.2606064539248,EXPIRY,risk_current_mature_tp500,TSLA
TSLT,2025-09-29 09:30:00,2025-12-22 09:30:00,3.9434858827096093,0.30999908447265767,1,31.4,2025-12-22 09:30:00,0.9093683501165135,0.9093683501165135,-363.3486798236952,EXPIRY,risk_current_mature_tp500,TSLA
TSLT,2025-10-06 09:30:00,2025-12-29 09:30:00,4.879423808826386,0.0,1,32.53,2025-12-29 09:30:00,1.0505143231191933,1.0505143231191933,-487.94238088263864,EXPIRY,risk_current_mature_tp500,TSLA
TSLT,2025-10-13 09:30:00,2026-01-05 09:30:00,4.589217852458571,0.0,1,29.71,2026-01-05 09:30:00,1.0759382324451452,1.0759382324451452,-458.9217852458571,EXPIRY,risk_current_mature_tp500,TSLA
TSLT,2025-10-20 09:30:00,2026-01-12 09:30:00,4.762731658763103,0.0,1,31.21,2026-01-12 09:30:00,1.0655469083057933,1.0655469083057933,-476.2731658763103,EXPIRY,risk_current_mature_tp500,TSLA
TSLT,2025-10-27 09:30:00,2026-01-16 09:30:00,4.610429762986543,0.0,1,31.72,2026-01-19 09:30:00,1.023116876546468,1.023116876546468,-461.0429762986543,EXPIRY,risk_current_mature_tp500,TSLA
TSLT,2025-11-03 09:30:00,2026-01-26 09:30:00,4.528643218615233,0.0,1,33.76,2026-01-26 09:30:00,0.9590507337015709,0.9590507337015709,-452.8643218615233,EXPIRY,risk_current_mature_tp500,TSLA
TSLT,2025-11-10 09:30:00,2026-02-02 09:30:00,4.10178523501787,0.0,1,30.14,2026-02-02 09:30:00,0.9701811929596846,0.9701811929596846,-410.17852350178697,EXPIRY,risk_current_mature_tp500,TSLA
TSLT,2026-01-05 09:30:00,2026-03-30 09:30:00,3.010284573905807,0.0,1,29.51,2026-03-30 09:30:00,0.7739602817031149,0.7739602817031149,-301.0284573905807,EXPIRY,risk_current_mature_tp500,TSLA
TSLT,2026-01-12 09:30:00,2026-04-06 09:30:00,3.054813915606168,0.0,1,29.0,2026-04-06 09:30:00,0.7937214649693974,0.7937214649693974,-305.48139156061677,EXPIRY,risk_current_mature_tp500,TSLA
TSLT,2026-01-20 09:30:00,2026-04-14 09:30:00,1.844129007202655,0.0,2,25.19,2026-04-14 09:30:00,0.60773890173399,0.60773890173399,-368.825801440531,EXPIRY,risk_current_mature_tp500,TSLA
TSLT,2026-01-26 09:30:00,2026-04-20 09:30:00,2.6357644082582823,0.0,1,26.98,2026-04-20 09:30:00,0.7490905186828782,0.7490905186828782,-263.57644082582823,EXPIRY,risk_current_mature_tp500,TSLA
TSLT,2026-04-06 09:30:00,2026-06-29 09:30:00,1.8850619458493032,2.2900004577636714,2,16.73,2026-06-29 09:30:00,0.8354115023470577,0.8354115023470577,80.98770238287365,EXPIRY,risk_current_mature_tp500,TSLA
TSLT,2026-04-13 09:30:00,2026-07-06 09:30:00,1.80066439989415,2.9100009155273447,2,16.63,2026-07-06 09:30:00,0.8099749497768474,0.8099749497768474,221.86730312663894,EXPIRY,risk_current_mature_tp500,TSLA
TSLT,2026-04-20 09:30:00,2026-07-13 09:30:00,2.859810215056612,0.0,1,20.42,2026-07-13 09:30:00,0.9934925750715327,0.9934925750715327,-285.9810215056612,EXPIRY,risk_current_mature_tp500,TSLA
TSLT,2026-04-27 09:30:00,2026-07-20 09:30:00,2.5165472426786044,0.0,1,18.93,2026-07-20 09:30:00,0.952692784240038,0.952692784240038,-251.65472426786044,EXPIRY,risk_current_mature_tp500,TSLA
TSLT,2026-05-04 09:30:00,2026-07-27 09:30:00,2.0754985307760876,0.0,2,20.24,2026-07-27 09:30:00,0.7772967159441446,0.7772967159441446,-415.0997061552175,EXPIRY,risk_current_mature_tp500,TSLA
TSLT,2026-05-11 09:30:00,2026-08-03 09:30:00,2.931161723663932,0.0,1,25.84,2026-08-03 09:30:00,0.8400310234818243,0.8400310234818243,-293.1161723663932,EXPIRY,risk_current_mature_tp500,TSLA
