symbol,entry_date,exit_date,entry_price,exit_price,contracts,strike,expiry_date,entry_iv,hold_iv,pnl,reason,scenario,family,cost
AAPU,2023-08-21 09:30:00,2023-11-13 09:30:00,0.546855133171233,0.0,9,21.24,2023-11-13 09:30:00,0.3216579894801614,0.3216579894801614,-492.1696198541097,symbol_cap,risk_current_mature_tp500,AAPL,492.1696198541097
AMZU,2023-08-21 09:30:00,2023-11-13 09:30:00,1.5439423613466259,0.0,3,23.09,2023-11-13 09:30:00,0.5703662668804959,0.5703662668804959,-463.1827084039877,symbol_cap,risk_current_mature_tp500,AMZN,463.1827084039877
GGLL,2023-08-21 09:30:00,2023-11-13 09:30:00,1.2671689933693262,0.0,3,28.82,2023-11-13 09:30:00,0.43509371605524,0.43509371605524,-380.15069801079784,symbol_cap,risk_current_mature_tp500,GOOGL,380.15069801079784
MSFU,2023-08-21 09:30:00,2023-11-13 09:30:00,0.9110754525530016,2.6271336364746105,5,30.47,2023-11-13 09:30:00,0.3480747670576603,0.3480747670576603,858.0290919608045,symbol_cap,risk_current_mature_tp500,MSFT,455.53772627650073
AAPU,2023-08-28 09:30:00,2023-11-20 09:30:00,0.7534229619925217,0.0,6,22.0,2023-11-20 09:30:00,0.37504486933746095,0.37504486933746095,-452.05377719551296,symbol_cap,risk_current_mature_tp500,AAPL,452.05377719551296
GGLL,2023-08-28 09:30:00,2023-11-20 09:30:00,0.8287663751933083,0.0,6,29.68,2023-11-20 09:30:00,0.33517057342259543,0.33517057342259543,-497.259825115985,symbol_cap,risk_current_mature_tp500,GOOGL,497.259825115985
MSFU,2023-08-28 09:30:00,2023-11-14 09:30:00,0.5128068022740111,3.0768408136440666,9,30.7,2023-11-20 09:30:00,0.26041168829244343,0.26041168829244343,2307.63061023305,symbol_cap,risk_current_mature_tp500,MSFT,461.52612204660994
AAPU,2023-09-05 09:30:00,2023-11-28 09:30:00,0.4960328310313873,0.0,10,23.7,2023-11-28 09:30:00,0.2895282554286537,0.2895282554286537,-496.0328310313873,symbol_cap,risk_current_mature_tp500,AAPL,496.0328310313873
GGLL,2023-09-05 09:30:00,2023-11-28 09:30:00,0.7359217251146966,0.0,6,31.26,2023-11-28 09:30:00,0.30702308156118435,0.30702308156118435,-441.55303506881796,symbol_cap,risk_current_mature_tp500,GOOGL,441.55303506881796
MSFU,2023-09-05 09:30:00,2023-11-27 09:30:00,0.48949984854815476,2.9369990912889286,10,32.06,2023-11-28 09:30:00,0.25,0.25,2447.4992427407738,symbol_cap,risk_current_mature_tp500,MSFT,489.4998485481548
AAPU,2023-09-11 09:30:00,2023-12-04 09:30:00,0.7890126806045581,0.0,6,21.76,2023-12-04 09:30:00,0.38817818825882905,0.38817818825882905,-473.40760836273483,symbol_cap,risk_current_mature_tp500,AAPL,473.40760836273483
GGLL,2023-09-11 09:30:00,2023-12-04 09:30:00,0.7258152296589966,0.0,6,31.61,2023-12-04 09:30:00,0.3029430312236434,0.3029430312236434,-435.489137795398,symbol_cap,risk_current_mature_tp500,GOOGL,435.489137795398
MSFU,2023-09-11 09:30:00,2023-12-04 09:30:00,0.4980582169205263,0.727912750244144,10,32.66,2023-12-04 09:30:00,0.25,0.25,229.85453332361772,symbol_cap,risk_current_mature_tp500,MSFT,498.0582169205263
AAPU,2023-09-18 09:30:00,2023-12-11 09:30:00,0.8267841319868854,0.2780545043945324,6,21.47,2023-12-11 09:30:00,0.40201803092707755,0.40201803092707755,-329.2377765554118,symbol_cap,risk_current_mature_tp500,AAPL,496.0704791921312
GGLL,2023-09-18 09:30:00,2023-12-11 09:30:00,0.5742158599983416,0.0,8,31.98,2023-12-11 09:30:00,0.26928634353258896,0.26928634353258896,-459.37268799867326,symbol_cap,risk_current_mature_tp500,GOOGL,459.37268799867326
MSFU,2023-09-18 09:30:00,2023-11-29 09:30:00,0.6966333799425248,4.179800279655149,7,31.3,2023-12-11 09:30:00,0.2981176130109096,0.2981176130109096,2438.216829798837,symbol_cap,risk_current_mature_tp500,MSFT,487.6433659597674
AAPU,2023-09-25 09:30:00,2023-12-18 09:30:00,0.705908327336231,1.078834686279297,7,21.09,2023-12-18 09:30:00,0.37009394035019616,0.37009394035019616,261.0484512601462,symbol_cap,risk_current_mature_tp500,AAPL,494.13582913536175
GGLL,2023-09-25 09:30:00,2023-12-18 09:30:00,0.7017679211675798,0.0,7,29.49,2023-12-18 09:30:00,0.3084018930329961,0.3084018930329961,-491.2375448173059,symbol_cap,risk_current_mature_tp500,GOOGL,491.2375448173059
MSFU,2023-09-25 09:30:00,2023-11-10 09:30:00,0.5971945183021079,3.5831671098126474,8,29.66,2023-12-18 09:30:00,0.28396646710411744,0.28396646710411744,2388.7780732084316,symbol_cap,risk_current_mature_tp500,MSFT,477.7556146416863
NVDU,2023-09-25 09:30:00,2023-12-18 09:30:00,2.123544562845587,2.8979535675048815,2,19.94,2023-12-18 09:30:00,0.8,0.8,154.88180093185892,symbol_cap,risk_current_mature_tp500,semiconductors,424.7089125691174
NVDU,2023-10-02 09:30:00,2023-12-22 09:30:00,2.3121268623584923,0.18269683837890227,2,21.73,2023-12-25 09:30:00,0.8,0.8,-425.886004795918,symbol_cap,risk_current_mature_tp500,semiconductors,462.42537247169844
AMZU,2023-10-09 09:30:00,2023-12-29 09:30:00,1.0951445471321204,3.082018432617186,4,21.19,2024-01-01 09:30:00,0.4810076537955581,0.4810076537955581,794.7495541940264,symbol_cap,risk_current_mature_tp500,AMZN,438.0578188528482
NVDU,2023-10-09 09:30:00,2023-12-29 09:30:00,2.353893625349391,0.29661384582519545,2,22.09,2024-01-01 09:30:00,0.8,0.8,-411.45595590483913,symbol_cap,risk_current_mature_tp500,semiconductors,470.77872506987825
AMZU,2023-10-16 09:30:00,2024-01-08 09:30:00,1.1421394344295122,1.3694802093505807,4,22.17,2024-01-08 09:30:00,0.4798759741762259,0.4798759741762259,90.93630996842741,symbol_cap,risk_current_mature_tp500,AMZN,456.8557737718049
NVDU,2023-10-16 09:30:00,2024-01-08 09:30:00,1.0861272060238694,1.5039277648925733,4,22.69,2024-01-08 09:30:00,0.4587062755182608,0.4587062755182608,167.12022354748157,symbol_cap,risk_current_mature_tp500,semiconductors,434.4508824095477
AMZU,2023-10-23 09:30:00,2024-01-12 09:30:00,0.9262528064498792,4.15695556640625,5,20.66,2024-01-15 09:30:00,0.4399803144216362,0.4399803144216362,1615.3513799781854,symbol_cap,risk_current_mature_tp500,AMZN,463.1264032249396
NVDU,2023-10-23 09:30:00,2024-01-12 09:30:00,1.3397783948584774,5.5846945953369165,3,20.28,2024-01-15 09:30:00,0.5656614496740572,0.5656614496740572,1273.4748601435317,symbol_cap,risk_current_mature_tp500,semiconductors,401.9335184575432
TSLT,2023-10-30 09:30:00,2024-01-22 09:30:00,1.909374040144379,0.0,2,17.93,2024-01-22 09:30:00,0.8,0.8,-381.8748080288758,symbol_cap,risk_current_mature_tp500,TSLA,381.8748080288758
TSLT,2023-11-06 09:30:00,2024-01-29 09:30:00,2.3325821845329404,0.0,2,21.9,2024-01-29 09:30:00,0.8,0.8,-466.51643690658807,symbol_cap,risk_current_mature_tp500,TSLA,466.51643690658807
AMZU,2023-11-13 09:30:00,2024-02-05 09:30:00,1.854637150130455,3.967514724731444,2,24.53,2024-02-05 09:30:00,0.6215396502428023,0.6215396502428023,422.5755149201978,symbol_cap,risk_current_mature_tp500,AMZN,370.92743002609103
AMZU,2023-11-20 09:30:00,2024-02-12 09:30:00,1.7820411744419218,3.573113555908204,2,25.38,2024-02-12 09:30:00,0.5906982822821212,0.5906982822821212,358.21447629325644,symbol_cap,risk_current_mature_tp500,AMZN,356.40823488838436
AAPU,2023-11-27 09:30:00,2024-02-16 09:30:00,0.35666331851148225,0.0,14,23.32,2024-02-19 09:30:00,0.25,0.25,-499.3286459160752,symbol_cap,risk_current_mature_tp500,AAPL,499.3286459160752
AMZU,2023-11-27 09:30:00,2024-02-16 09:30:00,0.8124522329554411,2.3848411560058587,6,25.8,2024-02-19 09:30:00,0.3579218715267727,0.3579218715267727,943.4333538302506,symbol_cap,risk_current_mature_tp500,AMZN,487.4713397732646
GGLL,2023-11-27 09:30:00,2024-02-16 09:30:00,0.46975799224883197,0.0,10,30.78,2024-02-19 09:30:00,0.25,0.25,-469.75799224883195,symbol_cap,risk_current_mature_tp500,GOOGL,469.75799224883195
MSFU,2023-11-27 09:30:00,2024-02-16 09:30:00,0.7782310799410936,0.0,6,38.2,2024-02-19 09:30:00,0.2855156742147394,0.2855156742147394,-466.9386479646562,symbol_cap,risk_current_mature_tp500,MSFT,466.9386479646562
AAPU,2023-12-04 09:30:00,2024-02-26 09:30:00,0.355575235872462,0.0,14,23.27,2024-02-26 09:30:00,0.25,0.25,-497.80533022144675,symbol_cap,risk_current_mature_tp500,AAPL,497.80533022144675
AMZU,2023-12-04 09:30:00,2024-02-02 09:30:00,0.5852155463080786,3.5112932778484716,8,25.02,2024-02-26 09:30:00,0.305717201418015,0.305717201418015,2340.8621852323145,symbol_cap,risk_current_mature_tp500,AMZN,468.17243704646285
GGLL,2023-12-04 09:30:00,2024-01-24 09:30:00,0.5911303750408736,3.5467822502452417,8,28.33,2024-02-26 09:30:00,0.28872494301250246,0.28872494301250246,2364.5215001634947,symbol_cap,risk_current_mature_tp500,GOOGL,472.90430003269887
MSFU,2023-12-04 09:30:00,2024-02-26 09:30:00,0.7965717369516572,1.4574847412109406,6,36.73,2024-02-26 09:30:00,0.2947083431619773,0.2947083431619773,396.5478025555701,symbol_cap,risk_current_mature_tp500,MSFT,477.94304217099426
AAPU,2023-12-11 09:30:00,2024-03-04 09:30:00,0.36582308360385163,0.0,13,23.92,2024-03-04 09:30:00,0.25,0.25,-475.5700086850071,symbol_cap,risk_current_mature_tp500,AAPL,475.5700086850071
AMZU,2023-12-11 09:30:00,2024-02-02 09:30:00,0.5375205088875736,3.225123053325442,9,25.24,2024-03-04 09:30:00,0.29170212113483435,0.29170212113483435,2418.8422899940815,symbol_cap,risk_current_mature_tp500,AMZN,483.7684579988163
GGLL,2023-12-11 09:30:00,2024-03-04 09:30:00,1.15350414373831,0.0,4,29.6,2024-03-04 09:30:00,0.4043887819025814,0.4043887819025814,-461.401657495324,symbol_cap,risk_current_mature_tp500,GOOGL,461.401657495324
MSFU,2023-12-11 09:30:00,2024-03-04 09:30:00,0.6644453551664888,2.1930546569824187,7,37.02,2024-03-04 09:30:00,0.26909500366554523,0.26909500366554523,1070.026511271151,symbol_cap,risk_current_mature_tp500,MSFT,465.1117486165422
AAPU,2023-12-18 09:30:00,2024-03-11 09:30:00,0.3713812285327194,0.0,13,24.39,2024-03-11 09:30:00,0.25,0.25,-482.7955970925352,symbol_cap,risk_current_mature_tp500,AAPL,482.7955970925352
AMZU,2023-12-18 09:30:00,2024-03-11 09:30:00,0.6126211099752767,1.3651139068603513,8,27.32,2024-03-11 09:30:00,0.29947429071463205,0.29947429071463205,601.9942375080597,symbol_cap,risk_current_mature_tp500,AMZN,490.09688798022137
GGLL,2023-12-18 09:30:00,2024-03-11 09:30:00,1.1855085814988549,0.0,4,30.37,2024-03-11 09:30:00,0.4046655669319841,0.4046655669319841,-474.20343259954194,symbol_cap,risk_current_mature_tp500,GOOGL,474.20343259954194
AAPU,2023-12-26 09:30:00,2024-03-19 09:30:00,0.36336202933323847,0.0,13,23.81,2024-03-19 09:30:00,0.25,0.25,-472.37063813321004,symbol_cap,risk_current_mature_tp500,AAPL,472.37063813321004
AMZU,2023-12-26 09:30:00,2024-03-01 09:30:00,0.5357717663883443,3.214630598330066,9,27.11,2024-03-19 09:30:00,0.2814084094564292,0.2814084094564292,2410.9729487475493,symbol_cap,risk_current_mature_tp500,AMZN,482.1945897495099
GGLL,2023-12-26 09:30:00,2024-03-19 09:30:00,1.259276557597385,0.0,3,32.3,2024-03-19 09:30:00,0.4047805006278905,0.4047805006278905,-377.7829672792155,symbol_cap,risk_current_mature_tp500,GOOGL,377.7829672792155
NVDU,2023-12-26 09:30:00,2024-01-24 09:30:00,1.1285524204103323,6.771314522461994,4,24.48,2024-03-19 09:30:00,0.44821354083537884,0.44821354083537884,2257.104840820665,symbol_cap,risk_current_mature_tp500,semiconductors,451.42096816413294
TSLT,2023-12-26 09:30:00,2024-03-19 09:30:00,2.415196912603049,0.0,2,28.88,2024-03-19 09:30:00,0.6686035292044041,0.6686035292044041,-483.0393825206098,symbol_cap,risk_current_mature_tp500,TSLA,483.0393825206098
AMZU,2024-01-02 09:30:00,2024-02-09 09:30:00,0.5604031794706383,3.36241907682383,8,26.13,2024-03-26 09:30:00,0.2929849801352361,0.2929849801352361,2241.612717882553,symbol_cap,risk_current_mature_tp500,AMZN,448.32254357651067
GGLL,2024-01-02 09:30:00,2024-03-26 09:30:00,1.119499120858583,0.3960365295410142,4,31.1,2024-03-26 09:30:00,0.38612961263368784,0.38612961263368784,-289.3850365270275,symbol_cap,risk_current_mature_tp500,GOOGL,447.7996483434332
NVDU,2024-01-02 09:30:00,2024-01-22 09:30:00,1.0691706158762306,6.415023695257384,4,23.64,2024-03-26 09:30:00,0.44290867240359627,0.44290867240359627,2138.341231752461,symbol_cap,risk_current_mature_tp500,semiconductors,427.66824635049227
TSLT,2024-01-02 09:30:00,2024-03-26 09:30:00,2.20438157270795,0.0,2,26.94,2024-03-26 09:30:00,0.6578410848883512,0.6578410848883512,-440.87631454159003,symbol_cap,risk_current_mature_tp500,TSLA,440.87631454159003
GGLL,2024-01-08 09:30:00,2024-04-01 09:30:00,0.6099673809391497,1.6954917907714844,8,31.25,2024-04-01 09:30:00,0.2798375385890892,0.2798375385890892,868.4195278658677,symbol_cap,risk_current_mature_tp500,GOOGL,487.97390475131976
NVDU,2024-01-08 09:30:00,2024-02-05 09:30:00,1.486124711097835,8.91674826658701,3,26.61,2024-04-01 09:30:00,0.5056751373045576,0.5056751373045576,2229.1870666467526,symbol_cap,risk_current_mature_tp500,semiconductors,445.8374133293505
TSLT,2024-01-08 09:30:00,2024-04-01 09:30:00,2.2677726041629143,0.0,2,25.16,2024-04-01 09:30:00,0.7060721006516258,0.7060721006516258,-453.55452083258285,symbol_cap,risk_current_mature_tp500,TSLA,453.55452083258285
GGLL,2024-01-16 09:30:00,2024-04-09 09:30:00,0.5410603955626874,0.8427835083007835,9,32.44,2024-04-09 09:30:00,0.26027148063625705,0.26027148063625705,271.55080146428656,symbol_cap,risk_current_mature_tp500,GOOGL,486.95435600641866
NVDU,2024-01-16 09:30:00,2024-02-12 09:30:00,1.6416831175814366,9.85009870548862,3,29.78,2024-04-09 09:30:00,0.5019274385243402,0.5019274385243402,2462.5246763721548,symbol_cap,risk_current_mature_tp500,semiconductors,492.504935274431
GGLL,2024-01-22 09:30:00,2024-04-15 09:30:00,0.5540374655402651,0.0,9,33.6,2024-04-15 09:30:00,0.2586093973018939,0.2586093973018939,-498.6337189862386,symbol_cap,risk_current_mature_tp500,GOOGL,498.6337189862386
GGLL,2024-01-29 09:30:00,2024-04-22 09:30:00,0.6341834699918785,0.0,7,36.2,2024-04-22 09:30:00,0.26579923815782713,0.26579923815782713,-443.9284289943149,symbol_cap,risk_current_mature_tp500,GOOGL,443.9284289943149
MSFU,2024-01-29 09:30:00,2024-04-22 09:30:00,0.648750372822338,0.0,7,42.53,2024-04-22 09:30:00,0.25,0.25,-454.12526097563665,symbol_cap,risk_current_mature_tp500,MSFT,454.12526097563665
NVDU,2024-01-29 09:30:00,2024-02-23 09:30:00,1.8825231015431871,11.295138609259123,2,34.57,2024-04-22 09:30:00,0.49797329976894716,0.49797329976894716,1882.523101543187,symbol_cap,risk_current_mature_tp500,semiconductors,376.5046203086374
NVDU,2024-02-12 09:30:00,2024-03-08 09:30:00,2.4015894711630352,14.409536826978211,2,42.84,2024-05-06 09:30:00,0.5069609924139884,0.5069609924139884,2401.5894711630353,symbol_cap,risk_current_mature_tp500,semiconductors,480.31789423260705
NVDU,2024-02-20 09:30:00,2024-03-07 09:30:00,2.6728378398060997,16.037027038836598,1,40.3,2024-05-14 09:30:00,0.5675728106698029,0.5675728106698029,1336.4189199030498,symbol_cap,risk_current_mature_tp500,semiconductors,267.28378398061
AMZU,2024-03-04 09:30:00,2024-05-24 09:30:00,0.9649705996737854,0.0,5,33.17,2024-05-27 09:30:00,0.3431312764092924,0.3431312764092924,-482.48529983689264,symbol_cap,risk_current_mature_tp500,AMZN,482.48529983689264
AMZU,2024-03-11 09:30:00,2024-06-03 09:30:00,0.9681124454233085,0.0,5,31.55,2024-06-03 09:30:00,0.35275794684653905,0.35275794684653905,-484.0562227116543,symbol_cap,risk_current_mature_tp500,AMZN,484.0562227116543
AAPU,2024-03-18 09:30:00,2024-06-03 09:30:00,0.3590974393861135,2.154584636316681,13,20.01,2024-06-10 09:30:00,0.26900664117583156,0.26900664117583156,2334.133356009738,symbol_cap,risk_current_mature_tp500,AAPL,466.82667120194753
AMZU,2024-03-18 09:30:00,2024-06-10 09:30:00,1.0432125682876663,0.0,4,32.15,2024-06-10 09:30:00,0.363900535450014,0.363900535450014,-417.2850273150665,symbol_cap,risk_current_mature_tp500,AMZN,417.2850273150665
AMZU,2024-03-25 09:30:00,2024-06-17 09:30:00,0.7916701744664856,0.0,6,33.62,2024-06-17 09:30:00,0.30698634415723663,0.30698634415723663,-475.0021046798913,symbol_cap,risk_current_mature_tp500,AMZN,475.0021046798913
TSLT,2024-03-25 09:30:00,2024-06-17 09:30:00,1.5154630689651376,0.0,3,11.89,2024-06-17 09:30:00,0.9203056925922791,0.9203056925922791,-454.63892068954124,symbol_cap,risk_current_mature_tp500,TSLA,454.63892068954124
AMZU,2024-04-01 09:30:00,2024-06-24 09:30:00,0.6966211163132847,0.0,7,33.92,2024-06-24 09:30:00,0.28702546871922036,0.28702546871922036,-487.6347814192993,symbol_cap,risk_current_mature_tp500,AMZN,487.6347814192993
TSLT,2024-04-01 09:30:00,2024-06-24 09:30:00,1.6363009250629545,0.0,3,12.19,2024-06-24 09:30:00,0.9599351449479575,0.9599351449479575,-490.89027751888636,symbol_cap,risk_current_mature_tp500,TSLA,490.89027751888636
AMZU,2024-04-08 09:30:00,2024-07-01 09:30:00,0.927632432730384,0.0,5,35.48,2024-07-01 09:30:00,0.32400569385295175,0.32400569385295175,-463.81621636519196,symbol_cap,risk_current_mature_tp500,AMZN,463.81621636519196
MSFU,2024-04-08 09:30:00,2024-07-01 09:30:00,0.9861561547201614,0.9837927246093727,5,44.31,2024-07-01 09:30:00,0.2982962058690807,0.2982962058690807,-1.1817150553943279,symbol_cap,risk_current_mature_tp500,MSFT,493.0780773600807
TSLT,2024-04-08 09:30:00,2024-07-01 09:30:00,1.5626698950096207,2.4100000762939437,3,11.76,2024-07-01 09:30:00,0.9519402026409126,0.9519402026409126,254.1990543852969,symbol_cap,risk_current_mature_tp500,TSLA,468.80096850288624
AMZU,2024-04-15 09:30:00,2024-07-08 09:30:00,0.8396705006152381,1.0703967285156253,5,34.68,2024-07-08 09:30:00,0.31144831891209085,0.31144831891209085,115.36311395019361,symbol_cap,risk_current_mature_tp500,AMZN,419.83525030761905
GGLL,2024-04-15 09:30:00,2024-07-05 09:30:00,1.7747212289269996,10.648327373561997,2,35.71,2024-07-08 09:30:00,0.4694536712632072,0.4694536712632072,1774.7212289269996,symbol_cap,risk_current_mature_tp500,GOOGL,354.9442457853999
MSFU,2024-04-15 09:30:00,2024-07-05 09:30:00,0.8290795800722641,4.974477480433585,6,41.92,2024-07-08 09:30:00,0.2818007535380635,0.2818007535380635,2487.2387402167924,symbol_cap,risk_current_mature_tp500,MSFT,497.4477480433585
GGLL,2024-04-22 09:30:00,2024-06-27 09:30:00,1.4870818462046245,8.922491077227747,3,36.3,2024-07-15 09:30:00,0.41669047135169945,0.41669047135169945,2230.622769306937,symbol_cap,risk_current_mature_tp500,GOOGL,446.1245538613873
MSFU,2024-04-22 09:30:00,2024-06-24 09:30:00,0.8998522658425969,5.3991135950555815,5,39.29,2024-07-15 09:30:00,0.30259295769488415,0.30259295769488415,2249.6306646064922,symbol_cap,risk_current_mature_tp500,MSFT,449.92613292129846
GGLL,2024-05-13 09:30:00,2024-08-05 09:30:00,4.7091773483704,0.0,1,41.74,2024-08-05 09:30:00,0.8367001471394772,0.8367001471394772,-470.91773483704,symbol_cap,risk_current_mature_tp500,GOOGL,470.91773483704
GGLL,2024-05-28 09:30:00,2024-08-20 09:30:00,1.259684252455985,0.0,3,45.15,2024-08-20 09:30:00,0.33504599169509897,0.33504599169509897,-377.9052757367955,symbol_cap,risk_current_mature_tp500,GOOGL,377.9052757367955
AAPU,2024-06-03 09:30:00,2024-06-12 09:30:00,0.5235366492487454,3.1412198954924726,9,24.53,2024-08-26 09:30:00,0.29221250140535215,0.29221250140535215,2355.9149216193546,symbol_cap,risk_current_mature_tp500,AAPL,471.18298432387087
GGLL,2024-06-03 09:30:00,2024-08-26 09:30:00,1.117434710327311,0.0,4,43.42,2024-08-26 09:30:00,0.3212651962798726,0.3212651962798726,-446.9738841309244,symbol_cap,risk_current_mature_tp500,GOOGL,446.9738841309244
AAPU,2024-06-10 09:30:00,2024-06-12 09:30:00,0.6389271122927065,3.833562673756239,7,24.24,2024-09-02 09:30:00,0.32568064649836825,0.32568064649836825,2236.2448930244727,symbol_cap,risk_current_mature_tp500,AAPL,447.24897860489455
GGLL,2024-06-10 09:30:00,2024-08-30 09:30:00,1.0185361445631091,0.0,4,44.41,2024-09-02 09:30:00,0.3027654530889397,0.3027654530889397,-407.41445782524363,symbol_cap,risk_current_mature_tp500,GOOGL,407.41445782524363
AAPU,2024-06-17 09:30:00,2024-09-09 09:30:00,2.263795236642869,0.0,2,30.26,2024-09-09 09:30:00,0.6168032102952564,0.6168032102952564,-452.7590473285738,symbol_cap,risk_current_mature_tp500,AAPL,452.7590473285738
GGLL,2024-06-17 09:30:00,2024-09-09 09:30:00,1.0687531962479788,0.0,4,45.4,2024-09-09 09:30:00,0.30706657455363634,0.30706657455363634,-427.5012784991915,symbol_cap,risk_current_mature_tp500,GOOGL,427.5012784991915
TSLT,2024-06-17 09:30:00,2024-07-09 09:30:00,1.5633371497665998,9.380022898599599,3,12.57,2024-09-09 09:30:00,0.9021571193870122,0.9021571193870122,2345.0057246499,symbol_cap,risk_current_mature_tp500,TSLA,469.0011449299799
AAPU,2024-06-24 09:30:00,2024-09-16 09:30:00,2.180411183451529,0.0,2,27.87,2024-09-16 09:30:00,0.637287173798251,0.637287173798251,-436.08223669030576,symbol_cap,risk_current_mature_tp500,AAPL,436.08223669030576
AMZU,2024-06-24 09:30:00,2024-09-16 09:30:00,1.2160439073514606,0.0,4,34.36,2024-09-16 09:30:00,0.3824005808450584,0.3824005808450584,-486.4175629405843,symbol_cap,risk_current_mature_tp500,AMZN,486.4175629405843
GGLL,2024-06-24 09:30:00,2024-09-16 09:30:00,1.1203322745192086,0.0,4,46.32,2024-09-16 09:30:00,0.3112204287433514,0.3112204287433514,-448.1329098076834,symbol_cap,risk_current_mature_tp500,GOOGL,448.1329098076834
METU,2024-06-24 09:30:00,2024-09-16 09:30:00,3.0115939542695145,0.0,1,28.27,2024-09-16 09:30:00,0.8,0.8,-301.15939542695145,symbol_cap,risk_current_mature_tp500,META,301.15939542695145
MSFU,2024-06-24 09:30:00,2024-09-16 09:30:00,1.5377723814597335,0.0,3,47.98,2024-09-16 09:30:00,0.3617361209159153,0.3617361209159153,-461.33171443792,symbol_cap,risk_current_mature_tp500,MSFT,461.33171443792
TSLT,2024-06-24 09:30:00,2024-07-03 09:30:00,1.0382211884283126,6.229327130569875,4,11.9,2024-09-16 09:30:00,0.688696106036024,0.688696106036024,2076.4423768566253,symbol_cap,risk_current_mature_tp500,TSLA,415.28847537132503
AMZU,2024-07-01 09:30:00,2024-09-23 09:30:00,2.0333269315787756,0.0,2,38.63,2024-09-23 09:30:00,0.48699670744936446,0.48699670744936446,-406.66538631575514,symbol_cap,risk_current_mature_tp500,AMZN,406.66538631575514
GGLL,2024-07-01 09:30:00,2024-09-23 09:30:00,1.4325330165656904,0.0,3,48.11,2024-09-23 09:30:00,0.34726756034078976,0.34726756034078976,-429.7599049697071,symbol_cap,risk_current_mature_tp500,GOOGL,429.7599049697071
METU,2024-07-01 09:30:00,2024-09-23 09:30:00,3.0724012358189263,2.2548371887207033,1,28.84,2024-09-23 09:30:00,0.8,0.8,-81.7564047098223,symbol_cap,risk_current_mature_tp500,META,307.24012358189265
MSFU,2024-07-01 09:30:00,2024-09-23 09:30:00,1.0796303627431598,0.0,4,49.82,2024-09-23 09:30:00,0.2943264028344558,0.2943264028344558,-431.85214509726393,symbol_cap,risk_current_mature_tp500,MSFT,431.85214509726393
TSLT,2024-07-01 09:30:00,2024-09-23 09:30:00,1.7304863304946991,1.7500001525878908,2,15.59,2024-09-23 09:30:00,0.8264237720122488,0.8264237720122488,3.902764418638327,symbol_cap,risk_current_mature_tp500,TSLA,346.0972660989398
AAPU,2024-07-08 09:30:00,2024-09-30 09:30:00,2.853687184490852,0.0,1,33.13,2024-09-30 09:30:00,0.6823582090034611,0.6823582090034611,-285.3687184490852,symbol_cap,risk_current_mature_tp500,AAPL,285.3687184490852
AMZU,2024-07-08 09:30:00,2024-09-30 09:30:00,2.1457769955910173,0.0,2,39.33,2024-09-30 09:30:00,0.49855364963759763,0.49855364963759763,-429.1553991182035,symbol_cap,risk_current_mature_tp500,AMZN,429.1553991182035
GGLL,2024-07-08 09:30:00,2024-09-30 09:30:00,1.9197716249426016,0.0,2,51.21,2024-09-30 09:30:00,0.3954155838097434,0.3954155838097434,-383.9543249885203,symbol_cap,risk_current_mature_tp500,GOOGL,383.9543249885203
METU,2024-07-08 09:30:00,2024-09-30 09:30:00,2.175273459377486,0.5103290557861335,2,31.45,2024-09-30 09:30:00,0.5840242061467613,0.5840242061467613,-332.9888807182705,symbol_cap,risk_current_mature_tp500,META,435.0546918754972
MSFU,2024-07-08 09:30:00,2024-09-30 09:30:00,1.0301537038968291,0.0,4,51.8,2024-09-30 09:30:00,0.28225320360558775,0.28225320360558775,-412.06148155873166,symbol_cap,risk_current_mature_tp500,MSFT,412.06148155873166
AMZU,2024-07-15 09:30:00,2024-10-07 09:30:00,2.0849569721616383,0.0,2,36.67,2024-10-07 09:30:00,0.5122002208255384,0.5122002208255384,-416.99139443232764,symbol_cap,risk_current_mature_tp500,AMZN,416.99139443232764
GGLL,2024-07-15 09:30:00,2024-10-07 09:30:00,2.1564144227310127,0.0,2,49.71,2024-10-07 09:30:00,0.43117157071572687,0.43117157071572687,-431.2828845462025,symbol_cap,risk_current_mature_tp500,GOOGL,431.2828845462025
METU,2024-07-15 09:30:00,2024-10-07 09:30:00,2.3431801966270047,5.679474334716797,2,27.52,2024-10-07 09:30:00,0.6767917154052014,0.6767917154052014,667.2588276179586,symbol_cap,risk_current_mature_tp500,META,468.63603932540093
MSFU,2024-07-15 09:30:00,2024-10-07 09:30:00,1.4874140786997554,0.0,3,48.95,2024-10-07 09:30:00,0.35115454229461796,0.35115454229461796,-446.22422360992664,symbol_cap,risk_current_mature_tp500,MSFT,446.22422360992664
METU,2024-07-22 09:30:00,2024-10-14 09:30:00,2.921906393064587,7.543892974853524,1,26.38,2024-10-14 09:30:00,0.8250339232360746,0.8250339232360746,462.19865817889365,symbol_cap,risk_current_mature_tp500,META,292.1906393064587
TSLT,2024-07-22 09:30:00,2024-10-14 09:30:00,4.121203043372964,0.0,1,21.56,2024-10-14 09:30:00,1.288645250144786,1.288645250144786,-412.12030433729643,symbol_cap,risk_current_mature_tp500,TSLA,412.12030433729643
AAPU,2024-09-23 09:30:00,2024-12-16 09:30:00,1.515989861329066,2.879683532714843,3,31.71,2024-12-16 09:30:00,0.4580579690384939,0.4580579690384939,409.108101415733,symbol_cap,risk_current_mature_tp500,AAPL,454.7969583987199
AAPU,2024-09-30 09:30:00,2024-12-23 09:30:00,1.6843062382655045,2.157204132080075,2,33.52,2024-12-23 09:30:00,0.47281409750589715,0.47281409750589715,94.5795787629141,symbol_cap,risk_current_mature_tp500,AAPL,336.8612476531009
AMZU,2024-09-30 09:30:00,2024-12-23 09:30:00,2.038404331770286,8.65266647338867,2,32.6,2024-12-23 09:30:00,0.5456617810692919,0.5456617810692919,1322.852428323677,symbol_cap,risk_current_mature_tp500,AMZN,407.6808663540572
GGLL,2024-09-30 09:30:00,2024-12-23 09:30:00,2.2129269776665677,7.586858367919923,2,37.9,2024-12-23 09:30:00,0.5211486473503747,0.5211486473503747,1074.7862780506712,symbol_cap,risk_current_mature_tp500,GOOGL,442.58539553331354
MSFU,2024-09-30 09:30:00,2024-12-23 09:30:00,1.3865318379708302,0.0,3,42.78,2024-12-23 09:30:00,0.36389328620304706,0.36389328620304706,-415.9595513912491,symbol_cap,risk_current_mature_tp500,MSFT,415.9595513912491
AMZU,2024-10-07 09:30:00,2024-12-05 09:30:00,1.6079871194873867,9.64792271692432,3,30.62,2024-12-30 09:30:00,0.486139932654558,0.486139932654558,2411.98067923108,symbol_cap,risk_current_mature_tp500,AMZN,482.39613584621605
GGLL,2024-10-07 09:30:00,2024-12-11 09:30:00,1.0459686038807678,6.275811623284607,4,36.52,2024-12-30 09:30:00,0.3397770213550586,0.3397770213550586,2091.937207761536,symbol_cap,risk_current_mature_tp500,GOOGL,418.3874415523071
METU,2024-10-07 09:30:00,2024-12-30 09:30:00,1.4754663203181853,0.0,3,36.52,2024-12-30 09:30:00,0.4132889104157599,0.4132889104157599,-442.6398960954556,symbol_cap,risk_current_mature_tp500,META,442.6398960954556
METU,2024-10-14 09:30:00,2025-01-06 09:30:00,1.4338525695287938,0.0,3,37.32,2025-01-06 09:30:00,0.401328930197989,0.401328930197989,-430.15577085863816,symbol_cap,risk_current_mature_tp500,META,430.15577085863816
AAPU,2024-10-21 09:30:00,2025-01-13 09:30:00,1.4138106289572363,0.0,3,34.26,2025-01-13 09:30:00,0.41868752852218966,0.41868752852218966,-424.1431886871709,symbol_cap,risk_current_mature_tp500,AAPL,424.1431886871709
GGLL,2024-10-21 09:30:00,2024-12-10 09:30:00,0.8232880244787832,4.9397281468726995,6,36.85,2025-01-13 09:30:00,0.29895392093625894,0.29895392093625894,2469.86407343635,symbol_cap,risk_current_mature_tp500,GOOGL,493.97281468727
METU,2024-10-21 09:30:00,2025-01-13 09:30:00,1.0448792732845789,0.0,4,35.2,2025-01-13 09:30:00,0.3467215617941436,0.3467215617941436,-417.95170931383154,symbol_cap,risk_current_mature_tp500,META,417.95170931383154
NFXL,2024-10-21 09:30:00,2025-01-13 09:30:00,3.12979672824334,1.065217819213867,1,29.41,2025-01-13 09:30:00,0.8,0.8,-206.4578909029473,symbol_cap,risk_current_mature_tp500,NFLX,312.979672824334
AAPU,2024-10-28 09:30:00,2025-01-17 09:30:00,1.4052055881280427,0.0,3,33.31,2025-01-20 09:30:00,0.4243624028749874,0.4243624028749874,-421.5616764384128,symbol_cap,risk_current_mature_tp500,AAPL,421.5616764384128
GGLL,2024-10-28 09:30:00,2024-12-11 09:30:00,0.9886252372754019,5.931751423652411,5,37.96,2025-01-20 09:30:00,0.3233722995913956,0.3233722995913956,2471.563093188505,symbol_cap,risk_current_mature_tp500,GOOGL,494.3126186377009
METU,2024-10-28 09:30:00,2025-01-17 09:30:00,1.5054675513616118,0.0,3,35.48,2025-01-20 09:30:00,0.42553258872031086,0.42553258872031086,-451.6402654084835,symbol_cap,risk_current_mature_tp500,META,451.6402654084835
GGLL,2024-11-04 09:30:00,2024-12-16 09:30:00,1.410140239048756,8.460841434292536,3,38.93,2025-01-27 09:30:00,0.38739116920714917,0.38739116920714917,2115.210358573134,symbol_cap,risk_current_mature_tp500,GOOGL,423.04207171462684
NFXL,2024-11-04 09:30:00,2025-01-27 09:30:00,3.421950660568733,12.086569519042968,1,28.03,2025-01-27 09:30:00,0.889298455992521,0.889298455992521,866.4618858474234,symbol_cap,risk_current_mature_tp500,NFLX,342.1950660568733
GGLL,2024-11-11 09:30:00,2025-02-03 09:30:00,2.328090246626001,3.5940739440917966,2,44.07,2025-02-03 09:30:00,0.48808165313229884,0.48808165313229884,253.19673949315913,symbol_cap,risk_current_mature_tp500,GOOGL,465.6180493252002
NFXL,2024-11-11 09:30:00,2025-02-03 09:30:00,3.7970170851680827,8.940278625488283,1,31.65,2025-02-03 09:30:00,0.8774226838710816,0.8774226838710816,514.32615403202,symbol_cap,risk_current_mature_tp500,NFLX,379.70170851680825
NFXL,2024-11-18 09:30:00,2025-02-06 09:30:00,1.4588491567211168,8.7530949403267,3,34.9,2025-02-10 09:30:00,0.42165126891672844,0.42165126891672844,2188.273735081675,symbol_cap,risk_current_mature_tp500,NFLX,437.654747016335
GGLL,2024-11-25 09:30:00,2025-02-14 09:30:00,3.1930838842343636,2.0879800415039114,1,37.74,2025-02-17 09:30:00,0.6735859146162961,0.6735859146162961,-110.51038427304522,symbol_cap,risk_current_mature_tp500,GOOGL,319.3083884234364
NFXL,2024-11-25 09:30:00,2025-02-14 09:30:00,2.059341981558088,10.88934982299805,2,36.37,2025-02-17 09:30:00,0.5108005655759682,0.5108005655759682,1766.0015682879923,symbol_cap,risk_current_mature_tp500,NFLX,411.86839631161763
AMZU,2024-12-02 09:30:00,2025-02-24 09:30:00,3.0875825779211397,0.0,1,40.26,2025-02-24 09:30:00,0.6281186097209331,0.6281186097209331,-308.75825779211397,symbol_cap,risk_current_mature_tp500,AMZN,308.75825779211397
MSFU,2024-12-02 09:30:00,2025-02-24 09:30:00,1.4386751646828202,0.0,3,41.99,2025-02-24 09:30:00,0.37521428906966753,0.37521428906966753,-431.60254940484606,symbol_cap,risk_current_mature_tp500,MSFT,431.60254940484606
NFXL,2024-12-02 09:30:00,2025-02-24 09:30:00,2.0833432312690086,1.9989700317382812,2,39.0,2025-02-24 09:30:00,0.49170532835147773,0.49170532835147773,-16.87463990614546,symbol_cap,risk_current_mature_tp500,NFLX,416.66864625380174
NFXL,2024-12-09 09:30:00,2025-03-03 09:30:00,2.3255799444960843,0.0,2,40.3,2025-03-03 09:30:00,0.517064018061191,0.517064018061191,-465.11598889921686,symbol_cap,risk_current_mature_tp500,NFLX,465.11598889921686
NFXL,2024-12-16 09:30:00,2025-03-10 09:30:00,2.3917679571006225,0.0,2,40.84,2025-03-10 09:30:00,0.5217665112495966,0.5217665112495966,-478.35359142012453,symbol_cap,risk_current_mature_tp500,NFLX,478.35359142012453
MSFU,2024-12-23 09:30:00,2025-03-17 09:30:00,1.604597671083706,0.0,3,42.51,2025-03-17 09:30:00,0.3967606934727949,0.3967606934727949,-481.37930132511184,symbol_cap,risk_current_mature_tp500,MSFT,481.37930132511184
NFXL,2024-12-23 09:30:00,2025-03-17 09:30:00,2.1905037859304937,0.0,2,39.83,2025-03-17 09:30:00,0.5010752779324934,0.5010752779324934,-438.10075718609875,symbol_cap,risk_current_mature_tp500,NFLX,438.10075718609875
AMZU,2024-12-30 09:30:00,2025-03-24 09:30:00,2.8666677399793876,0.0,1,43.7,2025-03-24 09:30:00,0.5633117347260524,0.5633117347260524,-286.6667739979388,symbol_cap,risk_current_mature_tp500,AMZN,286.6667739979388
PLTU,2024-12-30 09:30:00,2025-02-06 09:30:00,2.7313625984706285,16.38817559082377,1,25.66,2025-03-24 09:30:00,0.8,0.8,1365.6812992353143,symbol_cap,risk_current_mature_tp500,PLTR,273.13625984706283
PLTU,2025-01-06 09:30:00,2025-02-04 09:30:00,2.624118408224671,15.744710449348027,1,24.65,2025-03-31 09:30:00,0.8,0.8,1312.0592041123355,symbol_cap,risk_current_mature_tp500,PLTR,262.4118408224671
GGLL,2025-01-27 09:30:00,2025-04-21 09:30:00,2.7070724609146133,0.0,1,47.83,2025-04-21 09:30:00,0.5105434374321741,0.5105434374321741,-270.70724609146134,max_positions,risk_current_mature_tp500,GOOGL,270.70724609146134
METU,2025-01-27 09:30:00,2025-04-21 09:30:00,3.079111468169291,0.0,1,44.0,2025-04-21 09:30:00,0.5890903030940907,0.5890903030940907,-307.9111468169291,max_positions,risk_current_mature_tp500,META,307.9111468169291
GGLL,2025-02-03 09:30:00,2025-04-28 09:30:00,3.4156933761150086,0.0,1,52.43,2025-04-28 09:30:00,0.560664544027045,0.560664544027045,-341.5693376115008,max_positions,risk_current_mature_tp500,GOOGL,341.5693376115008
METU,2025-02-03 09:30:00,2025-04-28 09:30:00,3.058725513238743,0.0,1,48.98,2025-04-28 09:30:00,0.5446719080318262,0.5446719080318262,-305.8725513238743,max_positions,risk_current_mature_tp500,META,305.8725513238743
METU,2025-02-10 09:30:00,2025-05-05 09:30:00,2.1605302836135536,0.0,2,51.74,2025-05-05 09:30:00,0.42144875936807663,0.42144875936807663,-432.1060567227107,symbol_cap,risk_current_mature_tp500,META,432.1060567227107
METU,2025-02-18 09:30:00,2025-05-13 09:30:00,1.3982864127674315,0.0,3,51.44,2025-05-13 09:30:00,0.3307951722940245,0.3307951722940245,-419.48592383022947,symbol_cap,risk_current_mature_tp500,META,419.48592383022947
AMZU,2025-02-24 09:30:00,2025-05-19 09:30:00,2.2328863437801587,0.0,2,39.41,2025-05-19 09:30:00,0.5105065083197701,0.5105065083197701,-446.57726875603174,symbol_cap,risk_current_mature_tp500,AMZN,446.57726875603174
MSFU,2025-02-24 09:30:00,2025-05-19 09:30:00,2.348621374001521,4.076760559082032,2,35.72,2025-05-19 09:30:00,0.5642618370631757,0.5642618370631757,345.62783701610226,symbol_cap,risk_current_mature_tp500,MSFT,469.7242748003042
AAPU,2025-03-17 09:30:00,2025-06-09 09:30:00,1.7091169673569926,0.0,2,26.47,2025-06-09 09:30:00,0.5570473046247438,0.5570473046247438,-341.8233934713985,symbol_cap,risk_current_mature_tp500,AAPL,341.8233934713985
GGLL,2025-04-14 09:30:00,2025-07-07 09:30:00,4.534024642149708,2.1832313537597656,1,31.0,2025-07-07 09:30:00,1.0286261067996967,1.0286261067996967,-235.07932883899426,symbol_cap,risk_current_mature_tp500,GOOGL,453.4024642149708
GGLL,2025-04-28 09:30:00,2025-07-21 09:30:00,4.316073044849684,6.892146759033203,1,31.32,2025-07-21 09:30:00,0.9797830240471557,0.9797830240471557,257.6073714183519,symbol_cap,risk_current_mature_tp500,GOOGL,431.60730448496844
MSFU,2025-04-28 09:30:00,2025-07-21 09:30:00,4.2454151110756655,16.223023529052732,1,32.13,2025-07-21 09:30:00,0.9472054242336269,0.9472054242336269,1197.7608417977067,symbol_cap,risk_current_mature_tp500,MSFT,424.5415111075665
TSLT,2025-04-28 09:30:00,2025-07-21 09:30:00,4.261328427795766,0.9699992370605468,1,15.83,2025-07-21 09:30:00,1.75,1.75,-329.13291907352186,symbol_cap,risk_current_mature_tp500,TSLA,426.13284277957655
AMZU,2025-05-05 09:30:00,2025-07-28 09:30:00,4.773375696570101,10.353910980224608,1,28.19,2025-07-28 09:30:00,1.1616378667199663,1.1616378667199663,558.0535283654507,symbol_cap,risk_current_mature_tp500,AMZN,477.3375696570101
MSFU,2025-05-12 09:30:00,2025-08-04 09:30:00,4.1165563404795495,11.026034698486328,1,41.89,2025-08-04 09:30:00,0.75269934523456,0.75269934523456,690.9478358006778,symbol_cap,risk_current_mature_tp500,MSFT,411.65563404795495
TSLT,2025-05-12 09:30:00,2025-08-04 09:30:00,3.553681670600729,0.0,1,19.3,2025-08-04 09:30:00,1.2470064429846102,1.2470064429846102,-355.3681670600729,symbol_cap,risk_current_mature_tp500,TSLA,355.3681670600729
AMZU,2025-05-19 09:30:00,2025-08-11 09:30:00,3.5347613216410547,0.2099195861816412,1,34.11,2025-08-11 09:30:00,0.7836026569599679,0.7836026569599679,-332.48417354594136,symbol_cap,risk_current_mature_tp500,AMZN,353.4761321641055
GGLL,2025-05-19 09:30:00,2025-08-11 09:30:00,3.304735565656605,9.218627624511718,1,33.07,2025-08-11 09:30:00,0.7623771219421945,0.7623771219421945,591.3892058855114,symbol_cap,risk_current_mature_tp500,GOOGL,330.4735565656605
GGLL,2025-05-27 09:30:00,2025-08-19 09:30:00,3.6193074751975924,6.911009521484374,1,35.53,2025-08-19 09:30:00,0.7733508045477852,0.7733508045477852,329.17020462867816,symbol_cap,risk_current_mature_tp500,GOOGL,361.9307475197592
NFXL,2025-05-27 09:30:00,2025-08-19 09:30:00,2.8832804754380916,0.0,1,62.86,2025-08-19 09:30:00,0.446467327435335,0.446467327435335,-288.32804754380913,symbol_cap,risk_current_mature_tp500,NFLX,288.32804754380913
GGLL,2025-06-02 09:30:00,2025-08-25 09:30:00,3.4250434154710483,11.41835510253906,1,33.88,2025-08-25 09:30:00,0.7690377076651025,0.7690377076651025,799.3311687068011,max_positions,risk_current_mature_tp500,GOOGL,342.50434154710484
METU,2025-06-02 09:30:00,2025-08-25 09:30:00,3.812498031530138,3.7951962280273435,1,40.57,2025-08-25 09:30:00,0.7277891980861673,0.7277891980861673,-1.7301803502794755,max_positions,risk_current_mature_tp500,META,381.24980315301383
MSFU,2025-06-02 09:30:00,2025-07-25 09:30:00,0.9571007216274499,5.742604329764699,5,44.22,2025-08-25 09:30:00,0.29415183313996235,0.29415183313996235,2392.7518040686246,max_positions,risk_current_mature_tp500,MSFT,478.55036081372486
NFXL,2025-06-02 09:30:00,2025-08-25 09:30:00,3.231372415030549,0.0,1,63.6,2025-08-25 09:30:00,0.47609601198571155,0.47609601198571155,-323.1372415030549,max_positions,risk_current_mature_tp500,NFLX,323.1372415030549
TSLT,2025-06-02 09:30:00,2025-08-25 09:30:00,3.1730616367835305,0.0,1,21.9,2025-08-25 09:30:00,1.0206945264098526,1.0206945264098526,-317.3061636783531,max_positions,risk_current_mature_tp500,TSLA,317.3061636783531
AAPU,2025-06-09 09:30:00,2025-08-29 09:30:00,1.5954851099463054,3.6756457519531267,3,21.58,2025-09-01 09:30:00,0.6122517002054549,0.6122517002054549,624.0481926020464,symbol_cap,risk_current_mature_tp500,AAPL,478.6455329838916
AMZU,2025-06-09 09:30:00,2025-08-29 09:30:00,3.2442207969836385,0.0,1,37.5,2025-09-01 09:30:00,0.6845746232290416,0.6845746232290416,-324.42207969836386,symbol_cap,risk_current_mature_tp500,AMZN,324.42207969836386
GGLL,2025-06-09 09:30:00,2025-08-29 09:30:00,2.417437378396672,10.437052307128909,2,36.69,2025-09-01 09:30:00,0.5647633043602506,0.5647633043602506,1603.9229857464472,symbol_cap,risk_current_mature_tp500,GOOGL,483.48747567933435
METU,2025-06-09 09:30:00,2025-08-29 09:30:00,4.071988709272382,0.0,1,43.21,2025-09-01 09:30:00,0.7296985452806924,0.7296985452806924,-407.1988709272382,symbol_cap,risk_current_mature_tp500,META,407.1988709272382
NFXL,2025-06-09 09:30:00,2025-08-29 09:30:00,3.0646244279791794,0.0,1,63.93,2025-09-01 09:30:00,0.458972045009675,0.458972045009675,-306.46244279791796,max_positions,risk_current_mature_tp500,NFLX,306.46244279791796
AMZU,2025-06-16 09:30:00,2025-09-08 09:30:00,1.42263481524731,1.3679129028320318,3,37.11,2025-09-08 09:30:00,0.400417311462628,0.400417311462628,-16.416573724583472,max_positions,risk_current_mature_tp500,AMZN,426.790444574193
GGLL,2025-06-16 09:30:00,2025-09-03 09:30:00,1.897101417949603,11.382608507697618,2,36.91,2025-09-08 09:30:00,0.4793795846123527,0.4793795846123527,1897.101417949603,max_positions,risk_current_mature_tp500,GOOGL,379.4202835899206
METU,2025-06-16 09:30:00,2025-09-08 09:30:00,2.4070408263520147,0.0,2,44.14,2025-09-08 09:30:00,0.49814432446604345,0.49814432446604345,-481.40816527040295,max_positions,risk_current_mature_tp500,META,481.40816527040295
MSFU,2025-06-16 09:30:00,2025-07-31 09:30:00,0.8433962165749378,5.060377299449627,5,47.3,2025-09-08 09:30:00,0.2683425120753688,0.2683425120753688,2108.4905414373447,max_positions,risk_current_mature_tp500,MSFT,421.6981082874689
NFXL,2025-06-16 09:30:00,2025-09-08 09:30:00,2.186227675319934,0.0,2,63.76,2025-09-08 09:30:00,0.3755463461386369,0.3755463461386369,-437.2455350639868,max_positions,risk_current_mature_tp500,NFLX,437.2455350639868
AMZU,2025-06-23 09:30:00,2025-09-15 09:30:00,1.3341040714938543,2.4439094543457003,3,34.45,2025-09-15 09:30:00,0.4030837761878009,0.4030837761878009,332.9416148555538,max_positions,risk_current_mature_tp500,AMZN,400.2312214481563
GGLL,2025-06-23 09:30:00,2025-08-12 09:30:00,1.8683013152883454,11.209807891730073,2,32.09,2025-09-15 09:30:00,0.5198427556732296,0.5198427556732296,1868.3013152883454,max_positions,risk_current_mature_tp500,GOOGL,373.6602630576691
METU,2025-06-23 09:30:00,2025-09-15 09:30:00,2.728364209355357,1.8161227416992176,1,43.53,2025-09-15 09:30:00,0.5459551473534583,0.5459551473534583,-91.22414676561394,max_positions,risk_current_mature_tp500,META,272.8364209355357
MSFU,2025-06-23 09:30:00,2025-07-31 09:30:00,0.9097726100466996,5.458635660280198,5,48.59,2025-09-15 09:30:00,0.2742448746388731,0.2742448746388731,2274.431525116749,max_positions,risk_current_mature_tp500,MSFT,454.88630502334985
NFXL,2025-06-23 09:30:00,2025-09-15 09:30:00,2.4763050762987433,0.0,2,66.76,2025-09-15 09:30:00,0.39297824974310525,0.39297824974310525,-495.26101525974866,max_positions,risk_current_mature_tp500,NFLX,495.26101525974866
AAPU,2025-06-30 09:30:00,2025-09-03 09:30:00,0.7291192034773202,4.374715220863921,6,22.19,2025-09-22 09:30:00,0.36677742251455375,0.36677742251455375,2187.3576104319604,max_positions,risk_current_mature_tp500,AAPL,437.47152208639216
AMZU,2025-06-30 09:30:00,2025-09-22 09:30:00,1.8701788742499499,0.0,2,38.03,2025-09-22 09:30:00,0.46614200309480675,0.46614200309480675,-374.03577484999,max_positions,risk_current_mature_tp500,AMZN,374.03577484999
GGLL,2025-06-30 09:30:00,2025-09-03 09:30:00,2.3894828836558943,14.336897301935366,2,36.41,2025-09-22 09:30:00,0.5636621794309614,0.5636621794309614,2389.4828836558945,max_positions,risk_current_mature_tp500,GOOGL,477.89657673117887
METU,2025-06-30 09:30:00,2025-09-22 09:30:00,2.9826325199160397,0.0,1,48.53,2025-09-22 09:30:00,0.538832271108472,0.538832271108472,-298.26325199160397,max_positions,risk_current_mature_tp500,META,298.26325199160397
MSFU,2025-06-30 09:30:00,2025-07-31 09:30:00,0.7744830708724244,4.646898425234546,6,50.79,2025-09-22 09:30:00,0.25,0.25,2323.449212617273,max_positions,risk_current_mature_tp500,MSFT,464.6898425234547
NFXL,2025-06-30 09:30:00,2025-09-22 09:30:00,2.4723550378450447,0.0,2,75.97,2025-09-22 09:30:00,0.36468468706519325,0.36468468706519325,-494.471007569009,max_positions,risk_current_mature_tp500,NFLX,494.471007569009
AAPU,2025-07-07 09:30:00,2025-09-22 09:30:00,0.9206809189175811,5.5240855135054865,5,23.16,2025-09-29 09:30:00,0.40934332809300333,0.40934332809300333,2301.7022972939526,max_positions,risk_current_mature_tp500,AAPL,460.3404594587906
AMZU,2025-07-07 09:30:00,2025-09-29 09:30:00,1.9507601493728046,0.0,2,39.36,2025-09-29 09:30:00,0.46858364358177107,0.46858364358177107,-390.1520298745609,max_positions,risk_current_mature_tp500,AMZN,390.1520298745609
GGLL,2025-07-07 09:30:00,2025-09-03 09:30:00,2.3302640303047646,13.981584181828588,2,36.5,2025-09-29 09:30:00,0.5529424769769063,0.5529424769769063,2330.2640303047647,max_positions,risk_current_mature_tp500,GOOGL,466.0528060609529
METU,2025-07-07 09:30:00,2025-09-29 09:30:00,2.4595264794356524,0.0,2,45.9,2025-09-29 09:30:00,0.4927190271209025,0.4927190271209025,-491.9052958871305,max_positions,risk_current_mature_tp500,META,491.9052958871305
MSFU,2025-07-07 09:30:00,2025-07-31 09:30:00,0.7876119748645429,4.725671849187258,6,50.78,2025-09-29 09:30:00,0.2518950298718406,0.2518950298718406,2362.835924593629,max_positions,risk_current_mature_tp500,MSFT,472.56718491872573
NFXL,2025-07-07 09:30:00,2025-09-29 09:30:00,3.2520122145931616,0.0,1,70.17,2025-09-29 09:30:00,0.44931485846550817,0.44931485846550817,-325.2012214593162,max_positions,risk_current_mature_tp500,NFLX,325.2012214593162
AAPU,2025-07-14 09:30:00,2025-09-19 09:30:00,0.7597230262717769,4.558338157630661,6,22.82,2025-10-06 09:30:00,0.36974265031129716,0.36974265031129716,2279.169078815331,symbol_cap,risk_current_mature_tp500,AAPL,455.8338157630662
AMZU,2025-07-14 09:30:00,2025-10-06 09:30:00,1.7594975794705867,0.0,2,40.0,2025-10-06 09:30:00,0.4349124203099215,0.4349124203099215,-351.89951589411737,symbol_cap,risk_current_mature_tp500,AMZN,351.89951589411737
METU,2025-07-14 09:30:00,2025-10-06 09:30:00,2.3918666345127626,0.0,2,45.98,2025-10-06 09:30:00,0.48315845164902155,0.48315845164902155,-478.37332690255255,max_positions,risk_current_mature_tp500,META,478.37332690255255
MSFU,2025-07-14 09:30:00,2025-07-31 09:30:00,0.8126440970090627,4.875864582054376,6,51.78,2025-10-06 09:30:00,0.25315725457794414,0.25315725457794414,2437.9322910271885,max_positions,risk_current_mature_tp500,MSFT,487.5864582054376
NFXL,2025-07-14 09:30:00,2025-10-06 09:30:00,3.3217512939905944,0.0,1,67.04,2025-10-06 09:30:00,0.468470429519068,0.468470429519068,-332.1751293990594,max_positions,risk_current_mature_tp500,NFLX,332.1751293990594
AAPU,2025-07-21 09:30:00,2025-09-03 09:30:00,0.504877661074346,3.0292659664460757,9,23.65,2025-10-13 09:30:00,0.2919004024588666,0.2919004024588666,2271.949474834557,max_positions,risk_current_mature_tp500,AAPL,454.38989496691136
AMZU,2025-07-21 09:30:00,2025-10-13 09:30:00,1.6167114968541263,0.0,3,41.25,2025-10-13 09:30:00,0.40600945910946173,0.40600945910946173,-485.01344905623785,max_positions,risk_current_mature_tp500,AMZN,485.01344905623785
GGLL,2025-07-21 09:30:00,2025-09-03 09:30:00,1.6327073633577935,9.796244180146761,3,42.03,2025-10-13 09:30:00,0.4035816537030153,0.4035816537030153,2449.0610450366903,max_positions,risk_current_mature_tp500,GOOGL,489.8122090073381
MSFU,2025-07-21 09:30:00,2025-07-31 09:30:00,0.8116464959385556,4.869878975631334,6,53.19,2025-10-13 09:30:00,0.25,0.25,2434.939487815667,max_positions,risk_current_mature_tp500,MSFT,486.98789756313334
AAPU,2025-07-28 09:30:00,2025-09-03 09:30:00,0.49415429280655054,2.9649257568393033,10,23.93,2025-10-20 09:30:00,0.2877054151817005,0.2877054151817005,2470.7714640327526,symbol_cap,risk_current_mature_tp500,AAPL,494.15429280655053
AMZU,2025-07-28 09:30:00,2025-10-20 09:30:00,1.1429376869571897,0.0,4,42.4,2025-10-20 09:30:00,0.32923864985323587,0.32923864985323587,-457.17507478287587,symbol_cap,risk_current_mature_tp500,AMZN,457.17507478287587
MSFU,2025-07-28 09:30:00,2025-10-20 09:30:00,0.8170508473827987,0.0,6,53.57,2025-10-20 09:30:00,0.25,0.25,-490.23050842967916,symbol_cap,risk_current_mature_tp500,MSFT,490.23050842967916
GGLL,2025-08-11 09:30:00,2025-09-08 09:30:00,1.948251927784618,11.689511566707708,2,46.52,2025-11-03 09:30:00,0.42237196707631564,0.42237196707631564,1948.251927784618,symbol_cap,risk_current_mature_tp500,GOOGL,389.6503855569236
GGLL,2025-08-18 09:30:00,2025-09-08 09:30:00,1.8200082193319567,10.92004931599174,2,47.59,2025-11-10 09:30:00,0.4002055270234293,0.4002055270234293,1820.0082193319568,symbol_cap,risk_current_mature_tp500,GOOGL,364.0016438663913
MSFU,2025-08-18 09:30:00,2025-11-10 09:30:00,2.1873482757564737,0.0,2,54.05,2025-11-10 09:30:00,0.4137794628655031,0.4137794628655031,-437.4696551512948,symbol_cap,risk_current_mature_tp500,MSFT,437.4696551512948
TSLT,2025-08-18 09:30:00,2025-11-10 09:30:00,2.2697291610023953,8.709999618530276,2,18.69,2025-11-10 09:30:00,0.8860879520047074,0.8860879520047074,1288.054091505576,symbol_cap,risk_current_mature_tp500,TSLA,453.94583220047906
GGLL,2025-08-25 09:30:00,2025-09-15 09:30:00,2.445858740275172,14.675152441651033,2,49.83,2025-11-17 09:30:00,0.46577356273974385,0.46577356273974385,2445.8587402751723,symbol_cap,risk_current_mature_tp500,GOOGL,489.1717480550344
GGLL,2025-09-02 09:30:00,2025-09-10 09:30:00,1.6733413989291517,10.04004839357491,2,51.05,2025-11-25 09:30:00,0.36600332788299605,0.36600332788299605,1673.3413989291516,symbol_cap,risk_current_mature_tp500,GOOGL,334.66827978583035
TSLT,2025-09-02 09:30:00,2025-09-18 09:30:00,1.6427627944563818,9.856576766738291,3,17.84,2025-11-25 09:30:00,0.7167547535363256,0.7167547535363256,2464.1441916845724,symbol_cap,risk_current_mature_tp500,TSLA,492.82883833691454
TSLT,2025-09-15 09:30:00,2025-12-08 09:30:00,3.5340650848987742,0.0,1,27.22,2025-12-08 09:30:00,0.9337017076020743,0.9337017076020743,-353.4065084898774,symbol_cap,risk_current_mature_tp500,TSLA,353.4065084898774
METU,2025-09-22 09:30:00,2025-12-15 09:30:00,1.425665951641566,0.0,3,49.84,2025-12-15 09:30:00,0.3398270198865609,0.3398270198865609,-427.69978549246974,symbol_cap,risk_current_mature_tp500,META,427.69978549246974
METU,2025-09-29 09:30:00,2025-12-22 09:30:00,1.3839937037272403,0.0,3,46.96,2025-12-22 09:30:00,0.3451067117961428,0.3451067117961428,-415.1981111181721,symbol_cap,risk_current_mature_tp500,META,415.1981111181721
TSLT,2025-09-29 09:30:00,2025-12-22 09:30:00,3.9434858827096093,0.30999908447265767,1,31.4,2025-12-22 09:30:00,0.9093683501165135,0.9093683501165135,-363.3486798236952,symbol_cap,risk_current_mature_tp500,TSLA,394.34858827096093
AAPU,2025-10-06 09:30:00,2025-12-29 09:30:00,1.9638124310045182,0.22004562377929915,2,33.44,2025-12-29 09:30:00,0.5232343501355047,0.5232343501355047,-348.7533614450438,symbol_cap,risk_current_mature_tp500,AAPL,392.76248620090365
TSLT,2025-10-13 09:30:00,2026-01-05 09:30:00,4.589217852458571,0.0,1,29.71,2026-01-05 09:30:00,1.0759382324451452,1.0759382324451452,-458.9217852458571,symbol_cap,risk_current_mature_tp500,TSLA,458.9217852458571
MSFU,2025-10-20 09:30:00,2026-01-12 09:30:00,1.104558390675697,0.0,4,52.86,2026-01-12 09:30:00,0.28915818314585773,0.28915818314585773,-441.82335627027885,max_positions,risk_current_mature_tp500,MSFT,441.82335627027885
TSLT,2025-10-20 09:30:00,2026-01-12 09:30:00,4.762731658763103,0.0,1,31.21,2026-01-12 09:30:00,1.0655469083057933,1.0655469083057933,-476.2731658763103,max_positions,risk_current_mature_tp500,TSLA,476.2731658763103
MSFU,2025-10-27 09:30:00,2026-01-16 09:30:00,1.1579352579849758,0.0,4,55.85,2026-01-19 09:30:00,0.2881916750771988,0.2881916750771988,-463.1741031939903,max_positions,risk_current_mature_tp500,MSFT,463.1741031939903
TSLT,2025-10-27 09:30:00,2026-01-16 09:30:00,4.610429762986543,0.0,1,31.72,2026-01-19 09:30:00,1.023116876546468,1.023116876546468,-461.0429762986543,max_positions,risk_current_mature_tp500,TSLA,461.0429762986543
TSLT,2025-11-10 09:30:00,2026-02-02 09:30:00,4.10178523501787,0.0,1,30.14,2026-02-02 09:30:00,0.9701811929596846,0.9701811929596846,-410.17852350178697,symbol_cap,risk_current_mature_tp500,TSLA,410.17852350178697
AAPU,2025-11-24 09:30:00,2026-02-13 09:30:00,0.8654661455455326,0.0,5,37.98,2026-02-16 09:30:00,0.3020514934619505,0.3020514934619505,-432.73307277276626,symbol_cap,risk_current_mature_tp500,AAPL,432.73307277276626
AAPU,2025-12-01 09:30:00,2026-02-23 09:30:00,0.9823887830885383,0.0,5,39.98,2026-02-23 09:30:00,0.3135590756120472,0.3135590756120472,-491.19439154426914,symbol_cap,risk_current_mature_tp500,AAPL,491.19439154426914
AMZU,2025-12-01 09:30:00,2026-02-23 09:30:00,3.234342319521774,0.0,1,39.45,2026-02-23 09:30:00,0.6589140456398156,0.6589140456398156,-323.4342319521774,symbol_cap,risk_current_mature_tp500,AMZN,323.4342319521774
NFXL,2025-12-01 09:30:00,2026-02-23 09:30:00,3.9526024807829625,0.0,1,46.0,2026-02-23 09:30:00,0.6815079040259875,0.6815079040259875,-395.26024807829623,symbol_cap,risk_current_mature_tp500,NFLX,395.26024807829623
AMZU,2025-12-08 09:30:00,2026-03-02 09:30:00,2.3313384008756532,0.0,2,37.07,2026-03-02 09:30:00,0.5476010386767631,0.5476010386767631,-466.26768017513064,symbol_cap,risk_current_mature_tp500,AMZN,466.26768017513064
METU,2025-12-22 09:30:00,2026-03-16 09:30:00,2.240467754247426,0.0,2,35.08,2026-03-16 09:30:00,0.553107388260998,0.553107388260998,-448.0935508494852,symbol_cap,risk_current_mature_tp500,META,448.0935508494852
METU,2025-12-29 09:30:00,2026-03-23 09:30:00,1.5239309916404444,0.0,3,34.72,2026-03-23 09:30:00,0.43432536334747496,0.43432536334747496,-457.1792974921333,symbol_cap,risk_current_mature_tp500,META,457.1792974921333
AMZU,2026-01-05 09:30:00,2026-03-30 09:30:00,1.5537472724016475,0.0,3,38.64,2026-03-30 09:30:00,0.4122865716116743,0.4122865716116743,-466.1241817204943,symbol_cap,risk_current_mature_tp500,AMZN,466.1241817204943
METU,2026-01-05 09:30:00,2026-03-30 09:30:00,1.1616560562333973,0.0,4,34.62,2026-03-30 09:30:00,0.37074061640445033,0.37074061640445033,-464.6624224933589,symbol_cap,risk_current_mature_tp500,META,464.6624224933589
AMZU,2026-01-12 09:30:00,2026-04-06 09:30:00,2.1040709453126265,0.0,2,43.07,2026-04-06 09:30:00,0.46416390822705816,0.46416390822705816,-420.8141890625253,symbol_cap,risk_current_mature_tp500,AMZN,420.8141890625253
AMZU,2026-01-20 09:30:00,2026-04-14 09:30:00,2.1734847099910315,0.0862570190429679,2,37.71,2026-04-14 09:30:00,0.5164066377665062,0.5164066377665062,-417.4455381896127,symbol_cap,risk_current_mature_tp500,AMZN,434.6969419982063
MSFU,2026-01-20 09:30:00,2026-04-14 09:30:00,0.9076696535124285,0.0,5,39.57,2026-04-14 09:30:00,0.30301783744166194,0.30301783744166194,-453.8348267562142,symbol_cap,risk_current_mature_tp500,MSFT,453.8348267562142
AMZU,2026-01-26 09:30:00,2026-04-20 09:30:00,2.3991792641828287,0.0,2,40.07,2026-04-20 09:30:00,0.5296256774649981,0.5296256774649981,-479.8358528365657,symbol_cap,risk_current_mature_tp500,AMZN,479.8358528365657
GGLL,2026-01-26 09:30:00,2026-04-20 09:30:00,3.8562779484359524,0.0,1,118.25,2026-04-20 09:30:00,0.36510769560495615,0.36510769560495615,-385.6277948435952,symbol_cap,risk_current_mature_tp500,GOOGL,385.6277948435952
AMZU,2026-02-02 09:30:00,2026-04-27 09:30:00,2.6405169589794557,0.0,1,41.49,2026-04-27 09:30:00,0.5521129435449674,0.5521129435449674,-264.0516958979456,max_positions,risk_current_mature_tp500,AMZN,264.0516958979456
GGLL,2026-02-02 09:30:00,2026-04-27 09:30:00,4.163327918872426,0.0,1,125.76,2026-04-27 09:30:00,0.3681894046968155,0.3681894046968155,-416.3327918872426,max_positions,risk_current_mature_tp500,GOOGL,416.3327918872426
NFXL,2026-02-02 09:30:00,2026-03-02 09:30:00,0.9203916401755388,5.522349841053233,5,25.65,2026-04-27 09:30:00,0.3858453546711115,0.3858453546711115,2300.979100438847,max_positions,risk_current_mature_tp500,NFLX,460.19582008776933
AMZU,2026-02-09 09:30:00,2026-05-04 09:30:00,2.515326153713932,15.091956922283593,1,30.33,2026-05-04 09:30:00,0.6642884029853637,0.6642884029853637,1257.6630768569662,max_positions,risk_current_mature_tp500,AMZN,251.5326153713932
GGLL,2026-02-09 09:30:00,2026-05-04 09:30:00,4.509990463027329,23.555230102539056,1,111.29,2026-05-04 09:30:00,0.41394691630877145,0.41394691630877145,1904.5239639511728,max_positions,risk_current_mature_tp500,GOOGL,450.99904630273284
NFXL,2026-02-09 09:30:00,2026-03-03 09:30:00,1.2330755460002427,7.398453276001456,4,24.7,2026-05-04 09:30:00,0.47075057436994033,0.47075057436994033,2466.1510920004853,max_positions,risk_current_mature_tp500,NFLX,493.2302184000971
NFXL,2026-02-17 09:30:00,2026-03-02 09:30:00,1.5491640083183675,9.294984049910205,3,21.94,2026-05-12 09:30:00,0.5927845200714331,0.5927845200714331,2323.746012477551,max_positions,risk_current_mature_tp500,NFLX,464.7492024955103
AAPU,2026-02-23 09:30:00,2026-05-18 09:30:00,2.787129313039726,3.517788391113278,1,34.27,2026-05-18 09:30:00,0.6551740115861018,0.6551740115861018,73.06590780735522,symbol_cap,risk_current_mature_tp500,AAPL,278.7129313039726
NFXL,2026-04-13 09:30:00,2026-07-06 09:30:00,2.1542805506893465,0.0,2,37.76,2026-07-06 09:30:00,0.5132981567266472,0.5132981567266472,-430.85611013786934,max_positions,risk_current_mature_tp500,NFLX,430.85611013786934
TSLT,2026-04-13 09:30:00,2026-07-06 09:30:00,1.80066439989415,2.9100009155273447,2,16.63,2026-07-06 09:30:00,0.8099749497768474,0.8099749497768474,221.86730312663894,max_positions,risk_current_mature_tp500,TSLA,360.13287997883003
TSLT,2026-04-20 09:30:00,2026-07-13 09:30:00,2.859810215056612,0.0,1,20.42,2026-07-13 09:30:00,0.9934925750715327,0.9934925750715327,-285.9810215056612,max_positions,risk_current_mature_tp500,TSLA,285.9810215056612
AMZU,2026-04-27 09:30:00,2026-07-20 09:30:00,3.0630101851295013,0.0,1,45.46,2026-07-20 09:30:00,0.5737384046863883,0.5737384046863883,-306.3010185129501,max_positions,risk_current_mature_tp500,AMZN,306.3010185129501
MSFU,2026-04-27 09:30:00,2026-07-20 09:30:00,2.355893209137548,0.0,2,32.69,2026-07-20 09:30:00,0.6008068405573509,0.6008068405573509,-471.17864182750964,max_positions,risk_current_mature_tp500,MSFT,471.17864182750964
TSLT,2026-04-27 09:30:00,2026-07-20 09:30:00,2.5165472426786044,0.0,1,18.93,2026-07-20 09:30:00,0.952692784240038,0.952692784240038,-251.65472426786044,max_positions,risk_current_mature_tp500,TSLA,251.65472426786044
MSFU,2026-05-04 09:30:00,2026-07-27 09:30:00,2.6432304369902386,0.0,1,30.85,2026-07-27 09:30:00,0.6802563911850416,0.6802563911850416,-264.32304369902386,max_positions,risk_current_mature_tp500,MSFT,264.32304369902386
TSLT,2026-05-04 09:30:00,2026-07-27 09:30:00,2.0754985307760876,0.0,2,20.24,2026-07-27 09:30:00,0.7772967159441446,0.7772967159441446,-415.0997061552175,max_positions,risk_current_mature_tp500,TSLA,415.0997061552175
AAPU,2026-05-11 09:30:00,2026-08-03 09:30:00,2.3122217343179994,0.0,2,40.23,2026-08-03 09:30:00,0.5154340361442101,0.5154340361442101,-462.4443468635999,max_positions,risk_current_mature_tp500,AAPL,462.4443468635999
AMZU,2026-05-11 09:30:00,2026-08-03 09:30:00,2.1955910434439563,0.0,2,48.02,2026-08-03 09:30:00,0.4455078451915139,0.4455078451915139,-439.11820868879124,max_positions,risk_current_mature_tp500,AMZN,439.11820868879124
MSFU,2026-05-11 09:30:00,2026-08-03 09:30:00,2.523986796045115,5.840001220703126,1,30.63,2026-08-03 09:30:00,0.6611811492556473,0.6611811492556473,331.6014424658011,max_positions,risk_current_mature_tp500,MSFT,252.3986796045115
TSLT,2026-05-11 09:30:00,2026-08-03 09:30:00,2.931161723663932,0.0,1,25.84,2026-08-03 09:30:00,0.8400310234818243,0.8400310234818243,-293.1161723663932,max_positions,risk_current_mature_tp500,TSLA,293.1161723663932
