date,equity,cash,positions,exposure
2022-08-09,99998.75062468766,97500.0,1,2498.7506246876565
2022-08-10,100103.82423926203,97500.0,1,2603.8242392620273
2022-08-11,100085.56186078784,94997.8296919822,1,5087.732168805642
2022-08-12,100248.92037916729,94997.8296919822,1,5251.0906871850875
2022-08-15,100294.18840233269,94997.8296919822,1,5296.358710350477
2022-08-16,100286.31570265174,94997.8296919822,1,5288.48601066954
2022-08-17,100353.2336499397,94997.8296919822,1,5355.403957957506
2022-08-18,100335.5200756576,94997.8296919822,1,5337.690383675397
2022-08-19,100216.1774886197,92492.39395247112,1,7723.783536148585
2022-08-22,99944.07213398871,89993.76093181729,1,9950.311202171417
2022-08-23,99893.5234643411,89993.76093181729,1,9899.76253252381
2022-08-24,99944.07213398871,89993.76093181729,1,9950.311202171417
2022-08-25,100154.04353098647,89993.76093181729,1,10160.282599169172
2022-08-26,99598.00816486278,89993.76093181729,1,9604.247233045486
2022-08-29,99372.48333105037,89993.76093181729,1,9378.722399233082
2022-08-30,99131.40506042332,89993.76093181729,1,9137.644128606029
2022-08-31,99003.08920670247,89993.76093181729,1,9009.32827488518
2022-09-01,99069.19131316473,89993.76093181729,1,9075.430381347434
2022-09-02,98878.66171218528,89993.76093181729,1,8884.90078036799
2022-09-06,98758.12257687176,89993.76093181729,1,8764.361645054463
2022-09-07,98874.77335298162,89993.76093181729,1,8881.012421164327
2022-09-08,98760.77702789281,87524.71065841541,2,11236.066369477401
2022-09-09,99084.8795167657,85047.55772155903,3,14037.321795206666
2022-09-12,99616.9080402735,80066.58785752977,3,19550.320182743737
2022-09-13,97966.82236265189,75168.12433900942,4,22798.69802364247
2022-09-14,98190.39143068132,72713.33388369647,4,25477.05754698486
2022-09-15,97374.19565469013,67844.50244100587,4,29529.693213684266
2022-09-16,97114.65164101763,67844.50244100587,4,29270.149200011758
2022-09-19,97412.73043368616,67844.50244100587,4,29568.227992680288
2022-09-20,97145.53752925147,65415.83365958641,4,31729.703869665052
2022-09-21,96227.49192182203,63010.11630510214,4,33217.37561671989
2022-09-22,96303.06932224485,63010.11630510214,4,33292.953017142696
2022-09-23,95441.92335290645,60624.03841021133,4,34817.88494269512
2022-09-26,95501.16794193871,60624.03841021133,4,34877.12953172737
2022-09-27,95290.65903489571,60624.03841021133,4,34666.62062468439
2022-09-28,96173.61988543833,60624.03841021133,4,35549.581475226994
2022-09-29,94629.28295114437,60624.03841021133,4,34005.24454093304
2022-09-30,93608.29763827447,60624.03841021133,4,32984.25922806314
2022-10-03,94994.66757027704,60624.03841021133,4,34370.62916006571
2022-10-04,96728.7858701652,60624.03841021133,4,36104.74745995387
2022-10-05,96690.79242320606,60624.03841021133,4,36066.75401299474
2022-10-06,96461.25488779492,60624.03841021133,4,35837.216477583584
2022-10-07,94278.98804703611,60624.03841021133,4,33654.949636824786
2022-10-10,93752.06678023703,60624.03841021133,4,33128.0283700257
2022-10-11,93164.0468243154,60624.03841021133,4,32540.008414104075
2022-10-12,93304.17383720393,60624.03841021133,4,32680.13542699259
2022-10-13,94268.49386517605,60624.03841021133,4,33644.45545496472
2022-10-14,92645.75278068322,60624.03841021133,4,32021.714370471884
2022-10-17,94582.1331690522,60624.03841021133,4,33958.094758840874
2022-10-18,95092.61163085687,60624.03841021133,4,34468.57322064554
2022-10-19,94751.12732510876,60624.03841021133,4,34127.088914897424
2022-10-20,94780.89228256588,60624.03841021133,4,34156.85387235454
2022-10-21,96023.28501861711,60624.03841021133,4,35399.246608405774
2022-10-24,96725.10929342946,60624.03841021133,4,36101.070883218126
2022-10-25,97480.49429121919,60624.03841021133,4,36856.45588100786
2022-10-26,94269.19930793169,60624.03841021133,4,33645.16089772036
2022-10-27,92805.68573000004,60624.03841021133,4,32181.647319788706
2022-10-28,93752.75041018323,60624.03841021133,4,33128.7119999719
2022-10-31,92999.09797920966,60624.03841021133,4,32375.059568998335
2022-11-01,91431.67965064666,60624.03841021133,4,30807.641240435325
2022-11-02,89599.03012660511,60624.03841021133,4,28974.99171639378
2022-11-03,88064.8967654534,60624.03841021133,4,27440.858355242075
2022-11-04,88931.65309124929,60624.03841021133,4,28307.61468103796
2022-11-07,89533.53667437089,60624.03841021133,4,28909.498264159556
2022-11-08,89545.88538362495,60624.03841021133,4,28921.846973413612
2022-11-09,88439.4950410721,60624.03841021133,4,27815.45663086077
2022-11-10,92155.3021775786,60624.03841021133,4,31531.263767367273
2022-11-11,93336.47983392666,60624.03841021133,4,32712.441423715318
2022-11-14,92640.54714211152,60624.03841021133,4,32016.508731900198
2022-11-15,93146.85167165582,60624.03841021133,4,32522.81326144449
2022-11-16,92971.6799361612,60624.03841021133,4,32347.641525949883
2022-11-17,92774.5166398401,60624.03841021133,4,32150.47822962877
2022-11-18,92579.80206112954,60624.03841021133,4,31955.763650918212
2022-11-21,91976.38719588723,60624.03841021133,4,31352.3487856759
2022-11-22,92567.37523122696,60624.03841021133,4,31943.336821015633
2022-11-23,92975.69596608223,60624.03841021133,4,32351.657555870897
2022-11-25,92560.77573279945,60624.03841021133,4,31936.73732258812
2022-11-28,91852.0392362329,60624.03841021133,4,31228.00082602156
2022-11-29,91201.22517713446,60624.03841021133,4,30577.186766923125
2022-11-30,93631.68103378586,60624.03841021133,4,33007.642623574524
2022-12-01,93622.4213018011,60624.03841021133,4,32998.38289158977
2022-12-02,93320.98748659973,60624.03841021133,4,32696.94907638839
2022-12-05,92542.0122307592,60624.03841021133,4,31917.97382054787
2022-12-06,91336.21183295452,60624.03841021133,4,30712.173422743188
2022-12-07,90889.06689357459,60624.03841021133,4,30265.028483363258
2022-12-08,91209.48469074111,60624.03841021133,4,30585.44628052978
2022-12-09,90814.06048091996,60624.03841021133,4,30190.022070708634
2022-12-12,91541.3316952207,60624.03841021133,4,30917.293285009364
2022-12-13,92390.54951389802,60624.03841021133,4,31766.511103686687
2022-12-14,92087.83331116446,60624.03841021133,4,31463.794900953137
2022-12-15,90206.87753369025,60624.03841021133,4,29582.839123478916
2022-12-16,89722.3505034533,60624.03841021133,4,29098.312093241973
2022-12-19,88777.62019754693,60624.03841021133,4,28153.5817873356
2022-12-20,88759.18569503014,60624.03841021133,4,28135.147284818813
2022-12-21,89320.94989031024,60624.03841021133,4,28696.911480098912
2022-12-22,88277.12536126978,60624.03841021133,4,27653.086951058438
2022-12-23,88448.58879088389,60624.03841021133,4,27824.550380672554
2022-12-27,87874.3810990158,60624.03841021133,4,27250.342688804463
2022-12-28,87171.20494067528,60624.03841021133,4,26547.166530463946
2022-12-29,88266.87597364468,60624.03841021133,4,27642.837563433346
2022-12-30,88164.56518058036,60624.03841021133,4,27540.526770369033
2023-01-03,88085.4701473122,60624.03841021133,4,27461.43173710087
2023-01-04,87409.17620167026,60624.03841021133,4,26785.13779145892
2023-01-05,86550.42178959635,60624.03841021133,4,25926.383379385017
2023-01-06,87383.7070094177,60624.03841021133,4,26759.66859920637
2023-01-09,87794.33942965708,60624.03841021133,4,27170.30101944575
2023-01-10,88180.90215747853,60624.03841021133,4,27556.8637472672
2023-01-11,89644.77085954542,60624.03841021133,4,29020.73244933409
2023-01-12,89748.07277466758,60624.03841021133,4,29124.034364456245
2023-01-13,90268.40145251367,60624.03841021133,4,29644.36304230235
2023-01-17,90115.44734359586,60624.03841021133,4,29491.408933384533
2023-01-18,89715.24369181339,60624.03841021133,4,29091.205281602055
2023-01-19,89579.76965367678,60624.03841021133,4,28955.731243465452
2023-01-20,91168.3830621505,60624.03841021133,4,30544.344651939165
2023-01-23,91767.81175706944,60624.03841021133,4,31143.773346858114
2023-01-24,91475.36735525426,60624.03841021133,4,30851.32894504293
2023-01-25,91046.83683093298,60624.03841021133,4,30422.79842072165
2023-01-26,92137.66903572268,60624.03841021133,4,31513.630625511352
2023-01-27,92836.26660854678,60624.03841021133,4,32212.22819833544
2023-01-30,91860.52660470788,60624.03841021133,4,31236.488194496545
2023-01-31,92716.99854713312,60624.03841021133,4,32092.960136921793
2023-02-01,93472.2067946688,60624.03841021133,4,32848.16838445748
2023-02-02,96330.7049889882,60624.03841021133,4,35706.666578776865
2023-02-03,94782.39219535771,60624.03841021133,4,34158.35378514637
2023-02-06,94116.09387968894,60624.03841021133,4,33492.05546947761
2023-02-07,95537.89994730466,60624.03841021133,4,34913.86153709333
2023-02-08,93960.48572552789,60624.03841021133,4,33336.44731531656
2023-02-09,92992.59664190722,60624.03841021133,4,32368.55823169589
2023-02-10,92820.90576974365,60624.03841021133,4,32196.86735953232
2023-02-13,93710.28820821905,60624.03841021133,4,33086.24979800772
2023-02-14,93691.48180784925,60624.03841021133,4,33067.44339763793
2023-02-15,94174.24201431355,60624.03841021133,4,33550.20360410223
2023-02-16,93184.28465692545,60624.03841021133,4,32560.246246714123
2023-02-17,92569.45801187161,60624.03841021133,4,31945.419601660287
2023-02-21,91360.92851731065,60624.03841021133,4,30736.89010709931
2023-02-22,91455.50557634266,60624.03841021133,4,30831.467166131337
2023-02-23,91540.75289473822,60624.03841021133,4,30916.714484526892
2023-02-24,90566.02455054334,60624.03841021133,4,29941.98614033201
2023-02-27,90846.0778797111,60624.03841021133,4,30222.039469499763
2023-02-28,90813.80516767231,60624.03841021133,4,30189.76675746098
2023-03-01,90331.67671376826,60624.03841021133,4,29707.63830355693
2023-03-02,90791.74633476397,60624.03841021133,4,30167.70792455264
2023-03-03,91870.01628307652,60624.03841021133,4,31245.97787286519
2023-03-06,92243.8648592651,60624.03841021133,4,31619.82644905377
2023-03-07,91736.88938756235,60624.03841021133,4,31112.850977351023
2023-03-08,91923.28401026683,60624.03841021133,4,31299.245600055496
2023-03-09,91262.5532071407,60624.03841021133,4,30638.514796929376
2023-03-10,90474.65998018111,60624.03841021133,4,29850.621569969782
2023-03-13,91142.6694592573,60624.03841021133,4,30518.63104904597
2023-03-14,92228.89131886297,60624.03841021133,4,31604.85290865163
2023-03-15,92996.50152929424,60624.03841021133,4,32372.463119082917
2023-03-16,94648.45793682663,60624.03841021133,4,34024.419526615304
2023-03-17,94809.42972980642,60624.03841021133,4,34185.39131959509
2023-03-20,94421.18136100861,60624.03841021133,4,33797.142950797286
2023-03-21,95247.37515217412,60624.03841021133,4,34623.33674196278
2023-03-22,94743.63634981561,60624.03841021133,4,34119.59793960429
2023-03-23,95390.22953245303,60624.03841021133,4,34766.19112224169
2023-03-24,95515.77459588955,60624.03841021133,4,34891.73618567823
2023-03-27,94760.12716075167,60624.03841021133,4,34136.088750540344
2023-03-28,94366.27098173668,60624.03841021133,4,33742.23257152536
2023-03-29,95241.61030385437,60624.03841021133,4,34617.57189364304
2023-03-30,95691.31907963281,60624.03841021133,4,35067.280669421474
2023-03-31,96610.17858505654,60624.03841021133,4,35986.140174845204
2023-04-03,96665.26108454478,60624.03841021133,4,36041.22267433345
2023-04-04,96820.20728216707,60624.03841021133,4,36196.16887195575
2023-04-05,96123.85306159778,60624.03841021133,4,35499.81465138645
2023-04-06,97190.5919961693,60624.03841021133,4,36566.55358595796
2023-04-10,96623.67582599868,60624.03841021133,4,35999.63741578734
2023-04-11,95787.1790900157,60624.03841021133,4,35163.140679804375
2023-04-12,95450.65406786001,60624.03841021133,4,34826.61565764868
2023-04-13,97041.41844475217,60624.03841021133,4,36417.38003454084
2023-04-14,96989.43158255378,60624.03841021133,4,36365.393172342454
2023-04-17,96748.91779900526,60624.03841021133,4,36124.87938879393
2023-04-18,96627.36626361833,60624.03841021133,4,36003.327853407
2023-04-19,96889.26219721552,60624.03841021133,4,36265.223787004186
2023-04-20,96733.1210308003,60624.03841021133,4,36109.082620588975
2023-04-21,96915.70772977572,60624.03841021133,4,36291.66931956438
2023-04-24,96702.15857540612,60624.03841021133,4,36078.12016519479
2023-04-25,95589.03571457487,60624.03841021133,4,34964.99730436354
2023-04-26,96853.04969286273,60624.03841021133,4,36229.011282651394
2023-04-27,98763.07138384429,60624.03841021133,4,38139.03297363296
2023-04-28,98551.14313117956,60624.03841021133,4,37927.10472096822
2023-05-01,98052.3729095574,60624.03841021133,4,37428.334499346056
2023-05-02,97880.94770794055,60624.03841021133,4,37256.90929772922
2023-05-03,97713.5460965303,60624.03841021133,4,37089.507686318975
2023-05-04,97604.66219423896,60624.03841021133,4,36980.62378402763
2023-05-05,98774.92566156617,60624.03841021133,4,38150.88725135485
2023-05-08,98968.56305925036,60624.03841021133,4,38344.524649039035
2023-05-09,98760.12303459179,60624.03841021133,4,38136.08462438045
2023-05-10,100119.601029487,60624.03841021133,4,39495.562619275675
2023-05-11,100823.68685798066,60624.03841021133,4,40199.64844776933
2023-05-12,100593.27390217263,60624.03841021133,4,39969.235491961306
2023-05-15,100544.57979113534,60624.03841021133,4,39920.54138092401
2023-05-16,101328.55802058356,60624.03841021133,4,40704.51961037223
2023-05-17,101901.54425203893,60624.03841021133,4,41277.50584182761
2023-05-18,102939.00605584083,60624.03841021133,4,42314.9676456295
2023-05-19,102719.29987962052,60624.03841021133,4,42095.26146940918
2023-05-22,102969.61870501697,60624.03841021133,4,42345.580294805644
2023-05-23,102068.78731819449,60624.03841021133,4,41444.74890798316
2023-05-24,101945.3099920364,60624.03841021133,4,41321.27158182508
2023-05-25,102889.53299734258,60624.03841021133,4,42265.49458713125
2023-05-26,104183.8007989277,60624.03841021133,4,43559.76238871636
2023-05-30,104291.05053038264,60624.03841021133,4,43667.01212017131
2023-05-31,103940.18801631028,60624.03841021133,4,43316.149606098945
2023-06-01,104699.29554679338,60624.03841021133,4,44075.25713658205
2023-06-02,105248.53467245391,60624.03841021133,4,44624.49626224258
2023-06-05,105454.00007488113,60624.03841021133,4,44829.9616646698
2023-06-06,105585.15050568958,60624.03841021133,4,44961.11209547825
2023-06-07,103554.4506868024,60624.03841021133,4,42930.41227659107
2023-06-08,104171.57887074104,60624.03841021133,4,43547.540460529715
2023-06-09,104223.03345188654,60624.03841021133,4,43598.99504167521
2023-06-12,105298.08992164594,60624.03841021133,4,44674.0515114346
2023-06-13,105422.4472995322,60624.03841021133,4,44798.40888932087
2023-06-14,105593.47962361816,60624.03841021133,4,44969.441213406826
2023-06-15,106698.11092574915,60624.03841021133,4,46074.072515537824
2023-06-16,105871.16018565986,60624.03841021133,4,45247.121775448526
2023-06-20,105548.21473209516,60624.03841021133,4,44924.17632188384
2023-06-21,104453.91741238072,60624.03841021133,4,43829.879002169386
2023-06-22,105995.0388342191,60624.03841021133,4,45371.00042400777
2023-06-23,105494.6762764166,60624.03841021133,4,44870.63786620527
2023-06-26,104211.38769425926,60624.03841021133,4,43587.34928404793
2023-06-27,104996.5538412977,60624.03841021133,4,44372.51543108637
2023-06-28,105444.36084778275,60624.03841021133,4,44820.32243757141
2023-06-29,105098.78686558676,60624.03841021133,4,44474.74845537543
2023-06-30,106138.42461339336,60624.03841021133,4,45514.38620318203
2023-07-03,105861.52973878331,60624.03841021133,4,45237.49132857198
2023-07-05,106050.99829405849,60624.03841021133,4,45426.95988384715
2023-07-06,105803.80363892765,60624.03841021133,4,45179.76522871632
2023-07-07,105523.24165836371,60624.03841021133,4,44899.20324815238
2023-07-10,104311.82357001703,60624.03841021133,4,43687.7851598057
2023-07-11,104539.31316302725,60624.03841021133,4,43915.274752815916
2023-07-12,105462.4388289784,60624.03841021133,4,44838.400418767065
2023-07-13,106951.59829329391,60624.03841021133,4,46327.55988308257
2023-07-14,107294.20587680733,60624.03841021133,4,46670.167466595994
2023-07-17,107328.51270945744,60624.03841021133,4,46704.47429924611
2023-07-18,107766.43955951286,75401.91184547108,3,32364.527714041767
2023-07-19,107928.45071411938,72703.66686641147,4,35224.783847707906
2023-07-20,106646.03413582376,70037.48270236915,4,36608.55143345462
2023-07-21,106583.63476224514,67372.8585421566,4,39210.77622008855
2023-07-24,106783.93956698256,64703.22669926086,4,42080.71286772171
2023-07-25,107210.27318184855,64703.22669926086,4,42507.046482587684
2023-07-26,107512.03081582583,64703.22669926086,4,42808.80411656497
2023-07-27,107103.74610684495,64703.22669926086,4,42400.519407584085
2023-07-28,108536.87062073947,64703.22669926086,4,43833.643921478615
2023-07-31,108659.45309202079,64703.22669926086,4,43956.226392759934
2023-08-01,108211.85038503453,64703.22669926086,4,43508.62368577367
2023-08-02,106690.66218675408,64703.22669926086,4,41987.43548749323
2023-08-03,106620.24228433073,64703.22669926086,4,41917.01558506987
2023-08-04,106997.08079627928,64703.22669926086,4,42293.854097018426
2023-08-07,107583.45885004051,64703.22669926086,4,42880.232150779644
2023-08-08,107189.2968167096,64703.22669926086,4,42486.07011744875
2023-08-09,106407.62132050458,64703.22669926086,4,41704.394621243715
2023-08-10,106484.6263122308,64703.22669926086,4,41781.39961296994
2023-08-11,106355.63976306604,64703.22669926086,4,41652.41306380518
2023-08-14,107091.20764434256,64703.22669926086,4,42387.98094508171
2023-08-15,106296.50102465751,64703.22669926086,4,41593.27432539666
2023-08-16,105690.9493979491,64703.22669926086,4,40987.72269868824
2023-08-17,105371.02177269003,64703.22669926086,4,40667.795073429166
2023-08-18,104933.82728475993,64703.22669926086,4,40230.600585499065
2023-08-21,105573.48893392633,64703.22669926086,4,40870.26223466548
2023-08-22,105738.97317303716,64703.22669926086,4,41035.7464737763
2023-08-23,106863.11531607968,64703.22669926086,4,42159.888616818826
2023-08-24,105373.49617670191,64703.22669926086,4,40670.26947744106
2023-08-25,105837.39893244309,64703.22669926086,4,41134.172233182224
2023-08-28,106157.74697150578,64703.22669926086,4,41454.520272244925
2023-08-29,107364.96848814277,64703.22669926086,4,42661.7417888819
2023-08-30,107880.99049961456,64703.22669926086,4,43177.7638003537
2023-08-31,108183.92644377307,64703.22669926086,4,43480.69974451222
2023-09-01,108291.19328252101,64703.22669926086,4,43587.96658326016
2023-09-05,108444.98391192374,64703.22669926086,4,43741.757212662895
2023-09-06,107407.22643566213,64703.22669926086,4,42703.99973640128
2023-09-07,107221.1290277885,64703.22669926086,4,42517.902328527634
2023-09-08,107622.25222589979,64703.22669926086,4,42919.025526638936
2023-09-11,108534.87110871116,64703.22669926086,4,43831.6444094503
2023-09-12,107541.15189477068,64703.22669926086,4,42837.925195509815
2023-09-13,108141.684093797,64703.22669926086,4,43438.45739453614
2023-09-14,108567.56680977729,61989.00361818333,5,46578.56319159396
2023-09-15,107363.68432175744,59304.87797533626,5,48058.806346421174
2023-09-18,107594.6342178821,59304.87797533626,5,48289.756242545845
2023-09-19,107005.83706736888,56629.698625621684,5,50376.138441747185
2023-09-20,105161.2715054584,54000.63399110074,5,51160.63751435766
2023-09-21,103419.9667431763,54000.63399110074,5,49419.332752075556
2023-09-22,103512.88355988266,54000.63399110074,5,49512.24956878192
2023-09-25,104199.49903246081,54000.63399110074,5,50198.86504136007
2023-09-26,102561.48383481953,54000.63399110074,5,48560.849843718795
2023-09-27,102914.8623354075,54000.63399110074,5,48914.228344306764
2023-09-28,103444.29491137083,54000.63399110074,5,49443.66092027009
2023-09-29,103621.11360821845,54000.63399110074,5,49620.479617117715
2023-10-02,105237.05770815226,54000.63399110074,5,51236.423717051526
2023-10-03,103579.8076778345,54000.63399110074,5,49579.17368673376
2023-10-04,104661.77558084679,54000.63399110074,5,50661.14158974605
2023-10-05,104920.9493214246,54000.63399110074,5,50920.315330323865
2023-10-06,106379.9824246553,54000.63399110074,5,52379.348433554565
2023-10-09,106585.74425530157,54000.63399110074,5,52585.11026420083
2023-10-10,106739.22578713277,54000.63399110074,5,52738.59179603203
2023-10-11,107961.68097086207,54000.63399110074,5,53961.04697976133
2023-10-12,107877.5010894346,54000.63399110074,5,53876.86709833386
2023-10-13,106449.41202612975,54000.63399110074,5,52448.77803502902
2023-10-16,107461.95442266445,54000.63399110074,5,53461.320431563705
2023-10-17,106451.35709089373,54000.63399110074,5,52450.723099792995
2023-10-18,104978.33088786801,54000.63399110074,5,50977.69689676727
2023-10-19,104965.61644641613,51376.46079416826,6,53589.15565224786
2023-10-20,103436.47005207842,48790.51673471963,6,54645.953317358784
2023-10-23,104366.35836166509,48790.51673471963,6,55575.841626945454
2023-10-24,105482.96489750687,46153.40966491727,6,59329.5552325896
2023-10-25,102127.93830545498,43600.17930785115,6,58527.758997603836
2023-10-26,99425.65067418467,43600.17930785115,6,55825.47136633352
2023-10-27,100683.61713822478,43600.17930785115,6,57083.43783037364
2023-10-30,101287.52396131639,43600.17930785115,6,57687.34465346523
2023-10-31,101472.87597366338,43600.17930785115,6,57872.69666581224
2023-11-01,103690.68581533708,43600.17930785115,6,60090.50650748593
2023-11-02,105997.53040220399,43600.17930785115,6,62397.35109435285
2023-11-03,107005.97879449211,43600.17930785115,6,63405.79948664097
2023-11-06,107870.50409537046,43600.17930785115,6,64270.32478751931
2023-11-07,109046.36356732395,43600.17930785115,6,65446.18425947281
2023-11-08,109483.7879675368,43600.17930785115,6,65883.60865968566
2023-11-09,107878.89481382466,43600.17930785115,6,64278.715505973516
2023-11-10,110228.66033829688,43600.17930785115,6,66628.48103044574
2023-11-13,110735.64448748884,43600.17930785115,6,67135.46517963769
2023-11-14,113318.9540234167,43600.17930785115,6,69718.77471556555
2023-11-15,113552.28281950465,43600.17930785115,6,69952.10351165349
2023-11-16,113489.33080263122,43600.17930785115,6,69889.15149478006
2023-11-17,113214.9365310237,43600.17930785115,6,69614.75722317256
2023-11-20,114538.53267284177,43600.17930785115,6,70938.35336499062
2023-11-21,114446.77866821521,43600.17930785115,6,70846.59936036407
2023-11-22,113975.70617806364,43600.17930785115,6,70375.5268702125
2023-11-24,113293.56349471965,43600.17930785115,6,69693.3841868685
2023-11-27,113687.63303368184,43600.17930785115,6,70087.45372583068
2023-11-28,114819.51626744115,43600.17930785115,6,71219.33695959
2023-11-29,114030.65115275158,43600.17930785115,6,70430.47184490043
2023-11-30,112795.63838987035,43600.17930785115,6,69195.4590820192
2023-12-01,112513.5500098925,43600.17930785115,6,68913.37070204136
2023-12-04,110750.51213651072,43600.17930785115,6,67150.33282865956
2023-12-05,112409.74862646067,43600.17930785115,6,68809.56931860953
2023-12-06,111402.55604306006,43600.17930785115,6,67802.3767352089
2023-12-07,113507.03859093689,43600.17930785115,6,69906.85928308575
2023-12-08,113851.20174833373,43600.17930785115,6,70251.02244048259
2023-12-11,112353.25466889355,43600.17930785115,6,68753.0753610424
2023-12-12,112784.82831301572,43600.17930785115,6,69184.64900516457
2023-12-13,113538.42924074887,43600.17930785115,6,69938.24993289773
2023-12-14,114199.01298627476,43600.17930785115,6,70598.8336784236
2023-12-15,115043.91326606821,43600.17930785115,6,71443.73395821705
2023-12-18,116352.99840153812,43600.17930785115,6,72752.81909368698
2023-12-19,116856.64141098448,43600.17930785115,6,73256.46210313332
2023-12-20,114956.79673971512,43600.17930785115,6,71356.61743186397
2023-12-21,116133.00175660927,43600.17930785115,6,72532.82244875813
2023-12-22,115892.99271049377,43600.17930785115,6,72292.81340264261
2023-12-26,116463.28461140185,43600.17930785115,6,72863.1053035507
2023-12-27,116845.43565632091,43600.17930785115,6,73245.25634846976
2023-12-28,115997.83908845144,43600.17930785115,6,72397.65978060028
2023-12-29,115241.83235988845,43600.17930785115,6,71641.65305203729
2024-01-02,113373.76138490398,43600.17930785115,6,69773.58207705284
2024-01-03,111929.69469923177,43600.17930785115,6,68329.51539138063
2024-01-04,110913.53448731243,43600.17930785115,6,67313.35517946127
2024-01-05,111167.25864180503,43600.17930785115,6,67567.0793339539
2024-01-08,114123.23051714414,43600.17930785115,6,70523.051209293
2024-01-09,114420.88899271243,43600.17930785115,6,70820.70968486129
2024-01-10,115620.82431560598,43600.17930785115,6,72020.64500775484
2024-01-11,115305.32148123733,43600.17930785115,6,71705.1421733862
2024-01-12,114643.9560201928,43600.17930785115,6,71043.77671234164
2024-01-16,115092.1776344626,43600.17930785115,6,71491.99832661146
2024-01-17,114102.46476384145,43600.17930785115,6,70502.2854559903
2024-01-18,115327.22386476467,43600.17930785115,6,71727.04455691353
2024-01-19,117206.07318327781,59646.041425560215,5,57560.031757717596
2024-01-22,116827.1003752244,56725.32742549994,6,60101.77294972445
2024-01-23,117390.7257502967,56725.32742549994,6,60665.39832479675
2024-01-24,117835.92635901706,56725.32742549994,6,61110.598933517125
2024-01-25,116279.36601450754,53818.30695554118,6,62461.05905896636
2024-01-26,116194.2331023168,53818.30695554118,6,62375.92614677562
2024-01-29,117632.5610232579,53818.30695554118,6,63814.254067716734
2024-01-30,116778.1810110313,50898.81595486559,6,65879.36505616571
2024-01-31,113277.96612676514,50898.81595486559,6,62379.15017189955
2024-02-01,114890.17510723766,50898.81595486559,6,63991.359152372075
2024-02-02,117245.35683639202,50898.81595486559,6,66346.54088152644
2024-02-05,117324.8803219171,50898.81595486559,6,66426.0643670515
2024-02-06,117398.9702652104,50898.81595486559,6,66500.1543103448
2024-02-07,118762.4065340916,50898.81595486559,6,67863.59057922602
2024-02-08,118659.99097055255,50898.81595486559,6,67761.17501568697
2024-02-09,120857.45836947937,50898.81595486559,6,69958.64241461377
2024-02-12,119593.22157662772,50898.81595486559,6,68694.40562176214
2024-02-13,117870.51550709305,50898.81595486559,6,66971.69955222745
2024-02-14,119054.99083665325,50898.81595486559,6,68156.17488178767
2024-02-15,118958.28483926694,50898.81595486559,6,68059.46888440136
2024-02-16,118267.62087808055,50898.81595486559,6,67368.80492321496
2024-02-20,116743.32737876783,50898.81595486559,6,65844.51142390224
2024-02-21,116740.40589077791,50898.81595486559,6,65841.58993591233
2024-02-22,120821.12081250892,50898.81595486559,6,69922.30485764332
2024-02-23,120912.9734216446,60990.231639370555,6,59922.74178227403
2024-02-26,120336.24576584237,57981.78790847123,6,62354.45785737113
2024-02-27,120480.09021528543,54969.74802140635,6,65510.34219387908
2024-02-28,119968.31625501817,54969.74802140635,6,64998.56823361182
2024-02-29,121048.58172312961,54969.74802140635,6,66078.83370172327
2024-03-01,121723.61318850363,54969.74802140635,6,66753.86516709729
2024-03-04,120108.55369272889,54969.74802140635,6,65138.805671322545
2024-03-05,118172.39152459083,54969.74802140635,6,63202.64350318448
2024-03-06,118025.0212244606,54969.74802140635,6,63055.27320305425
2024-03-07,119925.19914581729,54969.74802140635,6,64955.451124410945
2024-03-08,118685.90576587021,54969.74802140635,6,63716.15774446386
2024-03-11,118514.66321696644,54969.74802140635,6,63544.91519556008
2024-03-12,120598.46513145088,54969.74802140635,6,65628.71711004453
2024-03-13,119989.11410232475,54969.74802140635,6,65019.3660809184
2024-03-14,120312.73672589692,54969.74802140635,6,65342.98870449058
2024-03-15,119061.16942860941,54969.74802140635,6,64091.421407203066
2024-03-18,120814.81874358948,54969.74802140635,6,65845.07072218313
2024-03-19,120936.16637395756,54969.74802140635,6,65966.41835255122
2024-03-20,122253.82195605725,54969.74802140635,6,67284.0739346509
2024-03-21,121707.48398072037,54969.74802140635,6,66737.73595931401
2024-03-22,122626.6784042375,54969.74802140635,6,67656.93038283115
2024-03-25,122503.10305891841,54969.74802140635,6,67533.35503751207
2024-03-26,122209.04119452104,54969.74802140635,6,67239.29317311468
2024-03-27,122309.67472621065,54969.74802140635,6,67339.9267048043
2024-03-28,121797.45656892454,54969.74802140635,6,66827.7085475182
2024-04-01,122737.49298705824,69467.03943464588,5,53270.45355241237
2024-04-02,121455.22561679783,69467.03943464588,5,51988.18618215195
2024-04-03,121495.7446161905,69467.03943464588,5,52028.70518154462
2024-04-04,119913.77419878036,66469.15762488115,6,53444.616573899206
2024-04-05,121004.87151787485,66469.15762488115,6,54535.713892993714
2024-04-08,121559.6637480266,63430.12806229539,6,58129.535685731214
2024-04-09,122221.5533188385,75131.94269571811,5,47089.61062312039
2024-04-10,121870.93615770983,72085.13122566504,6,49785.80493204478
2024-04-11,124293.17548994016,72085.13122566504,6,52208.04426427512
2024-04-12,122890.88259302867,69012.82077615106,6,53878.06181687761
2024-04-15,120317.9996105978,66004.833204832,6,54313.166405765805
2024-04-16,119959.45350768694,66004.833204832,6,53954.620302854935
2024-04-17,118708.49650012865,63037.08371399932,6,55671.41278612934
2024-04-18,117720.26443451122,63037.08371399932,6,54683.180720511904
2024-04-19,114295.6679073819,60179.656316322296,6,54116.01159105959
2024-04-22,115728.38877394173,60179.656316322296,6,55548.73245761943
2024-04-23,117692.79078283519,60179.656316322296,6,57513.134466512885
2024-04-24,117784.11855006343,60179.656316322296,6,57604.46223374114
2024-04-25,117885.49207615372,60179.656316322296,6,57705.83575983143
2024-04-26,122155.19821990455,60179.656316322296,6,61975.54190358225
2024-04-29,123370.2796129233,60179.656316322296,6,63190.62329660101
2024-04-30,119953.73479835715,60179.656316322296,6,59774.07848203485
2024-05-01,119432.93113978134,60179.656316322296,6,59253.274823459054
2024-05-02,121864.66341537453,60179.656316322296,6,61685.007099052236
2024-05-03,124611.53929232522,60179.656316322296,6,64431.882976002926
2024-05-06,126495.3030517032,60179.656316322296,6,66315.6467353809
2024-05-07,125723.41023789352,60179.656316322296,6,65543.75392157122
2024-05-08,125248.09130342548,60179.656316322296,6,65068.43498710318
2024-05-09,125099.85589790944,60179.656316322296,6,64920.199581587134
2024-05-10,124741.82431411883,60179.656316322296,6,64562.167997796525
2024-05-13,125382.1833907635,60179.656316322296,6,65202.527074441205
2024-05-14,126444.08321444,60179.656316322296,6,66264.42689811772
2024-05-15,128142.02801602532,60179.656316322296,6,67962.37169970303
2024-05-16,127826.44531236505,60179.656316322296,6,67646.78899604276
2024-05-17,127692.38389573773,60179.656316322296,6,67512.72757941544
2024-05-20,128702.38527275887,60179.656316322296,6,68522.72895643658
2024-05-21,130018.32809613983,60179.656316322296,6,69838.67177981752
2024-05-22,129124.13445331095,60179.656316322296,6,68944.47813698866
2024-05-23,129517.77860515102,78021.8904135965,5,51495.88819155452
2024-05-24,130495.4377148597,78021.8904135965,5,52473.54730126319
2024-05-28,130716.6631584489,78021.8904135965,5,52694.772744852395
2024-05-29,130562.32852166338,78021.8904135965,5,52540.438108066875
2024-05-30,129038.93385027855,74795.87676232141,6,54243.05708795714
2024-05-31,128754.66178436216,71576.97000148596,6,57177.691782876216
2024-06-03,129650.51914344667,71576.97000148596,6,58073.54914196072
2024-06-04,130075.23190928948,71576.97000148596,6,58498.26190780352
2024-06-05,131951.35256661096,71576.97000148596,6,60374.38256512502
2024-06-06,132370.24892684817,64958.29217088991,7,67411.95675595828
2024-06-07,132135.35894253978,61654.86692514693,7,70480.49201739284
2024-06-10,132621.10249801114,61654.86692514693,7,70966.23557286421
2024-06-11,134444.49405370935,61654.86692514693,7,72789.62712856242
2024-06-12,136982.27482793754,58230.26726834584,7,78752.00755959172
2024-06-13,137274.83916248142,54798.35341179934,7,82476.48575068207
2024-06-14,137513.85169927415,54798.35341179934,7,82715.49828747482
2024-06-17,139054.2227952977,54798.35341179934,7,84255.86938349837
2024-06-18,138489.32881449364,54798.35341179934,7,83690.9754026943
2024-06-20,139127.6488702575,65944.19203045483,7,73183.45683980266
2024-06-21,139319.10496243875,65944.19203045483,7,73374.91293198393
2024-06-24,138550.36596990848,62480.38960531475,7,76069.97636459372
2024-06-25,140953.82607995393,62480.38960531475,7,78473.43647463918
2024-06-26,143161.5506586549,62480.38960531475,7,80681.16105334015
2024-06-27,144205.78689030142,58875.19989070696,7,85330.58699959447
2024-06-28,141363.53440435807,55341.067376018866,7,86022.4670283392
2024-07-01,144323.6333043146,55341.067376018866,7,88982.56592829573
2024-07-02,147041.256078096,55341.067376018866,7,91700.18870207711
2024-07-03,149365.85627291654,55341.067376018866,7,94024.78889689769
2024-07-05,152842.9638511237,55341.067376018866,7,97501.89647510482
2024-07-08,152596.23212012422,55341.067376018866,7,97255.16474410534
2024-07-09,153850.85485218427,55341.067376018866,7,98509.78747616541
2024-07-10,155932.1944798503,70342.9212989918,6,85589.27318085848
2024-07-11,148698.61493910092,66625.40947983938,7,82073.20545926156
2024-07-12,148730.70441206833,66625.40947983938,7,82105.29493222895
2024-07-15,148897.64056775928,62902.92195780529,7,85994.71860995401
2024-07-16,147763.90107244145,59208.7782772751,7,88555.12279516635
2024-07-17,141684.37092921627,59208.7782772751,7,82475.59265194117
2024-07-18,141519.88782946148,55670.736878122785,7,85849.15095133868
2024-07-19,139719.65624657346,55670.736878122785,7,84048.91936845068
2024-07-22,143123.19894367483,55670.736878122785,7,87452.46206555204
2024-07-23,143173.10222626402,55670.736878122785,7,87502.36534814123
2024-07-24,133819.20851286702,55670.736878122785,7,78148.47163474423
2024-07-25,131791.02151346407,52375.92017565972,7,79415.10133780436
2024-07-26,133131.99560338067,52375.92017565972,7,80756.07542772096
2024-07-29,134286.05657636776,52375.92017565972,7,81910.13640070803
2024-07-30,131616.18291309517,52375.92017565972,7,79240.26273743543
2024-07-31,136189.2739267978,52375.92017565972,7,83813.35375113809
2024-08-01,133617.98562632987,52375.92017565972,7,81242.06545067015
2024-08-02,129047.61190133517,52375.92017565972,7,76671.69172567545
2024-08-05,122614.0339106378,52375.92017565972,7,70238.11373497808
2024-08-06,124128.44431945948,52375.92017565972,7,71752.52414379976
2024-08-07,122747.40886095361,52375.92017565972,7,70371.4886852939
2024-08-08,126752.58531913481,52375.92017565972,7,74376.6651434751
2024-08-09,127965.05959541752,52375.92017565972,7,75589.1394197578
2024-08-12,128474.0200248206,52375.92017565972,7,76098.09984916088
2024-08-13,132612.77871467086,52375.92017565972,7,80236.85853901115
2024-08-14,131999.71080371097,52375.92017565972,7,79623.79062805125
2024-08-15,135983.99922319766,52375.92017565972,7,83608.07904753795
2024-08-16,136074.48034472298,52375.92017565972,7,83698.56016906325
2024-08-19,138574.97685892583,52375.92017565972,7,86199.0566832661
2024-08-20,138122.99997342817,52375.92017565972,7,85747.07979776846
2024-08-21,138796.77273405474,52375.92017565972,7,86420.85255839502
2024-08-22,135238.4746415967,52375.92017565972,7,82862.55446593698
2024-08-23,137394.2956348622,52375.92017565972,7,85018.37545920249
2024-08-26,135692.70787389803,52375.92017565972,7,83316.7876982383
2024-08-27,135300.7523650318,52375.92017565972,7,82924.83218937207
2024-08-28,133403.68983458902,52375.92017565972,7,81027.7696589293
2024-08-29,132389.64592640527,52375.92017565972,7,80013.72575074555
2024-08-30,134399.57245610768,52375.92017565972,7,82023.65228044796
2024-09-03,128998.93464177815,52375.92017565972,7,76623.01446611843
2024-09-04,128507.64686391829,52375.92017565972,7,76131.72668825857
2024-09-05,130451.6014977305,52375.92017565972,7,78075.68132207078
2024-09-06,125137.30725122361,52375.92017565972,7,72761.38707556389
2024-09-09,126682.30517011284,52375.92017565972,7,74306.38499445312
2024-09-10,128433.73627877934,52375.92017565972,7,76057.81610311962
2024-09-11,132104.7894455312,52375.92017565972,7,79728.8692698715
2024-09-12,134497.2678810892,52375.92017565972,7,82121.34770542949
2024-09-13,134848.28089041112,52375.92017565972,7,82472.3607147514
2024-09-16,133829.2058991614,52375.92017565972,7,81453.2857235017
2024-09-17,134510.7270124298,52375.92017565972,7,82134.80683677009
2024-09-18,134301.02288681723,52375.92017565972,7,81925.10271115752
2024-09-19,139630.65021809848,52375.92017565972,7,87254.73004243876
2024-09-20,139144.83015468158,52375.92017565972,7,86768.90997902188
2024-09-23,139761.9002244575,52375.92017565972,7,87385.98004879778
2024-09-24,140253.1512193204,52375.92017565972,7,87877.23104366068
2024-09-25,140977.85171202308,52375.92017565972,7,88601.93153636338
2024-09-26,140947.47883202316,52375.92017565972,7,88571.55865636346
2024-09-27,140379.98692078018,52375.92017565972,7,88004.06674512046
2024-09-30,141637.16611710802,52375.92017565972,7,89261.2459414483
2024-10-01,139293.01238560624,52375.92017565972,7,86917.09220994651
2024-10-02,138380.264000431,52375.92017565972,7,86004.34382477126
2024-10-03,138536.1260937224,52375.92017565972,7,86160.20591806268
2024-10-04,141130.57327282662,52375.92017565972,7,88754.65309716691
2024-10-07,138067.05353341877,48924.20071239342,8,89142.85282102534
2024-10-08,141190.89962357047,48924.20071239342,8,92266.69891117704
2024-10-09,141287.03136830404,48924.20071239342,8,92362.83065591061
2024-10-10,141252.475468873,48924.20071239342,8,92328.27475647956
2024-10-11,140312.55112565815,45416.34310794507,8,94896.2080177131
2024-10-14,141700.1019007899,41873.79630072008,8,99826.30560006981
2024-10-15,140057.6830981475,38372.31047656694,8,101685.37262158057
2024-10-16,139688.47241937264,38372.31047656694,8,101316.16194280572
2024-10-17,139063.08677654158,38372.31047656694,8,100690.77629997463
2024-10-18,142679.22230091773,38372.31047656694,8,104306.91182435078
2024-10-21,144560.71631259675,38372.31047656694,8,106188.40583602981
2024-10-22,145131.05845356872,38372.31047656694,8,106758.74797700177
2024-10-23,140490.8519825556,38372.31047656694,8,102118.54150598867
2024-10-24,144165.53740701475,38372.31047656694,8,105793.22693044782
2024-10-25,146082.20076906297,38372.31047656694,8,107709.89029249601
2024-10-28,145883.38719705018,38372.31047656694,8,107511.07672048324
2024-10-29,148136.5433973209,38372.31047656694,8,109764.23292075397
2024-10-30,147880.96158986003,38372.31047656694,8,109508.6511132931
2024-10-31,140963.50862587086,38372.31047656694,8,102591.19814930392
2024-11-01,142616.42699941082,38372.31047656694,8,104244.11652284388
2024-11-04,141208.98034209304,38372.31047656694,8,102836.66986552608
2024-11-05,144295.78147527983,38372.31047656694,8,105923.47099871287
2024-11-06,151174.92503331858,38372.31047656694,8,112802.61455675165
2024-11-07,156236.6275026481,38372.31047656694,8,117864.31702608115
2024-11-08,156821.28085753438,38372.31047656694,8,118448.97038096745
2024-11-11,157609.78430698658,53965.192160428895,7,103644.59214655768
2024-11-12,159656.29013979703,49973.735038654086,8,109682.55510114295
2024-11-13,159994.935698845,45973.81167212791,8,114021.12402671708
2024-11-14,158762.70207973217,42004.69453096492,8,116758.00754876724
2024-11-15,153613.4134559263,42004.69453096492,8,111608.71892496137
2024-11-18,156217.83335281548,42004.69453096492,8,114213.13882185055
2024-11-19,160669.40064308362,42004.69453096492,8,118664.7061121187
2024-11-20,160284.82491118135,62999.60637232977,7,97285.2185388516
2024-11-21,158141.95550184298,62999.60637232977,7,95142.34912951321
2024-11-22,157546.6538095702,62999.60637232977,7,94547.04743724044
2024-11-25,156890.27212750848,59077.30056482163,8,97812.97156268684
2024-11-26,159303.6069861797,59077.30056482163,8,100226.30642135805
2024-11-27,157800.09879123225,59077.30056482163,8,98722.79822641061
2024-11-29,160197.20841391842,59077.30056482163,8,101119.90784909678
2024-12-02,163688.74865918292,59077.30056482163,8,104611.44809436129
2024-12-03,165511.33378009038,59077.30056482163,8,106434.03321526875
2024-12-04,168594.87241827504,59077.30056482163,8,109517.57185345341
2024-12-05,169627.71816038754,59077.30056482163,8,110550.41759556592
2024-12-06,172868.96971086462,59077.30056482163,8,113791.66914604299
2024-12-09,172931.8776308882,68362.2666920336,8,104569.61093885457
2024-12-10,173999.73413059005,64012.218990346795,8,109987.51514024327
2024-12-11,179402.62188760546,64012.218990346795,8,115390.40289725867
2024-12-12,173586.05326163382,59672.51343959617,8,113913.53982203765
2024-12-13,172212.4152719884,59672.51343959617,8,112539.90183239224
2024-12-16,175882.15928416158,59672.51343959617,8,116209.6458445654
2024-12-17,175965.81756632315,55273.31303791433,8,120692.50452840881
2024-12-18,166745.44694857995,46935.832357634754,9,119809.61459094519
2024-12-19,168085.78270174976,46935.832357634754,9,121149.950344115
2024-12-20,169389.91203932726,46935.832357634754,9,122454.07968169251
2024-12-23,171612.5042768869,42645.46614793635,9,128967.03812895055
2024-12-24,176509.52849525187,42645.46614793635,9,133864.0623473155
2024-12-26,175047.96853543783,38269.2122587147,9,136778.75627672314
2024-12-27,169252.63074407185,38269.2122587147,9,130983.41848535716
2024-12-30,165519.72890845797,38269.2122587147,9,127250.51664974325
2024-12-31,162007.66316631454,30168.626686966396,9,131839.03647934814
2025-01-02,160316.656341039,30168.626686966396,9,130148.0296540726
2025-01-03,166788.0866292933,30168.626686966396,9,136619.4599423269
2025-01-06,169289.8498305381,30168.626686966396,9,139121.2231435717
2025-01-07,161167.68256655306,30168.626686966396,9,130999.05587958668
2025-01-08,159756.54433525557,30168.626686966396,9,129587.91764828916
2025-01-10,155729.57926611378,30168.626686966396,9,125560.95257914739
2025-01-13,154057.95574296993,30168.626686966396,9,123889.32905600355
2025-01-14,151932.49783820007,30168.626686966396,9,121763.87115123367
2025-01-15,160485.6974043049,30168.626686966396,9,130317.0707173385
2025-01-16,156723.79187278188,30168.626686966396,9,126555.16518581547
2025-01-17,161503.12116875895,30168.626686966396,9,131334.49448179256
2025-01-21,163245.12841448208,30168.626686966396,9,133076.5017275157
2025-01-22,170039.46620017054,30168.626686966396,9,139870.83951320415
2025-01-23,172652.6509789601,30168.626686966396,9,142484.0242919937
2025-01-24,171638.25933926005,30168.626686966396,9,141469.63265229366
2025-01-27,164129.1469295872,50362.441240293505,8,113766.7056892937
2025-01-28,170026.09411374704,50362.441240293505,8,119663.65287345354
2025-01-29,168332.54642983776,50362.441240293505,8,117970.10518954425
2025-01-30,168532.41799969188,46149.078149582936,9,122383.33985010895
2025-01-31,169544.59428948883,41910.410335476474,9,127634.18395401235
2025-02-03,166831.97184927107,41910.410335476474,9,124921.56151379459
2025-02-04,176793.1465293311,67226.22593295877,8,109566.92059637234
2025-02-05,173862.9377649916,62879.598183139955,9,110983.33958185164
2025-02-06,175880.93138819374,62879.598183139955,9,113001.33320505377
2025-02-07,171837.50455964886,54287.50826025689,9,117549.99629939196
2025-02-10,174146.5911868792,54287.50826025689,9,119859.08292662233
2025-02-11,171622.70762158616,49996.886963754005,9,121625.82065783217
2025-02-12,173244.60315561807,49996.886963754005,9,123247.71619186406
2025-02-13,177002.2375367415,49996.886963754005,9,127005.3505729875
2025-02-14,178593.1100178436,49996.886963754005,9,128596.2230540896
2025-02-18,177773.98147286702,49996.886963754005,9,127777.094509113
2025-02-19,175143.76915356782,45618.238029156004,9,129525.53112441182
2025-02-20,171700.87813731167,45618.238029156004,9,126082.64010815565
2025-02-21,165019.15497152274,41492.707611509395,9,123526.44736001336
2025-02-24,158817.8909712275,41492.707611509395,9,117325.18335971808
2025-02-25,154004.83363018546,41492.707611509395,9,112512.12601867608
2025-02-26,154904.97122573218,41492.707611509395,9,113412.26361422277
2025-02-27,147620.05876907284,41492.707611509395,9,106127.35115756345
2025-02-28,151215.41993345128,41492.707611509395,9,109722.71232194187
2025-03-03,145834.15334901374,41492.707611509395,9,104341.44573750434
2025-03-04,145024.200415514,41492.707611509395,9,103531.49280400459
2025-03-05,149813.38695975894,41492.707611509395,9,108320.67934824956
2025-03-06,139714.76501345914,41492.707611509395,9,98222.05740194974
2025-03-07,140366.54383571548,41492.707611509395,9,98873.83622420608
2025-03-10,130161.80473042498,41492.707611509395,9,88669.09711891558
2025-03-11,131521.72084481828,41492.707611509395,9,90029.0132333089
2025-03-12,136201.73609468504,41492.707611509395,9,94709.02848317564
2025-03-13,130596.81533600662,41492.707611509395,9,89104.10772449723
2025-03-14,136341.51700473466,41492.707611509395,9,94848.80939322525
2025-03-17,136542.93206046004,41492.707611509395,9,95050.22444895064
2025-03-18,131779.77926515444,41492.707611509395,9,90287.07165364503
2025-03-19,135167.04320685228,41492.707611509395,9,93674.3355953429
2025-03-20,134922.9198097664,41492.707611509395,9,93430.21219825702
2025-03-21,137781.55719478359,41492.707611509395,9,96288.84958327418
2025-03-24,143694.49717704926,41492.707611509395,9,102201.78956553986
2025-03-25,145903.33272392373,41492.707611509395,9,104410.62511241435
2025-03-26,139604.1888940283,41492.707611509395,9,98111.48128251893
2025-03-27,138574.7961860422,41492.707611509395,9,97082.0885745328
2025-03-28,130908.49044101695,41492.707611509395,9,89415.78282950756
2025-03-31,130218.84134822573,41492.707611509395,9,88726.13373671634
2025-04-01,131972.98121321222,41492.707611509395,9,90480.27360170282
2025-04-02,133847.27595931018,41492.707611509395,9,92354.56834780077
2025-04-03,123272.89003845278,41492.707611509395,9,81780.18242694339
2025-04-04,112676.32970792564,41492.707611509395,9,71183.62209641625
2025-04-07,114214.74009989611,41492.707611509395,9,72722.03248838671
2025-04-08,111987.4734298996,41492.707611509395,9,70494.76581839021
2025-04-09,130277.58697070024,41492.707611509395,9,88784.87935919085
2025-04-10,122756.796638764,41492.707611509395,9,81264.08902725461
2025-04-11,124616.12752481844,41492.707611509395,9,83123.41991330904
2025-04-14,125926.00320448131,41492.707611509395,9,84433.29559297192
2025-04-15,127917.20093901068,41492.707611509395,9,86424.49332750129
2025-04-16,121711.0546348664,41492.707611509395,9,80218.34702335701
2025-04-17,121535.8478976838,41492.707611509395,9,80043.1402861744
2025-04-21,118084.99131155189,41492.707611509395,9,76592.28370004249
2025-04-22,123582.44989589106,41492.707611509395,9,82089.74228438166
2025-04-23,128844.42366064514,41492.707611509395,9,87351.71604913575
2025-04-24,135605.30813321847,41492.707611509395,9,94112.60052170907
2025-04-25,139901.46259005048,41492.707611509395,9,98408.75497854107
2025-04-28,140432.0580978064,41492.707611509395,9,98939.35048629703
2025-04-29,142027.8743239982,41492.707611509395,9,100535.1667124888
2025-04-30,141801.7354373833,41492.707611509395,9,100309.0278258739
2025-05-01,144745.4054055756,41492.707611509395,9,103252.69779406622
2025-05-02,149624.98686996894,41492.707611509395,9,108132.27925845954
2025-05-05,147386.4253530129,41492.707611509395,9,105893.7177415035
2025-05-06,141770.71891497268,41492.707611509395,9,100278.01130346328
2025-05-07,142501.68485984602,41492.707611509395,9,101008.97724833661
2025-05-08,145674.05708394578,41492.707611509395,9,104181.34947243638
2025-05-09,145219.01348295127,41492.707611509395,9,103726.30587144187
2025-05-12,151510.26037590276,41492.707611509395,9,110017.55276439337
2025-05-13,158162.10941777358,41492.707611509395,9,116669.40180626418
2025-05-14,161530.34629381623,41492.707611509395,9,120037.63868230683
2025-05-15,160298.62765949772,66972.39971648394,8,93326.2279430138
2025-05-16,161283.82444676026,62940.2537286784,9,98343.57071808187
2025-05-19,160019.8020315304,62940.2537286784,9,97079.548302852
2025-05-20,158905.60240931952,62940.2537286784,9,95965.34868064112
2025-05-21,155961.79382916223,62940.2537286784,9,93021.54010048383
2025-05-22,157516.5099604684,59002.29177974229,9,98514.21818072611
2025-05-23,155723.5766248866,59002.29177974229,9,96721.2848451443
2025-05-26,155723.5766248866,59002.29177974229,9,96721.2848451443
2025-05-27,160391.8277287132,59002.29177974229,9,101389.5359489709
2025-05-28,159761.5878852204,55008.202181442386,9,104753.38570377801
2025-05-29,159541.54793774337,51019.613650558385,9,108521.93428718498
2025-05-30,161577.61604921613,51019.613650558385,9,110558.00239865773
2025-06-02,163270.74116483043,51019.613650558385,9,112251.12751427204
2025-06-03,163737.18620340628,51019.613650558385,9,112717.5725528479
2025-06-04,164074.50106680254,51019.613650558385,9,113054.88741624414
2025-06-05,158726.70622765197,51019.613650558385,9,107707.0925770936
2025-06-06,163509.4205151182,51019.613650558385,9,112489.80686455981
2025-06-09,165424.404555912,51019.613650558385,9,114404.79090535363
2025-06-10,166768.2443658897,51019.613650558385,9,115748.63071533131
2025-06-11,166874.57872046257,51019.613650558385,9,115854.96506990418
2025-06-12,166448.19799930585,51019.613650558385,9,115428.58434874746
2025-06-13,165578.61951134377,51019.613650558385,9,114559.00586078537
2025-06-16,169691.10226861376,51019.613650558385,9,118671.48861805539
2025-06-17,167120.4687953791,51019.613650558385,9,116100.8551448207
2025-06-18,167592.41548749138,51019.613650558385,9,116572.801836933
2025-06-20,165108.31129373497,51019.613650558385,9,114088.69764317658
2025-06-23,168577.2236760215,51019.613650558385,9,117557.6100254631
2025-06-24,171170.60082299306,51019.613650558385,9,120150.98717243467
2025-06-25,171861.92567002145,51019.613650558385,9,120842.31201946305
2025-06-26,175103.79001642193,51019.613650558385,9,124084.17636586355
2025-06-27,172863.0147149035,51019.613650558385,9,121843.40106434512
2025-06-30,174635.5758344317,51019.613650558385,9,123615.9621838733
2025-07-01,169181.78565866777,51019.613650558385,9,118162.17200810938
2025-07-02,170856.26302566315,51019.613650558385,9,119836.64937510477
2025-07-03,173191.6162992512,51019.613650558385,9,122172.00264869281
2025-07-07,172737.17900307899,51019.613650558385,9,121717.5653525206
2025-07-08,172140.52006027132,51019.613650558385,9,121120.90640971292
2025-07-09,175378.66141385055,51019.613650558385,9,124359.04776329217
2025-07-10,174876.85577333265,51019.613650558385,9,123857.24212277427
2025-07-11,174996.7497179599,51019.613650558385,9,123977.1360674015
2025-07-14,177838.56958078948,51019.613650558385,9,126818.95593023108
2025-07-15,178208.9451918067,51019.613650558385,9,127189.33154124834
2025-07-16,178812.36711330788,51019.613650558385,9,127792.75346274948
2025-07-17,180374.01905075664,76595.05617035409,8,103778.96288040257
2025-07-18,179250.11425049428,72113.74732572536,9,107136.36692476894
2025-07-21,181126.06945366223,67585.53901506707,9,113540.53043859516
2025-07-22,178512.09000266404,63122.68100715429,9,115389.40899550974
2025-07-23,180055.32972703615,63122.68100715429,9,116932.64871988186
2025-07-24,180512.48627431583,63122.68100715429,9,117389.80526716153
2025-07-25,181691.8549392429,63122.68100715429,9,118569.17393208863
2025-07-28,182441.96483359474,63122.68100715429,9,119319.28382644046
2025-07-29,180927.10644959475,63122.68100715429,9,117804.42544244046
2025-07-30,181970.63992790497,63122.68100715429,9,118847.95892075068
2025-07-31,184204.5257017312,74557.51403420116,9,109647.01166753007
2025-08-01,177872.95460938202,70110.63461075292,9,107762.31999862911
2025-08-04,182839.07930015007,70110.63461075292,9,112728.44468939715
2025-08-05,183504.02183315472,65522.9767478593,9,117981.04508529544
2025-08-06,188362.2501730548,60813.86165901158,9,127548.38851404324
2025-08-07,189214.819421538,60813.86165901158,9,128400.95776252642
2025-08-08,193483.43229082695,81012.32012243886,8,112471.11216838809
2025-08-11,193273.9685430583,76180.41054017696,9,117093.55800288133
2025-08-12,196108.53531183494,76180.41054017696,9,119928.12477165798
2025-08-13,194429.76758857616,71319.60562076591,9,123110.16196781024
2025-08-14,195649.77979081467,66428.30001523087,9,129221.47977558382
2025-08-15,194758.9726766709,61559.26486579099,9,133199.70781087992
2025-08-18,193589.58137873508,61559.26486579099,9,132030.3165129441
2025-08-19,186089.23255737353,61559.26486579099,9,124529.96769158255
2025-08-20,183687.73757393128,61559.26486579099,9,122128.47270814031
2025-08-21,182596.5131468427,61559.26486579099,9,121037.24828105172
2025-08-22,187074.55726075225,61559.26486579099,9,125515.29239496125
2025-08-25,187658.96401742846,61559.26486579099,9,126099.69915163748
2025-08-26,188993.42035747474,61559.26486579099,9,127434.15549168375
2025-08-27,188122.09162891173,61559.26486579099,9,126562.82676312074
2025-08-28,189661.762287952,61559.26486579099,9,128102.49742216103
2025-08-29,186236.2591409402,61559.26486579099,9,124676.99427514922
2025-09-02,184450.69067193803,61559.26486579099,9,122891.42580614705
2025-09-03,187736.75813860242,80182.83771116976,8,107553.92042743265
2025-09-04,190939.9096407042,80182.83771116976,8,110757.07192953443
2025-09-05,188659.23508599953,80182.83771116976,8,108476.39737482979
2025-09-08,189642.328100943,75441.7202742954,9,114200.60782664761
2025-09-09,192392.05528678652,75441.7202742954,9,116950.33501249111
2025-09-10,191752.03622909996,75441.7202742954,9,116310.31595480458
2025-09-11,191257.48965129207,75441.7202742954,9,115815.76937699667
2025-09-12,194439.0897026698,70580.68229912026,9,123858.40740354953
2025-09-15,197698.0953267928,70580.68229912026,9,127117.41302767253
2025-09-16,198060.50475212018,65629.10781656811,9,132431.39693555207
2025-09-17,197320.34013178822,65629.10781656811,9,131691.2323152201
2025-09-18,199148.9227635829,65629.10781656811,9,133519.8149470148
2025-09-19,202763.46715943053,65629.10781656811,9,137134.35934286242
2025-09-22,203143.70580059392,65629.10781656811,9,137514.5979840258
2025-09-23,199846.72841719675,65629.10781656811,9,134217.62060062864
2025-09-24,198837.85561072256,65629.10781656811,9,133208.74779415445
2025-09-25,197178.02302138304,65629.10781656811,9,131548.91520481493
2025-09-26,197995.43596539847,65629.10781656811,9,132366.32814883036
2025-09-29,198951.71700508642,60655.25274932367,9,138296.46425576275
2025-09-30,199706.49690272595,60655.25274932367,9,139051.24415340228
2025-10-01,200269.96770683158,60655.25274932367,9,139614.7149575079
2025-10-02,200078.48066014194,60655.25274932367,9,139423.22791081827
2025-10-03,195436.28318712057,60655.25274932367,9,134781.0304377969
2025-10-06,199434.91104565916,60655.25274932367,9,138779.6582963355
2025-10-07,198332.3220375901,60655.25274932367,9,137677.06928826642
2025-10-08,200686.55457470805,60655.25274932367,9,140031.30182538438
2025-10-09,201787.87038141265,60655.25274932367,9,141132.61763208898
2025-10-10,191627.5406271393,60655.25274932367,9,130972.28787781563
2025-10-13,196296.418056955,60655.25274932367,9,135641.16530763134
2025-10-14,194435.18651494017,60655.25274932367,9,133779.9337656165
2025-10-15,195657.39378069338,60655.25274932367,9,135002.1410313697
2025-10-16,194178.39515293654,60655.25274932367,9,133523.14240361287
2025-10-17,196201.03008006688,60655.25274932367,9,135545.7773307432
2025-10-20,200807.29395347027,60655.25274932367,9,140152.0412041466
2025-10-21,200037.09994260466,60655.25274932367,9,139381.847193281
2025-10-22,194732.15864260224,60655.25274932367,9,134076.90589327857
2025-10-23,197156.8807764737,60655.25274932367,9,136501.62802715003
2025-10-24,199487.6553674103,60655.25274932367,9,138832.40261808663
2025-10-27,205797.00448932554,60655.25274932367,9,145141.75174000187
2025-10-28,208911.8780036206,60655.25274932367,9,148256.62525429693
2025-10-29,213401.87462196586,60655.25274932367,9,152746.6218726422
2025-10-30,205819.29957042873,60655.25274932367,9,145164.04682110506
2025-10-31,209529.61993760473,60655.25274932367,9,148874.36718828106
2025-11-03,213012.2590427992,60655.25274932367,9,152357.00629347554
2025-11-04,203901.04325388256,60655.25274932367,9,143245.79050455889
2025-11-05,204840.30674855912,60655.25274932367,9,144185.05399923545
2025-11-06,197935.67975694648,60655.25274932367,9,137280.4270076228
2025-11-07,196687.14023468635,60655.25274932367,9,136031.88748536268
2025-11-10,206187.54444564375,60655.25274932367,9,145532.29169632008
2025-11-11,205628.11332853773,60655.25274932367,9,144972.86057921406
2025-11-12,202214.11705330227,60655.25274932367,9,141558.8643039786
2025-11-13,194119.429715361,60655.25274932367,9,133464.17696603734
2025-11-14,193768.95261849446,60655.25274932367,9,133113.69986917078
2025-11-17,192927.95594334428,60655.25274932367,9,132272.7031940206
2025-11-18,189511.9286596587,60655.25274932367,9,128856.67591033505
2025-11-19,191882.3247940092,89931.98450337144,8,101950.34029063777
2025-11-20,186474.7469057454,85270.05758576382,9,101204.68931998161
2025-11-21,186450.03064591147,85270.05758576382,9,101179.97306014766
2025-11-24,192328.23935438058,85270.05758576382,9,107058.18176861675
2025-11-25,192873.17788807076,80448.16789506267,9,112425.00999300808
2025-11-26,194513.91045355407,75585.25937774534,9,118928.65107580874
2025-11-28,196353.02087886463,75585.25937774534,9,120767.76150111927
2025-12-01,196381.10477234883,75585.25937774534,9,120795.8453946035
2025-12-02,197959.150555189,70636.21878177421,9,127322.93177341479
2025-12-03,197351.33800276613,70636.21878177421,9,126715.11922099194
2025-12-04,198438.7055585008,70636.21878177421,9,127802.4867767266
2025-12-05,199131.57786009612,70636.21878177421,9,128495.35907832191
2025-12-08,197092.09910640266,70636.21878177421,9,126455.88032462847
2025-12-09,197378.39553873282,70636.21878177421,9,126742.17675695862
2025-12-10,191327.97233641183,70636.21878177421,9,120691.75355463763
2025-12-11,190012.14826176883,70636.21878177421,9,119375.92947999462
2025-12-12,187708.6443648293,70636.21878177421,9,117072.4255830551
2025-12-15,187408.42375607695,70636.21878177421,9,116772.20497430275
2025-12-16,189442.76084965194,70636.21878177421,9,118806.54206787774
2025-12-17,183674.04815646703,70636.21878177421,9,113037.82937469281
2025-12-18,188248.05183533893,70636.21878177421,9,117611.83305356471
2025-12-19,191070.79980290093,70636.21878177421,9,120434.58102112672
2025-12-22,191949.6121602208,70636.21878177421,9,121313.3933784466
2025-12-23,193330.73619842288,70636.21878177421,9,122694.51741664867
2025-12-24,193501.34090585395,70636.21878177421,9,122865.12212407975
2025-12-26,192110.28251793637,70636.21878177421,9,121474.06373616216
2025-12-29,189879.5406724383,70636.21878177421,9,119243.3218906641
2025-12-30,189154.02398365116,70636.21878177421,9,118517.80520187695
2025-12-31,187371.09049526232,70636.21878177421,9,116734.87171348812
2026-01-02,183882.33493543218,70636.21878177421,9,113246.11615365797
2026-01-05,186107.70142692764,70636.21878177421,9,115471.48264515343
2026-01-06,186187.3109750949,70636.21878177421,9,115551.09219332071
2026-01-07,187399.6457366717,70636.21878177421,9,116763.4269548975
2026-01-08,186502.208858522,70636.21878177421,9,115865.9900767478
2026-01-09,187563.15344920408,70636.21878177421,9,116926.93466742987
2026-01-12,187940.86655174772,70636.21878177421,9,117304.6477699735
2026-01-13,187454.2576619918,70636.21878177421,9,116818.03888021762
2026-01-14,184380.46756822386,70636.21878177421,9,113744.24878644965
2026-01-15,184247.73575800838,70636.21878177421,9,113611.51697623418
2026-01-16,182688.97757794056,70636.21878177421,9,112052.75879616634
2026-01-20,176620.59465874574,70636.21878177421,9,105984.37587697152
2026-01-21,177691.6421817441,70636.21878177421,9,107055.42339996989
2026-01-22,180647.08236866345,70636.21878177421,9,110010.86358688925
2026-01-23,183196.7415800068,70636.21878177421,9,112560.5227982326
2026-01-26,183861.23054493606,70636.21878177421,9,113225.01176316185
2026-01-27,185359.99547886176,70636.21878177421,9,114723.77669708755
2026-01-28,184130.6263861094,70636.21878177421,9,113494.4076043352
2026-01-29,182625.3546130021,70636.21878177421,9,111989.1358312279
2026-01-30,181353.3521823981,70636.21878177421,9,110717.1334006239
2026-02-02,181392.47922882106,70636.21878177421,9,110756.26044704685
2026-02-03,179157.51665607077,70636.21878177421,9,108521.29787429658
2026-02-04,173615.3071468683,70636.21878177421,9,102979.08836509408
2026-02-05,169526.9527309916,70636.21878177421,9,98890.73394921739
2026-02-06,170762.79875233409,70636.21878177421,9,100126.57997055988
2026-02-09,173157.18521373734,70636.21878177421,9,102520.96643196313
2026-02-10,171892.2189823047,70636.21878177421,9,101256.0002005305
2026-02-11,169826.67369861307,70636.21878177421,9,99190.45491683886
2026-02-12,164868.68971310224,70636.21878177421,9,94232.47093132805
2026-02-13,163196.9806311855,70636.21878177421,9,92560.76184941128
2026-02-17,163655.02456788026,70636.21878177421,9,93018.80578610604
2026-02-18,165190.0524707219,70636.21878177421,9,94553.83368894769
2026-02-19,164689.42828745715,70636.21878177421,9,94053.20950568294
2026-02-20,167685.00219619562,70636.21878177421,9,97048.78341442141
2026-02-23,164608.34962389822,70636.21878177421,9,93972.13084212402
2026-02-24,166257.96530792024,70636.21878177421,9,95621.74652614602
2026-02-25,169891.99243830482,70636.21878177421,9,99255.77365653061
2026-02-26,167328.74530136096,70636.21878177421,9,96692.52651958675
2026-02-27,166905.1367232313,70636.21878177421,9,96268.91794145708
2026-03-02,168388.90930372028,70636.21878177421,9,97752.69052194609
2026-03-03,167853.00150787813,70636.21878177421,9,97216.7827261039
2026-03-04,170712.3479992835,70636.21878177421,9,100076.12921750928
2026-03-05,170475.85747917456,70636.21878177421,9,99839.63869740034
2026-03-06,168037.20432101138,70636.21878177421,9,97400.98553923718
2026-03-09,169814.55684946576,70636.21878177421,9,99178.33806769157
2026-03-10,169543.08688732734,70636.21878177421,9,98906.86810555313
2026-03-11,169768.94252008924,70636.21878177421,9,99132.72373831504
2026-03-12,166863.73340260895,70636.21878177421,9,96227.51462083473
2026-03-13,164185.35135472898,70636.21878177421,9,93549.13257295477
2026-03-16,166592.18336344225,70636.21878177421,9,95955.96458166806
2026-03-17,167543.29216358034,70636.21878177421,9,96907.07338180613
2026-03-18,164946.98368805635,70636.21878177421,9,94310.76490628213
2026-03-19,163350.06128401187,70636.21878177421,9,92713.84250223765
2026-03-20,159578.45093274367,70636.21878177421,9,88942.23215096946
2026-03-23,163014.31549415865,70636.21878177421,9,92378.09671238445
2026-03-24,159071.0547932659,66659.39272645961,10,92411.6620668063
2026-03-25,160372.86458315956,66659.39272645961,10,93713.47185669997
2026-03-26,155007.8972689571,66659.39272645961,10,88348.50454249748
2026-03-27,150540.25012304168,62895.839452478096,10,87644.4106705636
2026-03-30,149578.53324372976,62895.839452478096,10,86682.69379125166
2026-03-31,157095.0655564068,62895.839452478096,10,94199.2261039287
2026-04-01,159268.11658079716,58914.086790923415,10,100354.02978987375
2026-04-02,159526.46619695856,58914.086790923415,10,100612.37940603515
2026-04-06,159970.9467039857,58914.086790923415,10,101056.8599130623
2026-04-07,160118.75329286026,58914.086790923415,10,101204.66650193685
2026-04-08,162865.20932326047,54842.405687263396,10,108022.80363599709
2026-04-09,163748.76365409308,54842.405687263396,10,108906.35796682967
2026-04-10,163871.8456965129,54842.405687263396,10,109029.44000924952
2026-04-13,166610.21560449677,54842.405687263396,10,111767.80991723339
2026-04-14,172869.91793723998,54842.405687263396,10,118027.5122499766
2026-04-15,177921.65000373265,54842.405687263396,10,123079.24431646924
2026-04-16,178747.04789543315,54842.405687263396,10,123904.64220816977
2026-04-17,180373.5950892985,54842.405687263396,10,125531.18940203512
2026-04-20,178251.58488857676,54842.405687263396,10,123409.17920131338
2026-04-21,176748.27877289976,54842.405687263396,10,121905.87308563635
2026-04-22,179928.1213418226,54842.405687263396,10,125085.7156545592
2026-04-23,173622.33162342373,54842.405687263396,10,118779.92593616033
2026-04-24,177423.40403006584,54842.405687263396,10,122580.99834280244
2026-04-27,178532.2037428441,54842.405687263396,10,123689.79805558073
2026-04-28,178379.69058860425,54842.405687263396,10,123537.28490134084
2026-04-29,176477.09812285102,54842.405687263396,10,121634.69243558763
2026-04-30,177957.1207287099,54842.405687263396,10,123114.71504144653
2026-05-01,180002.8924930255,54842.405687263396,10,125160.48680576209
2026-05-04,179537.3993474351,54842.405687263396,10,124694.99366017172
2026-05-05,178716.96718241717,54842.405687263396,10,123874.56149515379
2026-05-06,182194.71653115022,54842.405687263396,10,127352.31084388684
2026-05-07,184384.19584867192,54842.405687263396,10,129541.79016140853
2026-05-08,186317.05867430277,54842.405687263396,10,131474.6529870394
2026-05-11,183908.33613746727,54842.405687263396,10,129065.93045020387
2026-05-12,182871.47598818352,54842.405687263396,10,128029.07030092014
2026-05-13,186102.3545157145,54842.405687263396,10,131259.94882845113
2026-05-14,187773.19732437143,75953.88366636077,9,111819.31365801067
2026-05-15,186556.844676383,71289.90427884414,10,115266.94039753886
2026-05-18,187657.29671667982,95527.59000470107,9,92129.70671197875
2026-05-19,186352.12782936078,90868.72860230284,10,95483.39922705792
2026-05-20,188425.15160803503,90868.72860230284,10,97556.42300573217
2026-05-21,192679.97054390496,86051.66915555371,10,106628.30138835125
2026-05-22,192056.16738754808,76448.62082994627,10,115607.54655760179
2026-05-26,191835.68888862245,76448.62082994627,10,115387.06805867617
2026-05-27,193364.6508543766,76448.62082994627,10,116916.03002443032
2026-05-28,196810.54938921847,76448.62082994627,10,120361.9285592722
2026-05-29,202159.90745472466,71394.55999938986,10,130765.34745533479
2026-06-01,201998.45958811673,90023.40969787186,10,111975.04989024486
2026-06-02,199204.89101855332,85043.22520121242,10,114161.6658173409
2026-06-03,194330.12048717443,80184.91149046096,10,114145.20899671348
2026-06-04,196353.5220024297,75276.01210982325,10,121077.50989260647
2026-06-05,187675.91751516226,70584.0555517973,10,117091.86196336498
2026-06-08,186858.1602934901,70584.0555517973,10,116274.1047416928
2026-06-09,183698.681040889,70584.0555517973,10,113114.62548909172
2026-06-10,179286.95435718744,70584.0555517973,10,108702.89880539013
2026-06-11,181178.443206733,70584.0555517973,10,110594.38765493571
2026-06-12,180304.15457799434,70584.0555517973,10,109720.09902619704
2026-06-15,185334.75610287802,70584.0555517973,10,114750.70055108072
2026-06-16,184435.57523961004,70584.0555517973,10,113851.51968781275
2026-06-17,178492.83608561457,70584.0555517973,10,107908.78053381729
2026-06-18,179335.3621070136,70584.0555517973,10,108751.30655521632
2026-06-22,174293.50898351392,70584.0555517973,10,103709.45343171661
2026-06-23,172322.98870850055,70584.0555517973,10,101738.93315670325
2026-06-24,170671.09969626018,70584.0555517973,10,100087.04414446288
2026-06-25,165639.67297925812,70584.0555517973,10,95055.6174274608
2026-06-26,168481.13745498942,70584.0555517973,10,97897.08190319213
2026-06-29,173532.1903141732,70584.0555517973,10,102948.1347623759
2026-06-30,175733.9225077599,70584.0555517973,10,105149.86695596261
2026-07-01,180227.10476733118,70584.0555517973,10,109643.04921553389
2026-07-02,179965.7266166262,70584.0555517973,10,109381.6710648289
2026-07-06,184080.00680768944,70584.0555517973,10,113495.95125589216
2026-07-07,185044.1193718445,70584.0555517973,10,114460.06382004723
2026-07-08,183875.87109170173,70584.0555517973,10,113291.81553990445
2026-07-09,184160.79614385823,70584.0555517973,10,113576.74059206093
2026-07-10,184652.5131343914,70584.0555517973,10,114068.4575825941
2026-07-13,183484.72133101075,70584.0555517973,10,112900.66577921346
2026-07-14,176579.98540222016,70584.0555517973,10,105995.92985042285
2026-07-15,180243.8758965491,70584.0555517973,10,109659.82034475182
2026-07-16,178202.44038398494,70584.0555517973,10,107618.38483218764
2026-07-17,173813.5074053997,70584.0555517973,10,103229.45185360238
2026-07-20,173994.0470067237,70584.0555517973,10,103409.99145492639
2026-07-21,173746.93767350775,70584.0555517973,10,103162.88212171046
2026-07-22,171515.50287736667,70584.0555517973,10,100931.44732556939
2026-07-23,164335.84896788577,70584.0555517973,10,93751.79341608849
2026-07-24,165356.73123584472,70584.0555517973,10,94772.67568404744
2026-07-27,165693.45818129065,70584.0555517973,10,95109.40262949337
2026-07-28,167169.20154893916,70584.0555517973,10,96585.14599714185
2026-07-29,165406.35654390103,70584.0555517973,10,94822.30099210374
2026-07-30,167002.99445860958,70584.0555517973,10,96418.93890681228
2026-07-31,171639.0132056537,70584.0555517973,10,101054.95765385639
2026-08-03,177697.78868114296,70584.0555517973,10,107113.73312934565
2026-08-04,182812.97600642464,70584.0555517973,10,112228.92045462732
2026-08-05,181414.1654413027,70584.0555517973,10,110830.10988950542
2026-08-06,181078.25569644774,70584.0555517973,10,110494.20014465046
