timestamp,symbol,avg_price,stop_price
2024-08-08 09:30:00-04:00,METU,94.56059391652565,96.92460876443879
2024-08-08 11:30:00-04:00,NVDU,86.70244179558931,88.87000284047903
2024-08-12 09:30:00-04:00,AAPU,105.7903031695064,108.43506074874405
2024-08-14 11:30:00-04:00,PLTR,109.65953236419075,112.4010206732955
2024-08-15 09:30:00-04:00,AMZU,104.06170564992821,106.66324829117642
2024-08-15 09:30:00-04:00,NVDU,116.61156442960463,119.52685354034473
2024-08-19 09:30:00-04:00,GGLL,99.51367935768192,102.00152134162396
2024-08-20 09:30:00-04:00,NFXL,107.46932861103816,110.15606182631412
2024-08-26 09:30:00-04:00,NVDU,134.50160507290315,137.86414519972573
2024-08-29 09:30:00-04:00,AAPU,118.37325872519243,121.33259019332223
2024-09-03 09:30:00-04:00,IBX,102.96244592025762,105.53650706826406
2024-09-11 13:30:00-04:00,AMZU,110.45025807933602,113.21151453131941
2024-09-12 12:30:00-04:00,METU,101.64010842224367,104.18111113279976
2024-09-13 09:30:00-04:00,TSMX,102.1216426546205,104.67468372098601
2024-09-16 09:30:00-04:00,MSTU,100.6483544305484,103.16456329131209
2024-09-16 09:30:00-04:00,PLTR,127.65448494681277,130.84584707048307
2024-09-19 09:30:00-04:00,AAPU,113.98965688527927,116.83939830741124
2024-09-19 13:30:00-04:00,TSMX,103.96249074317936,106.56155301175883
2024-09-23 09:30:00-04:00,GGLL,96.99615928745997,99.42106326964647
2024-09-24 10:30:00-04:00,NFXL,111.54076442534706,114.32928353598074
2024-10-01 09:30:00-04:00,GGLL,99.59253344875859,102.08234678497755
2024-10-01 09:30:00-04:00,METU,122.89481749483456,125.9671879322054
2024-10-01 14:30:00-04:00,MSTU,156.4335096585354,160.34434739999878
2024-10-03 09:30:00-04:00,PLTR,136.2207578186338,139.62627676409966
2024-10-03 11:30:00-04:00,TSMX,106.40221296659968,109.06226829076466
2024-10-04 09:30:00-04:00,METU,126.12729106899243,129.28047334571724
2024-10-04 09:30:00-04:00,MSTU,154.33517710676705,158.1935565344362
2024-10-07 10:30:00-04:00,NVDU,124.99265603783276,128.11747243877858
2024-10-08 09:30:00-04:00,IBX,115.34569419901906,118.22933655399453
2024-10-08 10:30:00-04:00,PLTR,143.82880995535956,147.42453020424352
2024-10-09 14:30:00-04:00,NFXL,114.97511664377053,117.84949455986478
2024-10-10 09:30:00-04:00,AMZU,114.19358818172354,117.04842788626662
2024-10-11 09:30:00-04:00,MSTU,190.99191144857676,195.76670923479116
2024-10-14 09:30:00-04:00,NVDU,139.5759280628226,143.06532626439318
2024-10-15 09:30:00-04:00,AAPU,116.81500239996957,119.7353774599688
2024-10-15 09:30:00-04:00,MSTU,242.2514067714393,248.30769194072525
2024-10-16 09:30:00-04:00,NVDU,135.5804842762669,138.96999638317357
2024-10-17 09:30:00-04:00,TSMX,121.18027522066372,124.2097821011803
2024-10-18 09:30:00-04:00,NFXL,114.97236619481916,117.84667534968963
2024-10-18 09:30:00-04:00,MSTU,229.09946386822324,234.8269504649288
2024-10-21 13:30:00-04:00,NVDU,150.5917705904994,154.3565648552619
2024-10-23 09:30:00-04:00,MSTU,265.50445997622,272.14207147562547
2024-10-23 14:30:00-04:00,MSTU,246.14832641765852,252.30203457809998
2024-10-25 09:30:00-04:00,PLTR,157.0716757850287,160.9984676796544
2024-10-25 09:30:00-04:00,NVDU,151.53572220139105,155.3241152564258
2024-10-25 09:30:00-04:00,TSMX,133.37740594202648,136.71184109057714
2024-10-28 09:30:00-04:00,MSTU,311.9249014897016,319.72302402694413
2024-10-29 13:30:00-04:00,GGLL,101.73320073259,104.27653075090475
2024-10-30 09:30:00-04:00,AMZU,120.18190651685718,123.18645417977861
2024-10-31 12:30:00-04:00,MSTU,334.9210253494127,343.29405098314794
2024-11-01 09:30:00-04:00,TSMX,125.86105576040642,129.00758215441655
2024-11-01 09:30:00-04:00,MSTU,329.98735462963975,338.2370384953807
2024-11-01 09:30:00-04:00,AMZU,118.44972166653488,121.41096470819825
2024-11-05 09:30:00-05:00,MSTU,278.9814425168273,285.955978579748
2024-11-05 09:30:00-05:00,PLTR,154.65801327407573,158.5244636059276
2024-11-05 09:30:00-05:00,TSMX,124.12282244540724,127.2258930065424
2024-11-06 09:30:00-05:00,NVDU,147.49553381906176,151.1829221645383
2024-11-06 09:30:00-05:00,MSTU,293.76783143937166,301.1120272253559
2024-11-08 11:30:00-05:00,PLTR,205.0341211639181,210.159974193016
2024-11-13 09:30:00-05:00,AMZU,144.75716780705645,148.37609700223285
2024-11-15 15:30:00-05:00,MSTU,578.1378650940443,592.5913117213953
2024-11-18 10:30:00-05:00,NFXL,150.28368057102819,154.04077258530387
2024-11-19 10:30:00-05:00,NVDU,151.8773673109554,155.67430149372927
2024-11-19 13:30:00-05:00,GGLL,110.76467813841695,113.53379509187737
2024-11-21 09:30:00-05:00,NVDU,158.44401415445915,162.40511450832062
2024-11-22 09:30:00-05:00,IBX,113.87280045846121,116.71962046992273
2024-11-26 09:30:00-05:00,AMZU,135.90879622063258,139.30651612614838
2024-12-02 09:30:00-05:00,AAPU,121.22448668870815,124.25509885592585
2024-12-03 09:30:00-05:00,PLTR,244.47211324913775,250.58391608036618
2024-12-03 14:30:00-05:00,METU,132.5270806760485,135.8402576929497
2024-12-04 09:30:00-05:00,TSMX,124.7635522492752,127.88264105550707
2024-12-04 09:30:00-05:00,NVDU,144.61480853691367,148.2301787503365
2024-12-04 10:30:00-05:00,GGLL,104.30721571212395,106.91489610492704
2024-12-05 09:30:00-05:00,MSTU,736.425022512267,754.8356480750735
2024-12-05 09:30:00-05:00,PLTR,253.3589908624821,259.6929656340441
2024-12-06 12:30:00-05:00,MSTU,666.1164445089736,682.7693556216979
2024-12-10 15:30:00-05:00,MSTU,582.0727569014323,596.624575823968
2024-12-11 13:30:00-05:00,NVDU,140.4961442578424,144.00854786428843
2024-12-13 09:30:00-05:00,TSMX,123.18685334788904,126.26652468158626
2024-12-13 15:30:00-05:00,PLTR,265.4511568856262,272.0874358077668
2024-12-16 09:30:00-05:00,MSTU,679.5629580940423,696.5520320463933
2024-12-16 12:30:00-05:00,GGLL,134.10016418477784,137.45266828939728
2024-12-18 10:30:00-05:00,NVDU,117.24866319725673,120.17987977718813
2024-12-19 11:30:00-05:00,AMZU,160.0576100117239,164.059050262017
2024-12-20 11:30:00-05:00,PLTR,276.53309852347076,283.4464259865575
2024-12-23 09:30:00-05:00,TSMX,125.49387881372532,128.63122578406845
2024-12-30 12:30:00-05:00,NVDU,121.74136392011326,124.78489801811608
2025-01-02 09:30:00-05:00,NVDU,118.05471990231133,121.0060878998691
2025-01-02 09:30:00-05:00,TSMX,126.82208073230798,129.99263275061566
2025-01-06 09:30:00-05:00,AMZU,157.40802367019012,161.34322426194487
2025-01-07 09:30:00-05:00,GGLL,131.57603185204508,134.8654326483462
2025-01-16 09:30:00-05:00,TSMX,138.43646880802845,141.89738052822915
2025-01-17 10:30:00-05:00,MSTU,530.3586613677318,543.6176279019251
2025-01-21 09:30:00-05:00,AMZU,159.47486528765887,163.46173691985032
2025-01-21 09:30:00-05:00,GGLL,134.1277976667755,137.4809926084449
2025-01-21 12:30:00-05:00,NVDU,122.45437040083544,125.51572966085632
2025-01-21 13:30:00-05:00,MSTU,552.8701963043941,566.6919512120039
2025-01-22 09:30:00-05:00,NFXL,174.02702822653364,178.37770393219697
2025-01-22 09:30:00-05:00,PLTR,265.68217720251477,272.3242316325776
2025-01-22 11:30:00-05:00,METU,137.05383694484186,140.4801828684629
2025-01-23 09:30:00-05:00,MSTU,512.1666614198105,524.9708279553057
2025-01-28 09:30:00-05:00,TSMX,113.53746282126791,116.37589939179959
2025-01-30 09:30:00-05:00,IBX,117.7494610259014,120.69319755154892
2025-01-30 09:30:00-05:00,MSTU,416.94122553795285,427.3647561764016
2025-01-31 09:30:00-05:00,GGLL,136.44743150727953,139.8586172949615
2025-01-31 09:30:00-05:00,METU,168.93071880592683,173.153986776075
2025-02-06 09:30:00-05:00,PLTR,379.19542130633164,388.6753068389899
2025-02-07 09:30:00-05:00,NVDU,95.55508415234002,97.94396125614851
2025-02-13 09:30:00-05:00,NFXL,217.12192091914403,222.5499689421226
2025-02-14 09:30:00-05:00,PLTR,424.1329184256243,434.7362413862649
2025-02-14 10:30:00-05:00,METU,182.69182276438113,187.25911833349065
2025-02-26 09:30:00-05:00,NVDU,96.48309486428724,98.8951722358944
2025-02-27 09:30:00-05:00,NVDU,100.32728801830386,102.83547021876144
2025-03-14 10:30:00-04:00,NVDU,79.29022613329794,81.27248178663038
2025-03-24 10:30:00-04:00,NVDU,80.24308365427063,82.24916074562739
2025-04-09 12:30:00-04:00,IBX,118.85991081786275,121.83140858830932
2025-04-09 15:30:00-04:00,NVDU,65.77617064888601,67.42057491510815
2025-04-11 12:30:00-04:00,IBX,118.6178705543907,121.58331731825047
2025-04-11 13:30:00-04:00,NVDU,62.849503534289966,64.42074112264721
2025-04-22 10:30:00-04:00,NFXL,211.55046730901276,216.83922899173805
2025-04-23 09:30:00-04:00,IBX,124.57575913245537,127.69015311076674
2025-04-24 09:30:00-04:00,PLTR,366.85861973800013,376.0300852314501
2025-04-24 09:30:00-04:00,NVDU,55.40333542472729,56.78841881034547
2025-04-29 09:30:00-04:00,IBX,121.01964471717532,124.0451358351047
2025-04-29 13:30:00-04:00,NVDU,60.21112284882653,61.716400920047185
2025-04-30 15:30:00-04:00,PLTR,416.7394755221001,427.1579624101526
2025-05-07 15:30:00-04:00,NVDU,66.47313366722767,68.13496200890836
2025-05-08 09:30:00-04:00,PLTR,402.20025613571545,412.2552625391083
2025-05-08 10:30:00-04:00,MSTU,393.608610718677,403.4488259866439
2025-05-12 09:30:00-04:00,NVDU,72.573436413781,74.38777232412552
2025-05-13 09:30:00-04:00,PLTR,435.550500518725,446.4392630316931
2025-05-14 09:30:00-04:00,MSTU,411.88740068132086,422.1845856983538
2025-05-15 10:30:00-04:00,NFXL,252.1488956190826,258.4526180095596
2025-05-21 09:30:00-04:00,MSTU,399.7476580165802,409.7413494669947
2025-05-22 09:30:00-04:00,MSTU,375.12782145443856,384.5060169907995
2025-05-29 09:30:00-04:00,NVDU,92.02629527515613,94.32695265703502
2025-06-03 09:30:00-04:00,NVDU,92.83879025363586,95.15976000997675
2025-06-03 10:30:00-04:00,MSTU,339.56851072021715,348.05772348822256
2025-06-03 14:30:00-04:00,PLTR,473.3056005280723,485.13824054127406
2025-06-09 09:30:00-04:00,MSTU,327.596916180084,335.78683908458606
2025-06-10 09:30:00-04:00,IBX,138.5398511776427,142.00334745708375
2025-06-10 09:30:00-04:00,PLTR,467.39334679865067,479.0781804686169
2025-06-16 09:30:00-04:00,PLTR,498.54985559954355,511.0136019895321
2025-06-16 10:30:00-04:00,NVDU,102.62653218541291,105.19219549004822
2025-06-25 09:30:00-04:00,PLTR,508.97929873967655,521.7037812081684
2025-06-25 09:30:00-04:00,NVDU,105.38216174358891,108.01671578717863
2025-06-26 09:30:00-04:00,TSMX,130.3227916786158,133.5808614705812
2025-06-26 09:30:00-04:00,MSTU,333.9817838529386,342.331328449262
2025-06-27 09:30:00-04:00,MSTU,339.584502060573,348.0741146120873
2025-07-02 12:30:00-04:00,MSTU,329.31118350482205,337.5439630924426
2025-07-10 09:30:00-04:00,PLTR,508.3474798163869,521.0561668117965
2025-07-14 09:30:00-04:00,MSTU,406.8256299412083,416.9962706897385
2025-07-14 15:30:00-04:00,PLTR,524.9391037335549,538.0625813268938
2025-07-15 09:30:00-04:00,TSMX,142.08323127775736,145.63531205970128
2025-07-21 09:30:00-04:00,MSTU,396.3296545331364,406.2378958964648
2025-07-25 09:30:00-04:00,TSMX,150.14773300667423,153.90142633184107
2025-07-25 09:30:00-04:00,PLTR,548.8889958594953,562.6112207559826
2025-07-28 09:30:00-04:00,NVDU,144.3266344678272,147.93480032952286
2025-07-31 09:30:00-04:00,METU,168.43622259301773,172.64712815784316
2025-08-04 10:30:00-04:00,METU,171.299437536449,175.58192347486022
2025-08-05 09:30:00-04:00,PLTR,578.4774807722051,592.9394177915102
2025-08-07 09:30:00-04:00,TSMX,148.7443557854042,152.46296468003928
2025-08-08 10:30:00-04:00,GGLL,118.3428983793362,121.3014708388196
2025-08-12 09:30:00-04:00,METU,178.30731154972847,182.76499433847167
2025-08-15 09:30:00-04:00,GGLL,122.64416177983257,125.71026582432837
2025-08-22 10:30:00-04:00,GGLL,120.47456970584594,123.48643394849208
2025-09-09 09:30:00-04:00,TSMX,153.257014391524,157.08843975131208
2025-09-09 15:30:00-04:00,GGLL,164.50347839263875,168.6160653524547
2025-09-16 15:30:00-04:00,METU,173.9422023515027,178.29075741029024
2025-09-18 09:30:00-04:00,PLTR,613.1880316870149,628.5177324791903
2025-09-22 09:30:00-04:00,IBX,136.2596305661449,139.6661213302985
2025-09-30 10:30:00-04:00,NVDU,157.54529875190127,161.4839312206988
2025-10-01 09:30:00-04:00,TSMX,196.745638687387,201.66427965457163
2025-10-02 09:30:00-04:00,PLTR,659.6789141168855,676.1708869698076
2025-10-03 10:30:00-04:00,TSMX,214.35459067471282,219.71345544158063
2025-10-06 09:30:00-04:00,PLTR,643.4320033234505,659.5178034065367
2025-10-08 09:30:00-04:00,TSMX,222.36709792890522,227.92627537712784
2025-10-09 09:30:00-04:00,NVDU,166.500746448554,170.66326510976782
2025-10-13 09:30:00-04:00,TSMX,219.24709119897634,224.72826847895072
2025-10-24 09:30:00-04:00,GGLL,187.48170329947246,192.16874588195924
2025-10-27 09:30:00-04:00,PLTR,662.7759640828891,679.3453631849613
2025-10-27 09:30:00-04:00,NVDU,159.82354109146053,163.819129618747
2025-10-29 15:30:00-04:00,GGLL,209.76891423285733,215.01313708867875
2025-10-31 09:30:00-04:00,AAPU,116.03989240087897,118.94088971090093
2025-10-31 09:30:00-04:00,AMZU,152.49711808824566,156.30954604045178
2025-11-03 12:30:00-05:00,TSMX,226.97312967452066,232.64745791638367
2025-11-03 12:30:00-05:00,NVDU,195.13592654123133,200.0143247047621
2025-11-06 09:30:00-05:00,GGLL,228.42907398858182,234.13980083829634
2025-11-10 09:30:00-05:00,PLTR,676.0829401802057,692.9850136847108
2025-11-10 09:30:00-05:00,GGLL,222.4509428572068,228.01221642863695
2025-11-10 15:30:00-05:00,NVDU,173.29523411461227,177.62761496747757
2025-11-11 13:30:00-05:00,AAPU,115.48966988318752,118.3769116302672
2025-11-19 09:30:00-05:00,GGLL,238.3508751726765,244.30964705199338
2025-11-20 09:30:00-05:00,NVDU,162.182338801998,166.2368972720479
2025-11-20 09:30:00-05:00,AAPU,114.18910290094468,117.04383047346828
2025-11-21 09:30:00-05:00,GGLL,245.95163255867325,252.10042337264005
2025-12-02 09:30:00-05:00,NVDU,147.21479560704873,150.89516549722492
2025-12-03 10:30:00-05:00,TSMX,204.32971241961008,209.4379552301003
2025-12-04 09:30:00-05:00,PLTR,624.9956435838287,640.6205346734243
2025-12-05 09:30:00-05:00,TSMX,208.7855552320749,214.00519411287675
2025-12-08 12:30:00-05:00,NVDU,148.4368054530745,152.14772558940135
2025-12-23 10:30:00-05:00,NVDU,142.3539300604004,145.9127783119104
2026-01-02 09:30:00-05:00,TSMX,208.20088856878317,213.40591078300272
2026-01-06 09:30:00-05:00,PLTR,620.4615419043151,635.973080451923
2026-01-12 09:30:00-05:00,GGLL,289.0826390246375,296.3097050002534
2026-01-15 09:30:00-05:00,NVDU,143.20917528828662,146.78940467049378
2026-01-21 14:30:00-05:00,NVDU,136.02161993446103,139.42216043282255
2026-01-28 09:30:00-05:00,TSMX,250.65739969756078,256.92383468999975
2026-01-29 09:30:00-05:00,GGLL,297.2689177134973,304.70064065633466
2026-02-02 13:30:00-05:00,GGLL,306.506765713208,314.16943485603815
2026-02-06 09:30:00-05:00,TSMX,250.459548852655,256.72103757397133
2026-02-06 09:30:00-05:00,NVDU,128.47307350231492,131.68490033987277
2026-02-23 09:30:00-05:00,NVDU,145.6347580450225,149.27562699614805
2026-02-24 09:30:00-05:00,TSMX,301.03134904179257,308.55713276783734
2026-02-25 09:30:00-05:00,NVDU,148.66115137180455,152.37768015609964
2026-03-11 09:30:00-04:00,NVDU,133.50049429564257,136.83800665303363
2026-03-16 14:30:00-04:00,NVDU,133.34766314408193,136.68135472268398
2026-04-08 09:30:00-04:00,IBX,135.71792773679505,139.11087593021492
2026-04-08 09:30:00-04:00,TSMX,275.594015095998,282.4838654733979
2026-04-10 09:30:00-04:00,NVDU,128.43744970597058,131.64838594861982
2026-04-10 09:30:00-04:00,TSMX,285.47820209341705,292.61515714575245
2026-04-14 11:30:00-04:00,TSMX,290.49112668470235,297.7534048518199
2026-04-15 09:30:00-04:00,IBX,131.60111753341917,134.89114547175464
2026-04-15 13:30:00-04:00,GGLL,282.24024929860974,289.29625553107496
2026-04-22 11:30:00-04:00,TSMX,286.38608144010186,293.5457334761044
2026-04-24 14:30:00-04:00,AMZU,152.83308007616012,156.6539070780641
2026-04-27 09:30:00-04:00,GGLL,303.4837699728203,311.0708642221408
2026-04-30 09:30:00-04:00,AMZU,157.6591636835752,161.60064277566457
2026-05-01 09:30:00-04:00,IBX,119.4606145160173,122.44712987891772
2026-05-01 09:30:00-04:00,AMZU,158.32016589370355,162.2781700410461
2026-05-06 10:30:00-04:00,NVDU,157.19028053547154,161.1200375488583
2026-05-13 12:30:00-04:00,GGLL,396.3787154783339,406.28818336529224
2026-05-15 10:30:00-04:00,AAPU,124.30198191889896,127.40953146687143
2026-05-18 09:30:00-04:00,GGLL,403.69547027072116,413.78785702748917
2026-05-21 09:30:00-04:00,IBX,117.86440585287447,120.81101599919631
2026-05-21 11:30:00-04:00,AAPU,125.81466590015792,128.96003254766185
2026-05-28 09:30:00-04:00,IBX,145.44066558612525,149.07668222577837
2026-06-01 09:30:00-04:00,TSMX,361.7252091779979,370.7683394074478
2026-06-02 09:30:00-04:00,NVDU,188.21266213807124,192.917978691523
2026-06-03 09:30:00-04:00,AAPU,135.59902841771594,138.98900412815883
2026-06-15 09:30:00-04:00,TSMX,368.65629680409296,377.8727042241953
2026-06-18 09:30:00-04:00,TSMX,377.5099144162553,386.9476622766617
2026-06-25 09:30:00-04:00,TSMX,384.87931072910965,394.5012934973374
2026-06-29 12:30:00-04:00,TSMX,388.6068306469047,398.3220014130773
2026-07-02 09:30:00-04:00,TSMX,390.59957890378524,400.36456837637985
2026-07-06 09:30:00-04:00,AAPU,127.44483902437365,130.630959999983
2026-07-06 09:30:00-04:00,TSMX,370.0548418922982,379.30621293960564
2026-07-09 09:30:00-04:00,TSMX,367.61266127125884,376.8029778030403
2026-07-31 15:30:00-04:00,AAPU,124.15953208798032,127.26352039017982
2026-08-03 09:30:00-04:00,AMZU,166.72384793359285,170.89194413193266
