date,symbol,side,qty,price,pnl,entries
2023-08-07 09:30:00-04:00,AAPU,BUY,12.820865882171692,97.49731504002489,0.0,1
2023-08-07 09:30:00-04:00,PLTR,BUY,69.44832285932672,17.998994771003723,0.0,1
2023-08-08 09:30:00-04:00,PLTR,BUY,73.27227627662053,17.048520915985108,0.0,2
2023-08-08 09:30:00-04:00,AMZU,BUY,12.458707440585878,100.26593373518217,0.0,1
2023-08-09 09:30:00-04:00,PLTR,BUY,81.61691077333063,15.257624999999999,0.0,3
2023-08-09 09:30:00-04:00,NVDU,BUY,12.916838462878793,96.40750883559485,0.0,1
2023-08-10 09:30:00-04:00,GGLL,BUY,12.534732628562425,99.36384389413433,0.0,1
2023-08-10 09:30:00-04:00,AAPU,BUY,13.204792782999032,94.32175397426532,0.0,2
2023-08-11 09:30:00-04:00,NVDU,BUY,13.133332955614506,94.8487309713296,0.0,2
2023-08-11 09:30:00-04:00,NFXL,BUY,12.954852444166312,96.15547298841821,0.0,1
2023-08-14 09:30:00-04:00,IBX,BUY,12.676201280180598,98.65542698148082,0.0,1
2023-08-15 09:30:00-04:00,AMZU,BUY,12.661148016617583,98.5820364544997,0.0,2
2023-08-15 09:30:00-04:00,PLTR,BUY,81.16707844018724,15.37768488550186,0.0,4
2023-08-16 09:30:00-04:00,NVDU,BUY,12.625103022101438,98.72874553545803,0.0,3
2023-08-16 09:30:00-04:00,AMZU,BUY,12.94035456839107,96.3235263021833,0.0,3
2023-08-17 09:30:00-04:00,NFXL,BUY,13.370442781761987,92.65131697442418,0.0,2
2023-08-17 09:30:00-04:00,METU,BUY,13.334663199475342,92.89991908533335,0.0,1
2023-08-18 09:30:00-04:00,GGLL,BUY,12.377875487693666,100.38132446651797,0.0,2
2023-08-22 09:30:00-04:00,NVDU,BUY,12.582680571373448,98.98517414463814,0.0,4
2023-08-22 09:30:00-04:00,METU,BUY,13.135555181351545,94.81889500429959,0.0,2
2023-08-24 09:30:00-04:00,AMZU,BUY,13.36618555255843,92.54810745947127,0.0,4
2023-08-24 09:30:00-04:00,GGLL,BUY,12.355015420754345,100.12251176663308,0.0,3
2023-08-25 09:30:00-04:00,METU,BUY,13.358329023341716,92.69420227339543,0.0,3
2023-08-28 09:30:00-04:00,MSTU,BUY,12.988179038033874,95.40060059710105,0.0,1
2023-08-28 09:30:00-04:00,GGLL,BUY,12.371350925330956,100.15721713576417,0.0,4
2023-08-30 09:30:00-04:00,TSMX,BUY,13.245423277072899,94.89320998459485,0.0,1
2023-08-30 09:30:00-04:00,METU,BUY,13.120608850519746,95.79591516565402,0.0,4
2023-08-31 09:30:00-04:00,MSTU,BUY,12.934208959339191,96.9456077126828,0.0,2
2023-08-31 09:30:00-04:00,IBX,BUY,12.357314789139016,101.47145793745129,0.0,2
2023-09-01 09:30:00-04:00,TSMX,BUY,13.299704672287595,94.00730505745841,0.0,2
2023-09-01 09:30:00-04:00,MSTU,BUY,13.000592576490483,96.17018508546752,0.0,3
2023-09-06 09:30:00-04:00,AAPU,BUY,12.836306494594782,97.1865726479514,0.0,3
2023-09-06 09:30:00-04:00,TSMX,BUY,13.327887115249295,93.601980785157,0.0,3
2023-09-07 09:30:00-04:00,MSTU,BUY,12.922731314301126,96.94843215136042,0.0,4
2023-09-07 09:30:00-04:00,IBX,BUY,12.289158096337513,101.94665331941346,0.0,3
2023-09-08 09:30:00-04:00,TSMX,BUY,13.56342682601836,92.43656981593018,0.0,4
2023-09-08 09:30:00-04:00,AAPU,BUY,12.684424427305835,98.84221849653163,0.0,4
2023-09-11 09:30:00-04:00,IBX,BUY,12.338013335494617,102.04429125975881,0.0,4
2023-09-12 09:30:00-04:00,NFXL,BUY,12.430507063421864,100.7378125925578,0.0,3
2023-09-13 09:30:00-04:00,NFXL,BUY,13.165617389274177,95.3574181559304,0.0,4
2023-11-20 09:30:00-05:00,PLTR,EXIT,305.5045883494651,21.070934524049104,1444.6412696764,4
2023-11-21 09:30:00-05:00,PLTR,BUY,65.68094891216711,19.809899236679076,0.0,1
2023-11-22 09:30:00-05:00,PLTR,BUY,66.08358646366554,19.699845534324645,0.0,2
2023-11-24 09:30:00-05:00,PLTR,BUY,67.54407212243805,19.20960076332092,0.0,3
2023-11-27 09:30:00-05:00,PLTR,BUY,68.01868485562576,19.089539923667903,0.0,4
2024-01-29 09:30:00-05:00,GGLL,EXIT,49.638974462341395,128.94081345741398,1436.3877369380525,4
2024-01-29 09:30:00-05:00,METU,EXIT,52.94915625468835,121.25312823718872,1440.8224886851567,4
2024-01-30 09:30:00-05:00,GGLL,BUY,10.614043971417324,127.06059082426916,0.0,1
2024-01-30 09:30:00-05:00,METU,BUY,11.183602559742896,120.58964817809668,0.0,1
2024-01-31 09:30:00-05:00,GGLL,BUY,10.996112726835328,121.91784666835186,0.0,2
2024-02-01 09:30:00-05:00,GGLL,BUY,11.177627523031981,120.63371235923985,0.0,3
2024-02-02 09:30:00-05:00,NVDU,EXIT,51.25795501196818,125.34156486006489,1441.8326990332307,4
2024-02-05 09:30:00-05:00,METU,BUY,11.091526424101609,122.46835818897597,0.0,2
2024-02-06 09:30:00-05:00,AAPU,EXIT,51.54638958707134,124.98670923585892,1445.8411069035901,4
2024-02-06 09:30:00-05:00,NVDU,BUY,10.612738268987124,129.4913269183824,0.0,1
2024-02-06 09:30:00-05:00,METU,BUY,11.450334195118467,120.01899134738935,0.0,3
2024-02-07 09:30:00-05:00,AAPU,BUY,11.18376462656784,124.0135481136707,0.0,1
2024-02-08 09:30:00-05:00,AAPU,BUY,11.355222854535151,122.75048834488544,0.0,2
2024-02-08 09:30:00-05:00,NVDU,BUY,10.46890764909176,133.1427496908065,0.0,2
2024-02-09 09:30:00-05:00,AMZU,EXIT,51.42639557815296,124.87842029493177,1441.2255907987856,4
2024-02-09 09:30:00-05:00,PLTR,EXIT,267.3272923538965,25.07503023690363,1504.3304540077934,4
2024-02-09 09:30:00-05:00,PLTR,BUY,57.4121085229053,24.392189160346984,0.0,1
2024-02-09 09:30:00-05:00,METU,BUY,11.456794809009143,122.23375163216278,0.0,4
2024-02-12 09:30:00-05:00,AMZU,BUY,11.41367049073029,122.42018850292955,0.0,1
2024-02-12 09:30:00-05:00,GGLL,BUY,11.004000489670105,126.97779269432,0.0,4
2024-02-13 09:30:00-05:00,AAPU,BUY,11.568008375319371,120.92290378272028,0.0,3
2024-02-14 09:30:00-05:00,AAPU,BUY,11.705407385141614,119.69765113862357,0.0,4
2024-02-15 09:30:00-05:00,NVDU,BUY,10.008768170125535,140.12963798854022,0.0,3
2024-02-15 09:30:00-05:00,AMZU,BUY,11.286623417923042,124.26436219744161,0.0,2
2024-02-16 09:30:00-05:00,NVDU,BUY,10.280583877446432,135.72268979566584,0.0,4
2024-02-16 09:30:00-05:00,PLTR,BUY,57.06264977278159,24.452220534324645,0.0,2
2024-02-20 09:30:00-05:00,PLTR,BUY,59.29491962269161,23.41169961833954,0.0,3
2024-02-20 09:30:00-05:00,AMZU,BUY,11.154476365519235,124.45181661698048,0.0,3
2024-02-21 09:30:00-05:00,AMZU,BUY,11.171006017116463,124.13443900881711,0.0,4
2024-02-22 09:30:00-05:00,PLTR,BUY,59.12125650173992,23.601795152664184,0.0,4
2024-05-20 09:30:00-04:00,GGLL,EXIT,43.79178471095474,160.01928985978,1572.6188112603795,4
2024-05-22 09:30:00-04:00,GGLL,BUY,8.705097972875357,158.8536115759773,0.0,1
2024-05-23 09:30:00-04:00,GGLL,BUY,8.998213247701758,152.55961250663336,0.0,2
2024-05-24 09:30:00-04:00,GGLL,BUY,9.045657185199055,152.52521390414094,0.0,3
2024-05-30 09:30:00-04:00,GGLL,BUY,9.136567884830807,151.11582420604478,0.0,4
2024-07-05 09:30:00-04:00,METU,EXIT,45.18225798797211,156.4285654844996,1586.14350152291,4
2024-07-08 09:30:00-04:00,METU,BUY,9.40527448279224,156.5591170592257,0.0,1
2024-07-09 09:30:00-04:00,METU,BUY,9.523655909372392,154.16971889800107,0.0,2
2024-07-11 09:30:00-04:00,METU,BUY,9.961521239493038,145.34229232549117,0.0,3
2024-07-15 09:30:00-04:00,METU,BUY,10.086235178393757,143.81737171688832,0.0,4
2024-08-12 09:30:00-04:00,PLTR,EXIT,232.8909344201184,30.888579600634927,1614.392026177792,4
2024-08-12 09:30:00-04:00,PLTR,BUY,47.62173106823421,29.39468916034698,0.0,1
2024-08-15 09:30:00-04:00,PLTR,BUY,45.39500696136421,31.235609313011164,0.0,2
2024-08-20 09:30:00-04:00,PLTR,BUY,44.32521298124926,32.33615969467163,0.0,3
2024-08-22 09:30:00-04:00,PLTR,BUY,44.38835091696912,31.93596007633209,0.0,4
2024-09-13 09:30:00-04:00,IBX,EXIT,49.66068750115174,130.24104899250634,1451.506869784891,4
2024-09-17 09:30:00-04:00,IBX,BUY,10.865967035401457,129.51858374704716,0.0,1
2024-09-19 09:30:00-04:00,IBX,BUY,11.103457620572414,127.55159235289773,0.0,2
2024-09-25 09:30:00-04:00,MSTU,EXIT,51.84571188816467,124.24846421201163,1445.6473150091915,4
2024-09-25 09:30:00-04:00,MSTU,BUY,12.065066858976364,118.45314564641042,0.0,1
2024-09-27 09:30:00-04:00,IBX,BUY,10.792649638480711,131.28726902419353,0.0,3
2024-09-30 09:30:00-04:00,MSTU,BUY,10.235185728649071,139.1441355335112,0.0,2
2024-10-01 09:30:00-04:00,MSTU,BUY,10.968107420085413,128.62119928894538,0.0,3
2024-10-01 09:30:00-04:00,IBX,BUY,10.787058141033377,130.7799690941706,0.0,4
2024-10-04 09:30:00-04:00,PLTR,EXIT,181.7303019278168,40.21846132101355,1640.2546665044829,4
2024-10-07 09:30:00-04:00,MSTU,EXIT,33.268360007710854,165.25804961075627,1233.8219662036008,3
2024-10-07 09:30:00-04:00,PLTR,BUY,37.06332775088349,38.90944438934326,0.0,1
2024-10-09 09:30:00-04:00,MSTU,BUY,8.777194186377686,165.75771095685076,0.0,1
2024-10-10 09:30:00-04:00,MSTU,BUY,9.603746542398271,151.62307951063656,0.0,2
2024-10-14 09:30:00-04:00,MSTU,BUY,9.575780331916551,152.55859095666213,0.0,3
2024-10-14 09:30:00-04:00,PLTR,BUY,33.643719692821726,43.42170152664184,0.0,2
2024-10-15 09:30:00-04:00,MSTU,BUY,10.784657187652023,133.73333982496797,0.0,4
2024-10-15 09:30:00-04:00,PLTR,BUY,33.97472167047763,42.45121530532837,0.0,3
2024-10-16 09:30:00-04:00,PLTR,BUY,34.263757269681875,41.95096530532837,0.0,4
2024-10-25 09:30:00-04:00,MSTU,EXIT,38.74137824834453,193.5019711628534,1682.3600347448037,4
2024-10-25 09:30:00-04:00,MSTU,BUY,8.331366234328323,176.72062168231142,0.0,1
2024-10-29 09:30:00-04:00,MSTU,BUY,8.06500887175539,182.46757324686968,0.0,2
2024-10-31 09:30:00-04:00,MSTU,BUY,8.323923324713366,173.06553058269844,0.0,3
2024-11-01 09:30:00-04:00,MSTU,BUY,9.528617401363624,150.8030672974549,0.0,4
2024-11-06 09:30:00-05:00,PLTR,EXIT,138.94552638386472,53.66048815997216,1673.237811625093,4
2024-11-13 09:30:00-05:00,MSTU,EXIT,34.248915832160705,219.1579763362892,1684.4673301002813,4
2024-11-13 09:30:00-05:00,MSTU,BUY,9.032942439473729,166.86082723977864,0.0,1
2024-11-13 09:30:00-05:00,PLTR,BUY,24.818632346352512,60.73035076332092,0.0,1
2024-11-14 09:30:00-05:00,MSTU,BUY,9.82244387690867,153.09559989224073,0.0,2
2024-11-14 09:30:00-05:00,PLTR,BUY,25.397455547127343,59.20959030532837,0.0,2
2024-11-18 09:30:00-05:00,PLTR,BUY,24.631548727088102,61.29062832069397,0.0,3
2024-11-19 09:30:00-05:00,MSTU,EXIT,18.8553863163824,205.8971372000044,871.2528777401826,2
2024-11-20 09:30:00-05:00,PLTR,BUY,24.685855929810174,62.151058931350704,0.0,4
2024-11-21 09:30:00-05:00,NFXL,EXIT,51.92141967862434,123.96865151647563,1444.4979121991873,4
2024-11-21 09:30:00-05:00,MSTU,BUY,10.865761602334036,140.63121018739454,0.0,1
2024-11-25 09:30:00-05:00,MSTU,BUY,11.963516176271352,127.44083229411315,0.0,2
2024-11-25 09:30:00-05:00,NFXL,BUY,13.011189096646666,117.17917919285702,0.0,1
2024-11-26 09:30:00-05:00,MSTU,BUY,14.154211665780158,107.843948222806,0.0,3
2024-11-27 09:30:00-05:00,MSTU,BUY,14.306147772484586,106.53378401664743,0.0,4
2024-12-02 09:30:00-05:00,AAPU,EXIT,45.81240324156398,157.06577712907352,1614.8163006701043,4
2024-12-04 09:30:00-05:00,AAPU,BUY,9.662234337464458,161.26549779713525,0.0,1
2024-12-05 09:30:00-05:00,AAPU,BUY,9.653965306565933,160.11952523084295,0.0,2
2024-12-06 09:30:00-05:00,AAPU,BUY,9.75436838420591,159.9613007329312,0.0,3
2024-12-09 09:30:00-05:00,PLTR,EXIT,99.53349255037813,78.43573970247711,1752.030743097328,4
2024-12-09 09:30:00-05:00,PLTR,BUY,21.40975924240948,72.49622908401489,0.0,1
2024-12-09 09:30:00-05:00,NFXL,BUY,11.870609230671954,130.7537617076004,0.0,2
2024-12-10 09:30:00-05:00,PLTR,BUY,21.83814646592469,70.92544438934326,0.0,2
2024-12-11 09:30:00-05:00,AAPU,BUY,9.460227276539436,165.4751417018368,0.0,4
2024-12-11 09:30:00-05:00,PLTR,BUY,21.578404054040455,72.54625713729858,0.0,3
2024-12-12 09:30:00-05:00,NFXL,BUY,11.740921325623452,132.7199345162989,0.0,3
2024-12-13 09:30:00-05:00,NFXL,BUY,11.739629906568071,132.65350660074563,0.0,4
2024-12-18 09:30:00-05:00,PLTR,BUY,21.063581105517507,71.54575713729858,0.0,4
2025-02-04 09:30:00-05:00,PLTR,EXIT,85.88989086789212,92.67409377386205,1786.3184397771229,4
2025-02-05 09:30:00-05:00,PLTR,BUY,15.295352558716907,101.41068061065673,0.0,1
2025-02-07 09:30:00-05:00,PLTR,BUY,13.876491126529713,110.90542347335816,0.0,2
2025-02-11 09:30:00-05:00,PLTR,BUY,13.709367025572474,112.67631274795534,0.0,3
2025-02-19 09:30:00-05:00,PLTR,BUY,13.984981208728287,112.11602755737306,0.0,4
2025-04-07 09:30:00-04:00,AAPU,EXIT,38.53079530477574,208.46520160498707,1802.6027357817156,4
2025-04-08 09:30:00-04:00,AAPU,BUY,9.171852087759984,158.93575013357517,0.0,1
2025-04-09 09:30:00-04:00,AAPU,EXIT,9.171852087759984,204.92460411347588,421.8029663892412,1
2025-04-14 09:30:00-04:00,AAPU,BUY,7.030223867464854,217.85228010833796,0.0,1
2025-04-16 09:30:00-04:00,AAPU,BUY,7.304765341802251,209.0076199396383,0.0,2
2025-04-21 09:30:00-04:00,AAPU,BUY,7.234811917844392,208.5923145323896,0.0,3
2025-04-23 09:30:00-04:00,AAPU,BUY,7.179273165346888,212.3327259199734,0.0,4
2025-04-29 09:30:00-04:00,IBX,EXIT,43.549132435487955,167.31681744196396,1635.225252997776,4
2025-05-01 09:30:00-04:00,IBX,BUY,9.317211522657384,170.26145583748848,0.0,1
2025-05-08 09:30:00-04:00,IBX,BUY,8.899662828478947,178.93117256686463,0.0,2
2025-05-09 09:30:00-04:00,IBX,BUY,8.966414557004628,176.58567434011383,0.0,3
2025-05-19 09:30:00-04:00,NFXL,EXIT,48.36234955951014,165.08926519447652,1791.7800997195154,4
2025-05-20 09:30:00-04:00,IBX,BUY,8.634008004820478,187.86159295551826,0.0,4
2025-05-22 09:30:00-04:00,NFXL,BUY,9.669391987527186,167.21234876622458,0.0,1
2025-05-28 09:30:00-04:00,NFXL,BUY,9.427304350767818,172.195077058537,0.0,2
2025-05-29 09:30:00-04:00,NFXL,BUY,9.742980096421642,165.29936477485947,0.0,3
2025-06-03 09:30:00-04:00,NFXL,BUY,9.51300844137676,171.7971111424747,0.0,4
2025-06-16 09:30:00-04:00,PLTR,EXIT,56.86619191954738,140.6380250210402,1794.797219024037,4
2025-06-17 09:30:00-04:00,PLTR,BUY,11.88411823384051,138.2690969467163,0.0,1
2025-06-20 09:30:00-04:00,PLTR,BUY,11.833323390400315,137.36865305328368,0.0,2
2025-06-25 09:30:00-04:00,PLTR,BUY,11.491606108831123,142.97144389343262,0.0,3
2025-06-26 09:30:00-04:00,PLTR,BUY,11.435574971303144,144.322125,0.0,4
2025-08-07 09:30:00-04:00,PLTR,EXIT,46.644622704375095,181.39051007993402,1898.7799148588701,4
2025-08-11 09:30:00-04:00,PLTR,BUY,8.945648027451284,182.77133267211914,0.0,1
2025-08-13 09:30:00-04:00,PLTR,BUY,8.853793649538293,184.46218011474608,0.0,2
2025-08-14 09:30:00-04:00,PLTR,BUY,9.04962130985249,181.11051427459714,0.0,3
2025-08-15 09:30:00-04:00,PLTR,BUY,9.220172717890582,177.2585831680298,0.0,4
2025-10-24 09:30:00-04:00,IBX,EXIT,35.81729691296144,229.81654166404127,1847.2793464100469,4
2025-10-28 09:30:00-04:00,IBX,BUY,7.044127082223618,235.71426113704217,0.0,1
2025-10-29 09:30:00-04:00,IBX,BUY,7.17323986270913,232.26282306410098,0.0,2
2025-10-31 09:30:00-04:00,IBX,BUY,7.108226325773169,231.39069013718245,0.0,3
2025-11-03 09:30:00-05:00,IBX,BUY,7.169421082931796,228.93405047934303,0.0,4
2025-12-03 09:30:00-05:00,AAPU,EXIT,28.749074292458385,273.20956514267476,1762.6993637181831,4
2025-12-03 09:30:00-05:00,AAPU,BUY,6.100178284452244,265.97448240762037,0.0,1
2025-12-04 09:30:00-05:00,AAPU,BUY,6.23512555809162,259.63212675526125,0.0,2
2025-12-05 09:30:00-05:00,AAPU,BUY,6.321990930249253,256.58638501218286,0.0,3
2025-12-08 09:30:00-05:00,AAPU,BUY,6.306191111090483,256.17869016701786,0.0,4
2026-04-27 09:30:00-04:00,GGLL,EXIT,35.88553629060698,198.18694311578406,1596.0737776638234,4
2026-05-04 09:30:00-04:00,GGLL,BUY,7.3336460125138325,215.8713010873901,0.0,1
2026-05-07 09:30:00-04:00,GGLL,BUY,7.159311838537284,221.01065357099696,0.0,2
2026-05-11 09:30:00-04:00,GGLL,BUY,7.226886090048479,218.78603024966606,0.0,3
2026-05-19 09:30:00-04:00,GGLL,BUY,6.784194479858885,235.30012310829235,0.0,4
2026-08-03 09:30:00-04:00,GGLL,EXIT,28.504038420958484,286.91418549401163,1835.3415568402752,4
2026-08-05 09:30:00-04:00,GGLL,BUY,6.069298669516424,269.6829152093419,0.0,1
