date,equity
2023-08-07 09:30:00-04:00,99998.75062468766
2023-08-08 09:30:00-04:00,99933.46621344954
2023-08-09 09:30:00-04:00,99721.72150387712
2023-08-10 09:30:00-04:00,99702.46897343868
2023-08-11 09:30:00-04:00,99691.9941864525
2023-08-14 09:30:00-04:00,99996.8004574154
2023-08-15 09:30:00-04:00,99830.36003048188
2023-08-16 09:30:00-04:00,99669.37789705883
2023-08-17 09:30:00-04:00,99179.93316055025
2023-08-18 09:30:00-04:00,99473.06675158259
2023-08-21 09:30:00-04:00,99864.46620913684
2023-08-22 09:30:00-04:00,99712.97887805563
2023-08-23 09:30:00-04:00,100256.0457844256
2023-08-24 09:30:00-04:00,99096.30388670487
2023-08-25 09:30:00-04:00,99202.6724504923
2023-08-28 09:30:00-04:00,99282.17661217287
2023-08-29 09:30:00-04:00,100257.37321632431
2023-08-30 09:30:00-04:00,100631.48726731393
2023-08-31 09:30:00-04:00,100445.10378501876
2023-09-01 09:30:00-04:00,100176.42838447921
2023-09-05 09:30:00-04:00,100436.08787028865
2023-09-06 09:30:00-04:00,99888.99636444598
2023-09-07 09:30:00-04:00,100349.5637387124
2023-09-08 09:30:00-04:00,100400.72611921793
2023-09-11 09:30:00-04:00,100842.68062219312
2023-09-12 09:30:00-04:00,100315.12166589504
2023-09-13 09:30:00-04:00,100567.14975837764
2023-09-14 09:30:00-04:00,100527.99752325594
2023-09-15 09:30:00-04:00,99410.81057204443
2023-09-18 09:30:00-04:00,99801.45484682493
2023-09-19 09:30:00-04:00,99882.66205005284
2023-09-20 09:30:00-04:00,98635.54798264723
2023-09-21 09:30:00-04:00,97966.68676486934
2023-09-22 09:30:00-04:00,97681.27829964133
2023-09-25 09:30:00-04:00,98298.51704942621
2023-09-26 09:30:00-04:00,97518.1122683666
2023-09-27 09:30:00-04:00,97796.2843520327
2023-09-28 09:30:00-04:00,98670.04287998554
2023-09-29 09:30:00-04:00,98152.18867780731
2023-10-02 09:30:00-04:00,98849.93313316368
2023-10-03 09:30:00-04:00,97747.79415754849
2023-10-04 09:30:00-04:00,98635.67951892177
2023-10-05 09:30:00-04:00,98768.26673399107
2023-10-06 09:30:00-04:00,100458.98095611072
2023-10-09 09:30:00-04:00,101418.4215268761
2023-10-10 09:30:00-04:00,101466.70445684768
2023-10-11 09:30:00-04:00,101953.74312978704
2023-10-12 09:30:00-04:00,101700.69476215835
2023-10-13 09:30:00-04:00,100466.34629302002
2023-10-16 09:30:00-04:00,101007.61409909581
2023-10-17 09:30:00-04:00,101538.46642375173
2023-10-18 09:30:00-04:00,100929.41568894425
2023-10-19 09:30:00-04:00,100368.42398889842
2023-10-20 09:30:00-04:00,99348.6442541925
2023-10-23 09:30:00-04:00,100209.45128275373
2023-10-24 09:30:00-04:00,100594.96437577253
2023-10-25 09:30:00-04:00,98978.94171130909
2023-10-26 09:30:00-04:00,97989.41974838302
2023-10-27 09:30:00-04:00,97779.98025249629
2023-10-30 09:30:00-04:00,98080.44655247562
2023-10-31 09:30:00-04:00,98242.41000909486
2023-11-01 09:30:00-04:00,99325.64563252225
2023-11-02 09:30:00-04:00,100306.26046192208
2023-11-03 09:30:00-04:00,101032.35953151633
2023-11-06 09:30:00-05:00,101367.15596752458
2023-11-07 09:30:00-05:00,101783.84587511921
2023-11-08 09:30:00-05:00,101749.63344949347
2023-11-09 09:30:00-05:00,101297.2266730965
2023-11-10 09:30:00-05:00,102930.1213016791
2023-11-13 09:30:00-05:00,102952.33975049778
2023-11-14 09:30:00-05:00,103113.97708190937
2023-11-15 09:30:00-05:00,102726.22546323844
2023-11-16 09:30:00-05:00,103260.37239600727
2023-11-17 09:30:00-05:00,103389.53795615524
2023-11-20 09:30:00-05:00,104221.32324779718
2023-11-21 09:30:00-05:00,103968.53255684246
2023-11-22 09:30:00-05:00,104016.67268124217
2023-11-24 09:30:00-05:00,103670.736511233
2023-11-27 09:30:00-05:00,103755.81806641495
2023-11-28 09:30:00-05:00,104075.50058147755
2023-11-29 09:30:00-05:00,103517.6749815463
2023-11-30 09:30:00-05:00,103158.7974032338
2023-12-01 09:30:00-05:00,103361.36425208335
2023-12-04 09:30:00-05:00,102826.72757001946
2023-12-05 09:30:00-05:00,103609.24256572698
2023-12-06 09:30:00-05:00,102351.82865121929
2023-12-07 09:30:00-05:00,102919.38468107238
2023-12-08 09:30:00-05:00,103812.97042471945
2023-12-11 09:30:00-05:00,103813.10705460364
2023-12-12 09:30:00-05:00,104520.99770082333
2023-12-13 09:30:00-05:00,104965.32519332474
2023-12-14 09:30:00-05:00,104578.97784970817
2023-12-15 09:30:00-05:00,104892.02826569104
2023-12-18 09:30:00-05:00,105580.99309498117
2023-12-19 09:30:00-05:00,105821.28682495728
2023-12-20 09:30:00-05:00,104947.8597049628
2023-12-21 09:30:00-05:00,105152.97842957711
2023-12-22 09:30:00-05:00,104962.83091605238
2023-12-26 09:30:00-05:00,105110.57428278368
2023-12-27 09:30:00-05:00,105011.84928403317
2023-12-28 09:30:00-05:00,104880.83355893046
2023-12-29 09:30:00-05:00,104472.11638176398
2024-01-02 09:30:00-05:00,103595.538062632
2024-01-03 09:30:00-05:00,103566.74403541317
2024-01-04 09:30:00-05:00,103461.04098549113
2024-01-05 09:30:00-05:00,103478.77845594147
2024-01-08 09:30:00-05:00,104955.29894585029
2024-01-09 09:30:00-05:00,105545.68659891048
2024-01-10 09:30:00-05:00,106186.37758494857
2024-01-11 09:30:00-05:00,105932.2391798746
2024-01-12 09:30:00-05:00,106057.05272762358
2024-01-16 09:30:00-05:00,106125.97297174623
2024-01-17 09:30:00-05:00,106212.32798282735
2024-01-18 09:30:00-05:00,106673.19180337143
2024-01-19 09:30:00-05:00,107447.0657261252
2024-01-22 09:30:00-05:00,107182.12558636407
2024-01-23 09:30:00-05:00,107400.08097374532
2024-01-24 09:30:00-05:00,107451.39059571855
2024-01-25 09:30:00-05:00,107635.6152054945
2024-01-26 09:30:00-05:00,107661.55642255617
2024-01-29 09:30:00-05:00,108382.3755060817
2024-01-30 09:30:00-05:00,108026.4596087821
2024-01-31 09:30:00-05:00,107460.3638229882
2024-02-01 09:30:00-05:00,108033.23959304363
2024-02-02 09:30:00-05:00,108862.6299643816
2024-02-05 09:30:00-05:00,108743.33572197433
2024-02-06 09:30:00-05:00,110032.0575049698
2024-02-07 09:30:00-05:00,110927.15689426914
2024-02-08 09:30:00-05:00,111541.12042942
2024-02-09 09:30:00-05:00,111866.0231194586
2024-02-12 09:30:00-05:00,111605.31066238508
2024-02-13 09:30:00-05:00,111638.07898948572
2024-02-14 09:30:00-05:00,111761.7208234343
2024-02-15 09:30:00-05:00,111867.08632748459
2024-02-16 09:30:00-05:00,111403.28026413213
2024-02-20 09:30:00-05:00,110963.53732271734
2024-02-21 09:30:00-05:00,110910.21517399565
2024-02-22 09:30:00-05:00,111417.04538701836
2024-02-23 09:30:00-05:00,110969.80385916129
2024-02-26 09:30:00-05:00,110605.13256405845
2024-02-27 09:30:00-05:00,110840.4212134816
2024-02-28 09:30:00-05:00,110700.52295310264
2024-02-29 09:30:00-05:00,111121.26311947036
2024-03-01 09:30:00-05:00,111873.72160748957
2024-03-04 09:30:00-05:00,111612.70449744533
2024-03-05 09:30:00-05:00,111138.39165279477
2024-03-06 09:30:00-05:00,111556.79699002818
2024-03-07 09:30:00-05:00,112379.78297085466
2024-03-08 09:30:00-05:00,111248.0951340512
2024-03-11 09:30:00-04:00,110548.28768818319
2024-03-12 09:30:00-04:00,111341.21742003161
2024-03-13 09:30:00-04:00,111251.09307683553
2024-03-14 09:30:00-04:00,110870.49821479424
2024-03-15 09:30:00-04:00,110387.7367742004
2024-03-18 09:30:00-04:00,110100.4876041008
2024-03-19 09:30:00-04:00,110622.27773437515
2024-03-20 09:30:00-04:00,111315.31724722836
2024-03-21 09:30:00-04:00,110483.90732858142
2024-03-22 09:30:00-04:00,110888.36953436834
2024-03-25 09:30:00-04:00,111069.472410941
2024-03-26 09:30:00-04:00,110607.49550965607
2024-03-27 09:30:00-04:00,110125.16632851977
2024-03-28 09:30:00-04:00,109658.0743922506
2024-04-01 09:30:00-04:00,110059.56764749503
2024-04-02 09:30:00-04:00,110485.22922944721
2024-04-03 09:30:00-04:00,111235.6816048481
2024-04-04 09:30:00-04:00,109488.64588389803
2024-04-05 09:30:00-04:00,110433.72909161345
2024-04-08 09:30:00-04:00,110036.92231941444
2024-04-09 09:30:00-04:00,109514.45729462888
2024-04-10 09:30:00-04:00,110054.16606175216
2024-04-11 09:30:00-04:00,111307.9378521785
2024-04-12 09:30:00-04:00,110839.50320256468
2024-04-15 09:30:00-04:00,108776.45703884873
2024-04-16 09:30:00-04:00,108836.41638594537
2024-04-17 09:30:00-04:00,107598.18871740374
2024-04-18 09:30:00-04:00,107257.63039250107
2024-04-19 09:30:00-04:00,105410.62748616263
2024-04-22 09:30:00-04:00,105857.79614622277
2024-04-23 09:30:00-04:00,106747.70043162187
2024-04-24 09:30:00-04:00,106017.3930151255
2024-04-25 09:30:00-04:00,107799.95301539685
2024-04-26 09:30:00-04:00,108271.91122062202
2024-04-29 09:30:00-04:00,107958.05369722846
2024-04-30 09:30:00-04:00,106697.77070918313
2024-05-01 09:30:00-04:00,106398.75133983308
2024-05-02 09:30:00-04:00,107144.53342649448
2024-05-03 09:30:00-04:00,107527.62580527713
2024-05-06 09:30:00-04:00,108798.50577516636
2024-05-07 09:30:00-04:00,107971.74329369546
2024-05-08 09:30:00-04:00,108521.06713402303
2024-05-09 09:30:00-04:00,108429.80777295097
2024-05-10 09:30:00-04:00,108109.4564883864
2024-05-13 09:30:00-04:00,108383.68710005542
2024-05-14 09:30:00-04:00,109147.87250015241
2024-05-15 09:30:00-04:00,109836.883315288
2024-05-16 09:30:00-04:00,109596.42740884732
2024-05-17 09:30:00-04:00,109612.97179937919
2024-05-20 09:30:00-04:00,110082.16584932125
2024-05-21 09:30:00-04:00,110653.03803770314
2024-05-22 09:30:00-04:00,110400.2165115313
2024-05-23 09:30:00-04:00,109384.76121753099
2024-05-24 09:30:00-04:00,109937.28938408627
2024-05-28 09:30:00-04:00,110517.92349844475
2024-05-29 09:30:00-04:00,110765.08319652308
2024-05-30 09:30:00-04:00,109992.5313438186
2024-05-31 09:30:00-04:00,109731.64963036336
2024-06-03 09:30:00-04:00,109821.55110425536
2024-06-04 09:30:00-04:00,110213.18389012147
2024-06-05 09:30:00-04:00,111386.28565023287
2024-06-06 09:30:00-04:00,111446.45460173953
2024-06-07 09:30:00-04:00,111277.43931549828
2024-06-10 09:30:00-04:00,111715.89373227188
2024-06-11 09:30:00-04:00,112754.05748955227
2024-06-12 09:30:00-04:00,112995.44389691886
2024-06-13 09:30:00-04:00,112654.35091374221
2024-06-14 09:30:00-04:00,113332.36552150533
2024-06-17 09:30:00-04:00,114179.74323736245
2024-06-18 09:30:00-04:00,114249.95097169655
2024-06-20 09:30:00-04:00,113213.3683251274
2024-06-21 09:30:00-04:00,112888.88156155842
2024-06-24 09:30:00-04:00,112089.50691778201
2024-06-25 09:30:00-04:00,112966.75998199418
2024-06-26 09:30:00-04:00,113633.14506665694
2024-06-27 09:30:00-04:00,114134.83970940593
2024-06-28 09:30:00-04:00,113188.36344862156
2024-07-01 09:30:00-04:00,113880.02262109725
2024-07-02 09:30:00-04:00,115018.56150334756
2024-07-03 09:30:00-04:00,115783.2292548494
2024-07-05 09:30:00-04:00,117142.24773520722
2024-07-08 09:30:00-04:00,117186.24974839648
2024-07-09 09:30:00-04:00,116876.02275761004
2024-07-10 09:30:00-04:00,117580.32332770464
2024-07-11 09:30:00-04:00,115365.10920257974
2024-07-12 09:30:00-04:00,115800.1012685368
2024-07-15 09:30:00-04:00,115589.74060431651
2024-07-16 09:30:00-04:00,114786.80605210889
2024-07-17 09:30:00-04:00,113687.68609430392
2024-07-18 09:30:00-04:00,112563.07848353524
2024-07-19 09:30:00-04:00,112028.71482906157
2024-07-22 09:30:00-04:00,112170.25750819006
2024-07-23 09:30:00-04:00,112301.69531614581
2024-07-24 09:30:00-04:00,110446.88069225264
2024-07-25 09:30:00-04:00,109707.75006644633
2024-07-26 09:30:00-04:00,109651.94054528642
2024-07-29 09:30:00-04:00,109185.00397564718
2024-07-30 09:30:00-04:00,107965.09992785228
2024-07-31 09:30:00-04:00,108430.25349926065
2024-08-01 09:30:00-04:00,106555.8933598345
2024-08-02 09:30:00-04:00,106464.78316411005
2024-08-05 09:30:00-04:00,109404.08827576222
2024-08-06 09:30:00-04:00,110615.03989210963
2024-08-07 09:30:00-04:00,109018.09237876577
2024-08-08 09:30:00-04:00,110636.9273372108
2024-08-09 09:30:00-04:00,111564.70584634563
2024-08-12 09:30:00-04:00,111428.36561635227
2024-08-13 09:30:00-04:00,112630.5833659989
2024-08-14 09:30:00-04:00,112674.9230200312
2024-08-15 09:30:00-04:00,113231.01325959915
2024-08-16 09:30:00-04:00,113598.01065677592
2024-08-19 09:30:00-04:00,114368.34195540649
2024-08-20 09:30:00-04:00,114394.4579441729
2024-08-21 09:30:00-04:00,114762.11725892677
2024-08-22 09:30:00-04:00,113168.51375951529
2024-08-23 09:30:00-04:00,113251.07036665198
2024-08-26 09:30:00-04:00,112782.44084844393
2024-08-27 09:30:00-04:00,113212.54552726862
2024-08-28 09:30:00-04:00,112380.93464170891
2024-08-29 09:30:00-04:00,111960.35357816424
2024-08-30 09:30:00-04:00,112446.41545448218
2024-09-03 09:30:00-04:00,110394.79025625154
2024-09-04 09:30:00-04:00,110735.79745608111
2024-09-05 09:30:00-04:00,111220.31614662259
2024-09-06 09:30:00-04:00,109180.3557737707
2024-09-09 09:30:00-04:00,109978.435888543
2024-09-10 09:30:00-04:00,110081.04694873503
2024-09-11 09:30:00-04:00,111302.70365323688
2024-09-12 09:30:00-04:00,111941.68410051969
2024-09-13 09:30:00-04:00,112341.95670220326
2024-09-16 09:30:00-04:00,112631.4638617757
2024-09-17 09:30:00-04:00,112438.5412229427
2024-09-18 09:30:00-04:00,112407.5151779484
2024-09-19 09:30:00-04:00,113154.65974485982
2024-09-20 09:30:00-04:00,113128.26913398394
2024-09-23 09:30:00-04:00,113313.94146822803
2024-09-24 09:30:00-04:00,113659.06525459464
2024-09-25 09:30:00-04:00,114168.72757725672
2024-09-26 09:30:00-04:00,113668.43277215691
2024-09-27 09:30:00-04:00,113186.28574242625
2024-09-30 09:30:00-04:00,113758.38732111055
2024-10-01 09:30:00-04:00,112693.50814392153
2024-10-02 09:30:00-04:00,113245.05065042601
2024-10-03 09:30:00-04:00,114075.82272849194
2024-10-04 09:30:00-04:00,114888.0864051111
2024-10-07 09:30:00-04:00,114468.96025290586
2024-10-08 09:30:00-04:00,115321.11838672773
2024-10-09 09:30:00-04:00,115549.41086219647
2024-10-10 09:30:00-04:00,115659.4217267032
2024-10-11 09:30:00-04:00,116237.46009263706
2024-10-14 09:30:00-04:00,116018.17521954031
2024-10-15 09:30:00-04:00,114765.121844143
2024-10-16 09:30:00-04:00,114565.46745516255
2024-10-17 09:30:00-04:00,113934.89100985829
2024-10-18 09:30:00-04:00,114426.82591736232
2024-10-21 09:30:00-04:00,115162.3832229326
2024-10-22 09:30:00-04:00,115618.88176173577
2024-10-23 09:30:00-04:00,114718.55021706974
2024-10-24 09:30:00-04:00,115382.83404723644
2024-10-25 09:30:00-04:00,115695.95268417925
2024-10-28 09:30:00-04:00,115380.95870952023
2024-10-29 09:30:00-04:00,115749.73698039766
2024-10-30 09:30:00-04:00,114852.0879103808
2024-10-31 09:30:00-04:00,113119.42579965989
2024-11-01 09:30:00-04:00,112585.32551346609
2024-11-04 09:30:00-05:00,112144.32571879048
2024-11-05 09:30:00-05:00,113849.15672199542
2024-11-06 09:30:00-05:00,115118.05262985041
2024-11-07 09:30:00-05:00,116831.15489898439
2024-11-08 09:30:00-05:00,116186.97393734969
2024-11-11 09:30:00-05:00,117279.29032909934
2024-11-12 09:30:00-05:00,118302.59320052061
2024-11-13 09:30:00-05:00,118184.47058001003
2024-11-14 09:30:00-05:00,117915.20636879325
2024-11-15 09:30:00-05:00,117074.2012201551
2024-11-18 09:30:00-05:00,117939.51686685368
2024-11-19 09:30:00-05:00,119741.37201283718
2024-11-20 09:30:00-05:00,119804.04363949338
2024-11-21 09:30:00-05:00,119408.39517090867
2024-11-22 09:30:00-05:00,119350.80097044329
2024-11-25 09:30:00-05:00,119031.31327435607
2024-11-26 09:30:00-05:00,119382.588113389
2024-11-27 09:30:00-05:00,119198.18107149571
2024-11-29 09:30:00-05:00,119572.89114322045
2024-12-02 09:30:00-05:00,119977.18332266476
2024-12-03 09:30:00-05:00,121311.6465970552
2024-12-04 09:30:00-05:00,122268.04143876943
2024-12-05 09:30:00-05:00,121482.15491063693
2024-12-06 09:30:00-05:00,122621.38901188057
2024-12-09 09:30:00-05:00,121896.70589605253
2024-12-10 09:30:00-05:00,121615.63074875387
2024-12-11 09:30:00-05:00,123006.17497739519
2024-12-12 09:30:00-05:00,122315.9746632626
2024-12-13 09:30:00-05:00,122137.9560062854
2024-12-16 09:30:00-05:00,121884.24520077731
2024-12-17 09:30:00-05:00,121174.03676620108
2024-12-18 09:30:00-05:00,118046.42399980244
2024-12-19 09:30:00-05:00,116956.28841762463
2024-12-20 09:30:00-05:00,119259.14381761159
2024-12-23 09:30:00-05:00,119374.85677698177
2024-12-24 09:30:00-05:00,120222.16458958235
2024-12-26 09:30:00-05:00,119989.27796690902
2024-12-27 09:30:00-05:00,119084.22843443294
2024-12-30 09:30:00-05:00,119091.03608641436
2024-12-31 09:30:00-05:00,117714.2536166441
2025-01-02 09:30:00-05:00,117441.58951902458
2025-01-03 09:30:00-05:00,118614.07547459286
2025-01-06 09:30:00-05:00,119142.85591368462
2025-01-07 09:30:00-05:00,116860.29585469118
2025-01-08 09:30:00-05:00,116415.23420028423
2025-01-10 09:30:00-05:00,115626.70317371964
2025-01-13 09:30:00-05:00,116184.47230959994
2025-01-14 09:30:00-05:00,115368.9020795665
2025-01-15 09:30:00-05:00,116276.51887117565
2025-01-16 09:30:00-05:00,115275.17577197554
2025-01-17 09:30:00-05:00,115262.78705359026
2025-01-21 09:30:00-05:00,115403.70398335406
2025-01-22 09:30:00-05:00,115645.06861095276
2025-01-23 09:30:00-05:00,116480.79426176657
2025-01-24 09:30:00-05:00,115798.95394159798
2025-01-27 09:30:00-05:00,116445.4213637832
2025-01-28 09:30:00-05:00,117935.171824875
2025-01-29 09:30:00-05:00,118048.67969295016
2025-01-30 09:30:00-05:00,118074.14186096744
2025-01-31 09:30:00-05:00,117453.55540043951
2025-02-03 09:30:00-05:00,118934.19995341351
2025-02-04 09:30:00-05:00,120959.14873967863
2025-02-05 09:30:00-05:00,121340.56909594289
2025-02-06 09:30:00-05:00,121489.77595630893
2025-02-07 09:30:00-05:00,120355.57276108008
2025-02-10 09:30:00-05:00,120523.56260554431
2025-02-11 09:30:00-05:00,120757.0020815499
2025-02-12 09:30:00-05:00,121858.50931059121
2025-02-13 09:30:00-05:00,122815.46027472705
2025-02-14 09:30:00-05:00,123787.31932880491
2025-02-18 09:30:00-05:00,122970.83716441916
2025-02-19 09:30:00-05:00,122550.17694111918
2025-02-20 09:30:00-05:00,122024.01653657174
2025-02-21 09:30:00-05:00,119923.09638311334
2025-02-24 09:30:00-05:00,118103.05351442382
2025-02-25 09:30:00-05:00,117070.16231653705
2025-02-26 09:30:00-05:00,117414.45664566848
2025-02-27 09:30:00-05:00,114336.01099700856
2025-02-28 09:30:00-05:00,115642.5403086274
2025-03-03 09:30:00-05:00,113301.0569893371
2025-03-04 09:30:00-05:00,114285.95507974314
2025-03-05 09:30:00-05:00,115537.78426508231
2025-03-06 09:30:00-05:00,113851.5762075237
2025-03-07 09:30:00-05:00,114727.0166963352
2025-03-10 09:30:00-04:00,112709.17505651795
2025-03-11 09:30:00-04:00,113142.19153074123
2025-03-12 09:30:00-04:00,113172.94338554659
2025-03-13 09:30:00-04:00,111429.86127992136
2025-03-14 09:30:00-04:00,112646.34262372245
2025-03-17 09:30:00-04:00,112712.81576081384
2025-03-18 09:30:00-04:00,111743.04590537041
2025-03-19 09:30:00-04:00,112588.13868307494
2025-03-20 09:30:00-04:00,112999.98673428905
2025-03-21 09:30:00-04:00,114495.48795539551
2025-03-24 09:30:00-04:00,115319.17619839753
2025-03-25 09:30:00-04:00,115893.35872578717
2025-03-26 09:30:00-04:00,114248.79319693614
2025-03-27 09:30:00-04:00,114113.03495808782
2025-03-28 09:30:00-04:00,111890.76220255147
2025-03-31 09:30:00-04:00,113115.17691993256
2025-04-01 09:30:00-04:00,114206.36195756435
2025-04-02 09:30:00-04:00,115730.85315204234
2025-04-03 09:30:00-04:00,114763.7365887429
2025-04-04 09:30:00-04:00,112956.38351218749
2025-04-07 09:30:00-04:00,116891.89037280895
2025-04-08 09:30:00-04:00,112145.99145343549
2025-04-09 09:30:00-04:00,120990.80095619455
2025-04-10 09:30:00-04:00,119567.90921755965
2025-04-11 09:30:00-04:00,120690.17988893185
2025-04-14 09:30:00-04:00,119858.10138084451
2025-04-15 09:30:00-04:00,120135.04315144828
2025-04-16 09:30:00-04:00,119485.33620920303
2025-04-17 09:30:00-04:00,118853.63797373034
2025-04-21 09:30:00-04:00,118069.07962505975
2025-04-22 09:30:00-04:00,119521.85114024044
2025-04-23 09:30:00-04:00,119269.25829154553
2025-04-24 09:30:00-04:00,121242.64566225986
2025-04-25 09:30:00-04:00,122132.61174930292
2025-04-28 09:30:00-04:00,121965.07433896748
2025-04-29 09:30:00-04:00,122975.2028212799
2025-04-30 09:30:00-04:00,124360.61173837558
2025-05-01 09:30:00-04:00,123911.99574276223
2025-05-02 09:30:00-04:00,124763.92218552335
2025-05-05 09:30:00-04:00,124961.66729986787
2025-05-06 09:30:00-04:00,124490.5339711514
2025-05-07 09:30:00-04:00,124450.32872610184
2025-05-08 09:30:00-04:00,124662.94968162963
2025-05-09 09:30:00-04:00,123946.15014041886
2025-05-12 09:30:00-04:00,123706.29754737102
2025-05-13 09:30:00-04:00,125489.73542024764
2025-05-14 09:30:00-04:00,125985.97422813739
2025-05-15 09:30:00-04:00,125893.9452942046
2025-05-16 09:30:00-04:00,125777.74892530327
2025-05-19 09:30:00-04:00,126917.9926465702
2025-05-20 09:30:00-04:00,126807.38217244793
2025-05-21 09:30:00-04:00,126187.49736959665
2025-05-22 09:30:00-04:00,126417.286927543
2025-05-23 09:30:00-04:00,126491.11884409554
2025-05-27 09:30:00-04:00,127106.46155838051
2025-05-28 09:30:00-04:00,126864.08800228234
2025-05-29 09:30:00-04:00,125867.23715062466
2025-05-30 09:30:00-04:00,126331.2748950899
2025-06-02 09:30:00-04:00,127433.89052773737
2025-06-03 09:30:00-04:00,127701.55232519963
2025-06-04 09:30:00-04:00,128158.84462315498
2025-06-05 09:30:00-04:00,127335.38294768822
2025-06-06 09:30:00-04:00,127571.3737218109
2025-06-09 09:30:00-04:00,127563.57326016479
2025-06-10 09:30:00-04:00,127672.80109740322
2025-06-11 09:30:00-04:00,127049.5175942656
2025-06-12 09:30:00-04:00,127295.83846994437
2025-06-13 09:30:00-04:00,127458.6479945021
2025-06-16 09:30:00-04:00,128171.95334190124
2025-06-17 09:30:00-04:00,127956.0238797496
2025-06-18 09:30:00-04:00,127591.0112761429
2025-06-20 09:30:00-04:00,126523.0580783321
2025-06-23 09:30:00-04:00,127288.42869423877
2025-06-24 09:30:00-04:00,127964.84631528513
2025-06-25 09:30:00-04:00,128005.79976446502
2025-06-26 09:30:00-04:00,128613.31434626113
2025-06-27 09:30:00-04:00,128622.58520603114
2025-06-30 09:30:00-04:00,128814.32220314856
2025-07-01 09:30:00-04:00,127379.44093855718
2025-07-02 09:30:00-04:00,128260.0735492911
2025-07-03 09:30:00-04:00,128647.30625718733
2025-07-07 09:30:00-04:00,128452.75379853378
2025-07-08 09:30:00-04:00,127788.53466856209
2025-07-09 09:30:00-04:00,128614.18845025598
2025-07-10 09:30:00-04:00,128366.0273160979
2025-07-11 09:30:00-04:00,128415.77834816862
2025-07-14 09:30:00-04:00,128844.62049641884
2025-07-15 09:30:00-04:00,128590.77702062584
2025-07-16 09:30:00-04:00,128425.08501572833
2025-07-17 09:30:00-04:00,128869.40255840943
2025-07-18 09:30:00-04:00,128114.96203445728
2025-07-21 09:30:00-04:00,128522.94169788658
2025-07-22 09:30:00-04:00,127455.64133225626
2025-07-23 09:30:00-04:00,127508.55746565806
2025-07-24 09:30:00-04:00,127563.32803584475
2025-07-25 09:30:00-04:00,127826.5148523746
2025-07-28 09:30:00-04:00,127729.93043104265
2025-07-29 09:30:00-04:00,126926.42721801574
2025-07-30 09:30:00-04:00,126976.3283549449
2025-07-31 09:30:00-04:00,125925.55146914847
2025-08-01 09:30:00-04:00,124718.45773201346
2025-08-04 09:30:00-04:00,125423.4115241276
2025-08-05 09:30:00-04:00,125466.9538453688
2025-08-06 09:30:00-04:00,126742.0287081695
2025-08-07 09:30:00-04:00,126693.9092334533
2025-08-08 09:30:00-04:00,127375.7506774611
2025-08-11 09:30:00-04:00,127065.00218150104
2025-08-12 09:30:00-04:00,127301.86327171043
2025-08-13 09:30:00-04:00,126899.98170648326
2025-08-14 09:30:00-04:00,127383.29872646154
2025-08-15 09:30:00-04:00,127045.10670887964
2025-08-18 09:30:00-04:00,127101.73618973247
2025-08-19 09:30:00-04:00,125526.66996023874
2025-08-20 09:30:00-04:00,125098.03516517434
2025-08-21 09:30:00-04:00,124804.17329940516
2025-08-22 09:30:00-04:00,126059.3398156118
2025-08-25 09:30:00-04:00,126280.17792381093
2025-08-26 09:30:00-04:00,126878.07393232231
2025-08-27 09:30:00-04:00,126917.88036394535
2025-08-28 09:30:00-04:00,127454.02941712254
2025-08-29 09:30:00-04:00,126759.17700324772
2025-09-02 09:30:00-04:00,127440.31594938776
2025-09-03 09:30:00-04:00,127749.7219728266
2025-09-04 09:30:00-04:00,128646.91182944627
2025-09-05 09:30:00-04:00,128379.76313801392
2025-09-08 09:30:00-04:00,128742.1914141521
2025-09-09 09:30:00-04:00,129664.27622588634
2025-09-10 09:30:00-04:00,128846.922370721
2025-09-11 09:30:00-04:00,128185.60354523228
2025-09-12 09:30:00-04:00,128386.8593657364
2025-09-15 09:30:00-04:00,129023.09673743653
2025-09-16 09:30:00-04:00,128994.33598996061
2025-09-17 09:30:00-04:00,128646.32557912593
2025-09-18 09:30:00-04:00,129374.1647943239
2025-09-19 09:30:00-04:00,129753.26307105142
2025-09-22 09:30:00-04:00,130375.1127149367
2025-09-23 09:30:00-04:00,129612.45761494388
2025-09-24 09:30:00-04:00,128567.82223980314
2025-09-25 09:30:00-04:00,129107.88729525957
2025-09-26 09:30:00-04:00,129273.81646834945
2025-09-29 09:30:00-04:00,129099.35565925197
2025-09-30 09:30:00-04:00,129364.15792493983
2025-10-01 09:30:00-04:00,130367.286440047
2025-10-02 09:30:00-04:00,130299.82241114331
2025-10-03 09:30:00-04:00,129482.1012865406
2025-10-06 09:30:00-04:00,130086.47188061493
2025-10-07 09:30:00-04:00,129410.06447106751
2025-10-08 09:30:00-04:00,130051.68567361942
2025-10-09 09:30:00-04:00,130054.46046936465
2025-10-10 09:30:00-04:00,126747.46112487873
2025-10-13 09:30:00-04:00,127141.06364568557
2025-10-14 09:30:00-04:00,127360.89690171422
2025-10-15 09:30:00-04:00,127192.31780779631
2025-10-16 09:30:00-04:00,126214.71262410861
2025-10-17 09:30:00-04:00,126887.51524071275
2025-10-20 09:30:00-04:00,127816.08656198203
2025-10-21 09:30:00-04:00,127620.76831301274
2025-10-22 09:30:00-04:00,126627.05068279784
2025-10-23 09:30:00-04:00,127409.3273977853
2025-10-24 09:30:00-04:00,128398.67428190683
2025-10-27 09:30:00-04:00,129043.68323218284
2025-10-28 09:30:00-04:00,129569.48233840633
2025-10-29 09:30:00-04:00,130008.52697060918
2025-10-30 09:30:00-04:00,129109.98809163232
2025-10-31 09:30:00-04:00,128330.43433994462
2025-11-03 09:30:00-05:00,128086.23319648558
2025-11-04 09:30:00-05:00,127240.2341684953
2025-11-05 09:30:00-05:00,127590.36048045575
2025-11-06 09:30:00-05:00,126416.5308442666
2025-11-07 09:30:00-05:00,126717.37093250998
2025-11-10 09:30:00-05:00,127770.2975298232
2025-11-11 09:30:00-05:00,128232.95804799901
2025-11-12 09:30:00-05:00,127234.83536190694
2025-11-13 09:30:00-05:00,125785.95324852072
2025-11-14 09:30:00-05:00,126522.51538363707
2025-11-17 09:30:00-05:00,126085.02754404274
2025-11-18 09:30:00-05:00,125728.15823515452
2025-11-19 09:30:00-05:00,125743.01067397193
2025-11-20 09:30:00-05:00,122675.31491352565
2025-11-21 09:30:00-05:00,123234.64795009702
2025-11-24 09:30:00-05:00,124968.213412904
2025-11-25 09:30:00-05:00,125146.35957641518
2025-11-26 09:30:00-05:00,125126.16559182768
2025-11-28 09:30:00-05:00,125423.37929067941
2025-12-01 09:30:00-05:00,126016.50950950614
2025-12-02 09:30:00-05:00,126216.14552449269
2025-12-03 09:30:00-05:00,126122.97145613257
2025-12-04 09:30:00-05:00,125704.56491937244
2025-12-05 09:30:00-05:00,125921.08940995228
2025-12-08 09:30:00-05:00,125415.22686879794
2025-12-09 09:30:00-05:00,125591.45726578202
2025-12-10 09:30:00-05:00,125835.91864723776
2025-12-11 09:30:00-05:00,125573.95466538638
2025-12-12 09:30:00-05:00,124527.78939485233
2025-12-15 09:30:00-05:00,123501.04032253624
2025-12-16 09:30:00-05:00,123931.7330731654
2025-12-17 09:30:00-05:00,122297.48282308388
2025-12-18 09:30:00-05:00,122468.07287966573
2025-12-19 09:30:00-05:00,123218.8412687755
2025-12-22 09:30:00-05:00,122999.69303020678
2025-12-23 09:30:00-05:00,123668.76153045613
2025-12-24 09:30:00-05:00,123882.81138605217
2025-12-26 09:30:00-05:00,123748.62555238818
2025-12-29 09:30:00-05:00,123753.13627610388
2025-12-30 09:30:00-05:00,123613.57724557059
2025-12-31 09:30:00-05:00,123147.41760603446
2026-01-02 09:30:00-05:00,122148.9382889446
2026-01-05 09:30:00-05:00,122147.42721011952
2026-01-06 09:30:00-05:00,122245.18717486475
2026-01-07 09:30:00-05:00,122123.1348187311
2026-01-08 09:30:00-05:00,121958.32168077903
2026-01-09 09:30:00-05:00,122213.71114834183
2026-01-12 09:30:00-05:00,122828.88821038336
2026-01-13 09:30:00-05:00,122658.0111417663
2026-01-14 09:30:00-05:00,122285.77495916533
2026-01-15 09:30:00-05:00,121647.3521449307
2026-01-16 09:30:00-05:00,121057.99070336451
2026-01-20 09:30:00-05:00,119937.72016583788
2026-01-21 09:30:00-05:00,120401.10992883836
2026-01-22 09:30:00-05:00,120107.62151558617
2026-01-23 09:30:00-05:00,120617.89399087837
2026-01-26 09:30:00-05:00,120852.02312874456
2026-01-27 09:30:00-05:00,120887.26661072695
2026-01-28 09:30:00-05:00,120241.05988186834
2026-01-29 09:30:00-05:00,119683.32431041123
2026-01-30 09:30:00-05:00,119640.99918368162
2026-02-02 09:30:00-05:00,120718.78093112548
2026-02-03 09:30:00-05:00,119729.49085253105
2026-02-04 09:30:00-05:00,118300.62124493977
2026-02-05 09:30:00-05:00,118487.66274823537
2026-02-06 09:30:00-05:00,119482.24922264158
2026-02-09 09:30:00-05:00,120025.86096497776
2026-02-10 09:30:00-05:00,119406.53588064344
2026-02-11 09:30:00-05:00,118282.54617571883
2026-02-12 09:30:00-05:00,116239.7645155504
2026-02-13 09:30:00-05:00,115917.45968542021
2026-02-17 09:30:00-05:00,116504.49481851063
2026-02-18 09:30:00-05:00,116867.09849472097
2026-02-19 09:30:00-05:00,116893.82035594566
2026-02-20 09:30:00-05:00,118232.81795979166
2026-02-23 09:30:00-05:00,117010.2426097964
2026-02-24 09:30:00-05:00,117646.03751074278
2026-02-25 09:30:00-05:00,118388.11964051658
2026-02-26 09:30:00-05:00,117898.24413676298
2026-02-27 09:30:00-05:00,118119.69311039537
2026-03-02 09:30:00-05:00,119391.36268201223
2026-03-03 09:30:00-05:00,120382.74105190531
2026-03-04 09:30:00-05:00,121126.50644154556
2026-03-05 09:30:00-05:00,121308.91716418017
2026-03-06 09:30:00-05:00,121280.46430607903
2026-03-09 09:30:00-04:00,122524.53358785219
2026-03-10 09:30:00-04:00,122371.73404596528
2026-03-11 09:30:00-04:00,122114.17306555115
2026-03-12 09:30:00-04:00,121562.64327682159
2026-03-13 09:30:00-04:00,120660.60144824199
2026-03-16 09:30:00-04:00,120902.50159102249
2026-03-17 09:30:00-04:00,121394.71423220655
2026-03-18 09:30:00-04:00,120740.23977589543
2026-03-19 09:30:00-04:00,121003.20159749364
2026-03-20 09:30:00-04:00,120092.8067088187
2026-03-23 09:30:00-04:00,120591.53876739023
2026-03-24 09:30:00-04:00,119888.03077881772
2026-03-25 09:30:00-04:00,119785.24922629498
2026-03-26 09:30:00-04:00,118526.91242930168
2026-03-27 09:30:00-04:00,117442.44949805719
2026-03-30 09:30:00-04:00,116613.12440915719
2026-03-31 09:30:00-04:00,118460.14841950085
2026-04-01 09:30:00-04:00,118673.03171732667
2026-04-02 09:30:00-04:00,119929.88479168856
2026-04-06 09:30:00-04:00,120156.12514224189
2026-04-07 09:30:00-04:00,120599.37095365749
2026-04-08 09:30:00-04:00,119675.62014427455
2026-04-09 09:30:00-04:00,119958.59504734894
2026-04-10 09:30:00-04:00,119748.535497787
2026-04-13 09:30:00-04:00,120534.91529397506
2026-04-14 09:30:00-04:00,121814.49474343633
2026-04-15 09:30:00-04:00,122674.80533061406
2026-04-16 09:30:00-04:00,122468.75272027584
2026-04-17 09:30:00-04:00,122892.56836978928
2026-04-20 09:30:00-04:00,122452.42001036457
2026-04-21 09:30:00-04:00,121704.23716670496
2026-04-22 09:30:00-04:00,122562.6582330567
2026-04-23 09:30:00-04:00,121728.64948813
2026-04-24 09:30:00-04:00,122512.47320954865
2026-04-27 09:30:00-04:00,122565.64588613251
2026-04-28 09:30:00-04:00,122913.05284706989
2026-04-29 09:30:00-04:00,123049.87633368958
2026-04-30 09:30:00-04:00,123244.21953458173
2026-05-01 09:30:00-04:00,123501.33088963016
2026-05-04 09:30:00-04:00,123345.20633505945
2026-05-05 09:30:00-04:00,122528.75742914196
2026-05-06 09:30:00-04:00,123357.87190797177
2026-05-07 09:30:00-04:00,123320.14519543524
2026-05-08 09:30:00-04:00,123586.53536829774
2026-05-11 09:30:00-04:00,123259.06878775224
2026-05-12 09:30:00-04:00,123421.08112951583
2026-05-13 09:30:00-04:00,123998.74986213633
2026-05-14 09:30:00-04:00,124564.1570857604
2026-05-15 09:30:00-04:00,124609.84906638897
2026-05-18 09:30:00-04:00,124553.23643181214
2026-05-19 09:30:00-04:00,124372.85954596289
2026-05-20 09:30:00-04:00,125008.4147654268
2026-05-21 09:30:00-04:00,126376.44665017953
2026-05-22 09:30:00-04:00,125652.46296958561
2026-05-26 09:30:00-04:00,125403.4430247007
2026-05-27 09:30:00-04:00,126075.69395336008
2026-05-28 09:30:00-04:00,126860.60479464341
2026-05-29 09:30:00-04:00,127673.97906379236
2026-06-01 09:30:00-04:00,127458.08997085775
2026-06-02 09:30:00-04:00,127602.05325462538
2026-06-03 09:30:00-04:00,126141.24593027907
2026-06-04 09:30:00-04:00,126689.71760941822
2026-06-05 09:30:00-04:00,124895.57436137483
2026-06-08 09:30:00-04:00,124611.6724038411
2026-06-09 09:30:00-04:00,123579.08432068751
2026-06-10 09:30:00-04:00,122788.54463632536
2026-06-11 09:30:00-04:00,123367.69326379795
2026-06-12 09:30:00-04:00,122591.85958871119
2026-06-15 09:30:00-04:00,123139.58419111653
2026-06-16 09:30:00-04:00,122821.43827183981
2026-06-17 09:30:00-04:00,121538.50080630931
2026-06-18 09:30:00-04:00,122009.0850898727
2026-06-22 09:30:00-04:00,120654.52318302813
2026-06-23 09:30:00-04:00,120678.75740854576
2026-06-24 09:30:00-04:00,120335.54232967552
2026-06-25 09:30:00-04:00,118920.90478366778
2026-06-26 09:30:00-04:00,120127.36653590952
2026-06-29 09:30:00-04:00,121045.71722573787
2026-06-30 09:30:00-04:00,122022.63819141925
2026-07-01 09:30:00-04:00,122670.43267655472
2026-07-02 09:30:00-04:00,123170.4682874713
2026-07-06 09:30:00-04:00,124132.59465388567
2026-07-07 09:30:00-04:00,123885.16501481019
2026-07-08 09:30:00-04:00,123919.62680174739
2026-07-09 09:30:00-04:00,125132.38639271377
2026-07-10 09:30:00-04:00,124501.86762720691
2026-07-13 09:30:00-04:00,124234.15329648851
2026-07-14 09:30:00-04:00,124186.71751160911
2026-07-15 09:30:00-04:00,124850.37019952382
2026-07-16 09:30:00-04:00,124470.34472785279
2026-07-17 09:30:00-04:00,124884.22824402424
2026-07-20 09:30:00-04:00,124775.87993518723
2026-07-21 09:30:00-04:00,124717.39037643909
2026-07-22 09:30:00-04:00,123887.8045305663
2026-07-23 09:30:00-04:00,123757.26851242785
2026-07-24 09:30:00-04:00,124347.16583010994
2026-07-27 09:30:00-04:00,124103.21477636098
2026-07-28 09:30:00-04:00,124540.22608743158
2026-07-29 09:30:00-04:00,124168.61133399478
2026-07-30 09:30:00-04:00,124571.11211740313
2026-07-31 09:30:00-04:00,125707.39112554226
2026-08-03 09:30:00-04:00,126427.9767890941
2026-08-04 09:30:00-04:00,129049.8899079115
2026-08-05 09:30:00-04:00,128539.51044563367
