symbol,trigger_date,losing_entry_date,entry_option_price,week3_value,decline_pct,pause_until,crash
AAPL,1999-12-31 09:30:00,1999-12-10 09:30:00,0.029132863547718102,0.008061753107472508,-72.32763235145842,2000-02-11 09:30:00,Dot-com crash
AAPL,2000-01-11 09:30:00,1999-12-21 09:30:00,0.031785964091673224,0.0005821274230659694,-98.16860227556079,2000-02-22 09:30:00,Dot-com crash
AAPL,2000-03-14 09:30:00,2000-02-22 09:30:00,0.042686400762306176,0.01552731792362555,-63.62467285520872,2000-04-25 09:30:00,Dot-com crash
AAPL,2000-05-16 09:30:00,2000-04-25 09:30:00,0.06873556992177954,0.0006459512494351744,-99.06023729755896,2000-06-27 09:30:00,Dot-com crash
AAPL,2000-05-23 09:30:00,2000-05-02 09:30:00,0.05831956725101972,8.29559423698987e-06,-99.98577562449789,2000-07-04 09:30:00,Dot-com crash
AAPL,2000-05-30 09:30:00,2000-05-09 09:30:00,0.049011750016101585,0.00030018909990190724,-99.38751605522495,2000-07-11 09:30:00,Dot-com crash
AAPL,2000-08-01 09:30:00,2000-07-11 09:30:00,0.05015968470836951,0.0007645166100314765,-98.47583449840961,2000-09-12 09:30:00,Dot-com crash
AAPL,2000-08-08 09:30:00,2000-07-18 09:30:00,0.0462447706546405,7.46068997886421e-05,-99.83866954310183,2000-09-19 09:30:00,Dot-com crash
AAPL,2000-08-15 09:30:00,2000-07-25 09:30:00,0.04179404039858409,0.00353638900897002,-91.5385328261064,2000-09-26 09:30:00,Dot-com crash
AAPL,2000-10-17 09:30:00,2000-09-26 09:30:00,0.04439154502462689,0.0,-100.0,2000-11-28 09:30:00,Dot-com crash
AAPL,2000-10-24 09:30:00,2000-10-03 09:30:00,0.05806660374525752,0.007879450176100838,-86.43032368369852,2000-12-05 09:30:00,Dot-com crash
AAPL,2000-10-31 09:30:00,2000-10-10 09:30:00,0.05339457413978663,0.015049010013558337,-71.81546953785953,2000-12-12 09:30:00,Dot-com crash
AAPL,2001-01-02 09:30:00,2000-12-12 09:30:00,0.015076513084926746,0.00331340168311884,-78.02275854864925,2001-02-13 09:30:00,Dot-com crash
AAPL,2001-03-20 09:30:00,2001-02-27 09:30:00,0.012096878321268656,0.005922983887559283,-51.03708799694604,2001-05-01 09:30:00,Dot-com crash
AAPL,2001-05-22 09:30:00,2001-05-01 09:30:00,0.028399712250345627,0.002173496318342856,-92.34676640670398,2001-07-03 09:30:00,Dot-com crash
AAPL,2001-05-29 09:30:00,2001-05-08 09:30:00,0.025213258913676345,0.0008081188295365159,-96.79486562088897,2001-07-10 09:30:00,Dot-com crash
AAPL,2001-06-05 09:30:00,2001-05-15 09:30:00,0.024616963712467577,0.001724609761179649,-92.99422227158665,2001-07-17 09:30:00,Dot-com crash
AAPL,2001-08-07 09:30:00,2001-07-17 09:30:00,0.02274315178751976,6.379910043541434e-06,-99.97194799514533,2001-09-18 09:30:00,Dot-com crash
AAPL,2001-08-14 09:30:00,2001-07-24 09:30:00,0.021351872967066324,0.006116225859449667,-71.35508501346233,2001-09-25 09:30:00,Dot-com crash
AAPL,2001-08-21 09:30:00,2001-07-31 09:30:00,0.019280473946221635,0.0031303042392414396,-83.76438127002122,2001-10-02 09:30:00,Dot-com crash
AAPL,2001-12-18 09:30:00,2001-11-27 09:30:00,0.010441511166142947,0.002900404235829185,-72.2223709798456,2002-01-29 09:30:00,Dot-com crash
AAPL,2001-12-26 09:30:00,2001-12-04 09:30:00,0.013133531309543922,0.001039202156814481,-92.08741249918589,2002-02-06 09:30:00,Dot-com crash
AAPL,2002-03-05 09:30:00,2002-02-12 09:30:00,0.012618764390594922,0.0007982477577448931,-93.67412107052377,2002-04-16 09:30:00,Dot-com crash
AAPL,2002-05-07 09:30:00,2002-04-16 09:30:00,0.007930940426360694,1.553604329480254e-07,-99.99804108435323,2002-06-18 09:30:00,Dot-com crash
AAPL,2002-05-21 09:30:00,2002-04-30 09:30:00,0.008839516392884675,0.0005631458521666508,-93.6292232839802,2002-07-02 09:30:00,Dot-com crash
AAPL,2002-07-23 09:30:00,2002-07-02 09:30:00,0.011801677370243485,4.986690083852788e-05,-99.57745920961828,2002-09-03 09:30:00,Dot-com crash
AAPL,2002-07-30 09:30:00,2002-07-09 09:30:00,0.014331442128246843,0.00028193856781618537,-98.03272716525511,2002-09-10 09:30:00,Dot-com crash
AAPL,2002-08-06 09:30:00,2002-07-16 09:30:00,0.01743267867080482,0.00010923626619566617,-99.37338220787257,2002-09-17 09:30:00,Dot-com crash
AAPL,2002-10-08 09:30:00,2002-09-17 09:30:00,0.004440048478997996,1.0785554642348135e-05,-99.75708475496687,2002-11-19 09:30:00,Dot-com crash
AMZN,1999-12-31 09:30:00,1999-12-10 09:30:00,0.36758720630382236,3.4210124675299394e-05,-99.99069333097327,2000-02-11 09:30:00,Dot-com crash
AMZN,2000-01-04 09:30:00,1999-12-14 09:30:00,0.36643760554621907,0.010657123247991646,-97.09169498798958,2000-02-15 09:30:00,Dot-com crash
AMZN,2000-01-11 09:30:00,1999-12-21 09:30:00,0.36591432726304296,6.191572588491116e-06,-99.99830791742023,2000-02-22 09:30:00,Dot-com crash
AMZN,2000-01-18 09:30:00,1999-12-28 09:30:00,0.33266576995986763,0.001440409908978986,-99.5670098822753,2000-02-29 09:30:00,Dot-com crash
AMZN,2000-04-04 09:30:00,2000-03-14 09:30:00,0.1846488662167829,0.03913681456614826,-78.80473605497228,2000-05-16 09:30:00,Dot-com crash
AMZN,2000-04-11 09:30:00,2000-03-21 09:30:00,0.24781430224940015,0.008229469629110753,-96.67917890355311,2000-05-23 09:30:00,Dot-com crash
AMZN,2000-04-18 09:30:00,2000-03-28 09:30:00,0.21888846449908694,0.00022056234720364224,-99.89923528053049,2000-05-30 09:30:00,Dot-com crash
AMZN,2000-06-20 09:30:00,2000-05-30 09:30:00,0.20324163698120778,0.013352584757407249,-93.43019227962533,2000-08-01 09:30:00,Dot-com crash
AMZN,2000-06-27 09:30:00,2000-06-06 09:30:00,0.2524461088481611,0.0006679759560878837,-99.73539859293706,2000-08-08 09:30:00,Dot-com crash
AMZN,2000-07-05 09:30:00,2000-06-13 09:30:00,0.2436432359483096,0.0006452800062895225,-99.7351537366601,2000-08-16 09:30:00,Dot-com crash
AMZN,2000-09-26 09:30:00,2000-09-05 09:30:00,0.14874098942734493,0.0036738815364731336,-97.53001405287296,2000-11-07 09:30:00,Dot-com crash
AMZN,2000-10-03 09:30:00,2000-09-12 09:30:00,0.11512217150959947,0.00022516929788756086,-99.80440839941176,2000-11-14 09:30:00,Dot-com crash
AMZN,2000-10-10 09:30:00,2000-09-19 09:30:00,0.10926992589955442,4.431673092962767e-06,-99.99594428836986,2000-11-21 09:30:00,Dot-com crash
AMZN,2000-12-19 09:30:00,2000-11-28 09:30:00,0.1253552281750595,0.0004113839954252019,-99.67182541852128,2001-01-30 09:30:00,Dot-com crash
AMZN,2000-12-26 09:30:00,2000-12-05 09:30:00,0.12389719539184618,4.527857464830349e-05,-99.96345472187235,2001-02-06 09:30:00,Dot-com crash
AMZN,2001-01-02 09:30:00,2000-12-12 09:30:00,0.13787273809289102,3.947769692148353e-07,-99.99971366567846,2001-02-13 09:30:00,Dot-com crash
AMZN,2001-03-06 09:30:00,2001-02-13 09:30:00,0.07737288225584127,0.006452057680842782,-91.66108655548284,2001-04-17 09:30:00,Dot-com crash
AMZN,2001-03-13 09:30:00,2001-02-20 09:30:00,0.068355733502412,0.006772177853159811,-90.09274349616796,2001-04-24 09:30:00,Dot-com crash
AMZN,2001-03-20 09:30:00,2001-02-27 09:30:00,0.04459462276867035,0.0018090243835992836,-95.94340242996697,2001-05-01 09:30:00,Dot-com crash
AMZN,2001-05-22 09:30:00,2001-05-01 09:30:00,0.11959312728098004,0.03742906127188317,-68.70299981039474,2001-07-03 09:30:00,Dot-com crash
AMZN,2001-07-24 09:30:00,2001-07-03 09:30:00,0.04333394821309822,0.0005247178994533721,-98.78912972140681,2001-09-04 09:30:00,Dot-com crash
AMZN,2001-07-31 09:30:00,2001-07-10 09:30:00,0.0500966195774501,0.00012053365279683257,-99.75939763238819,2001-09-11 09:30:00,Dot-com crash
AMZN,2001-08-07 09:30:00,2001-07-17 09:30:00,0.046778618190004395,4.202051452082339e-07,-99.99910171535316,2001-09-18 09:30:00,Dot-com crash
AMZN,2001-10-09 09:30:00,2001-09-18 09:30:00,0.029009805298646052,0.005449799095582658,-81.2139411503151,2001-11-20 09:30:00,Dot-com crash
AMZN,2001-12-18 09:30:00,2001-11-27 09:30:00,0.10037514886286664,0.031305392208348326,-68.81161067953383,2002-01-29 09:30:00,Dot-com crash
AMZN,2001-12-26 09:30:00,2001-12-04 09:30:00,0.10193638110542166,0.023681098759056163,-76.76874683773069,2002-02-06 09:30:00,Dot-com crash
AMZN,2002-01-02 09:30:00,2001-12-11 09:30:00,0.10691703506403843,0.01925277173629203,-81.99279308039127,2002-02-13 09:30:00,Dot-com crash
AMZN,2002-03-19 09:30:00,2002-02-26 09:30:00,0.0501819778491967,0.0225320447195812,-55.099329111154425,2002-04-30 09:30:00,Dot-com crash
AMZN,2002-03-26 09:30:00,2002-03-05 09:30:00,0.05286742561568275,0.005427219961135918,-89.73428363887275,2002-05-07 09:30:00,Dot-com crash
AMZN,2002-04-02 09:30:00,2002-03-12 09:30:00,0.038786336132755284,0.000356919327051718,-99.07978076137411,2002-05-14 09:30:00,Dot-com crash
AMZN,2002-06-04 09:30:00,2002-05-14 09:30:00,0.07119952955254083,0.013805235063268334,-80.61049679677879,2002-07-16 09:30:00,Dot-com crash
AMZN,2002-06-11 09:30:00,2002-05-21 09:30:00,0.07391181713269401,0.007593225022624592,-89.72664275187219,2002-07-23 09:30:00,Dot-com crash
AMZN,2002-06-18 09:30:00,2002-05-28 09:30:00,0.040405942589988475,0.008906884432452467,-77.95649881792546,2002-07-30 09:30:00,Dot-com crash
AMZN,2002-10-01 09:30:00,2002-09-10 09:30:00,0.039056281359283185,0.0098172028077666,-74.86395922474792,2002-11-12 09:30:00,Dot-com crash
AMZN,2002-10-08 09:30:00,2002-09-17 09:30:00,0.03684963906712024,0.006559092899593305,-82.20038766825867,2002-11-19 09:30:00,Dot-com crash
MSFT,2000-01-11 09:30:00,1999-12-21 09:30:00,1.024911158823782,0.03378686676538045,-96.70343458801295,2000-02-22 09:30:00,Dot-com crash
MSFT,2000-01-18 09:30:00,1999-12-28 09:30:00,1.019899142487743,0.14144766509806672,-86.1312105084188,2000-02-29 09:30:00,Dot-com crash
MSFT,2000-01-25 09:30:00,2000-01-04 09:30:00,1.0982689297893113,0.011523983303524499,-98.95071389247666,2000-03-07 09:30:00,Dot-com crash
MSFT,2000-04-04 09:30:00,2000-03-14 09:30:00,0.8912815561316592,0.019224930724625278,-97.84300139587032,2000-05-16 09:30:00,Dot-com crash
MSFT,2000-04-11 09:30:00,2000-03-21 09:30:00,1.0501768904390225,3.448481871388617e-05,-99.996716284749,2000-05-23 09:30:00,Dot-com crash
MSFT,2000-04-18 09:30:00,2000-03-28 09:30:00,1.441698905050739,4.7059873754088516e-05,-99.99673580429386,2000-05-30 09:30:00,Dot-com crash
MSFT,2000-07-18 09:30:00,2000-06-27 09:30:00,0.645762309284649,0.13980485207684623,-78.35041623415329,2000-08-29 09:30:00,Dot-com crash
MSFT,2000-07-26 09:30:00,2000-07-05 09:30:00,0.6523442938046369,0.00013636362405655342,-99.97909637206126,2000-09-06 09:30:00,Dot-com crash
MSFT,2000-08-01 09:30:00,2000-07-11 09:30:00,0.6522884860121465,0.00017778357282353073,-99.97274464034918,2000-09-12 09:30:00,Dot-com crash
MSFT,2000-10-03 09:30:00,2000-09-12 09:30:00,0.22022522598302174,6.370958593807316e-13,-99.99999999971071,2000-11-14 09:30:00,Dot-com crash
MSFT,2000-10-10 09:30:00,2000-09-19 09:30:00,0.21067528727391416,5.537089243922619e-12,-99.99999999737175,2000-11-21 09:30:00,Dot-com crash
MSFT,2000-10-17 09:30:00,2000-09-26 09:30:00,0.21781329643500413,4.368548538861867e-15,-99.999999999998,2000-11-28 09:30:00,Dot-com crash
MSFT,2000-12-19 09:30:00,2000-11-28 09:30:00,0.48141378600394447,0.0,-100.0,2001-01-30 09:30:00,Dot-com crash
MSFT,2000-12-26 09:30:00,2000-12-05 09:30:00,0.8547488078989947,7.816361822392216e-05,-99.99085536972949,2001-02-06 09:30:00,Dot-com crash
MSFT,2001-01-02 09:30:00,2000-12-12 09:30:00,1.0049364522270885,5.796863297524756e-05,-99.9942316120739,2001-02-13 09:30:00,Dot-com crash
MSFT,2001-03-06 09:30:00,2001-02-13 09:30:00,0.7422351839926469,0.3500851360038464,-52.833664645124855,2001-04-17 09:30:00,Dot-com crash
MSFT,2001-03-13 09:30:00,2001-02-20 09:30:00,0.4501551884525101,0.036890570963379554,-91.80492152268698,2001-04-24 09:30:00,Dot-com crash
MSFT,2001-03-20 09:30:00,2001-02-27 09:30:00,0.4889607016787263,0.0005345808611400132,-99.89066997423215,2001-05-01 09:30:00,Dot-com crash
MSFT,2001-05-22 09:30:00,2001-05-01 09:30:00,0.8590567064536616,0.269223167334828,-68.66060583518066,2001-07-03 09:30:00,Dot-com crash
MSFT,2001-05-29 09:30:00,2001-05-08 09:30:00,0.5529983952204871,0.054513544228562694,-90.14218762663361,2001-07-10 09:30:00,Dot-com crash
MSFT,2001-08-07 09:30:00,2001-07-17 09:30:00,0.5699279648366176,0.004987387074670335,-99.12490921969409,2001-09-18 09:30:00,Dot-com crash
MSFT,2001-08-14 09:30:00,2001-07-24 09:30:00,0.6355252326209557,0.08059783638609375,-87.31791717321718,2001-09-25 09:30:00,Dot-com crash
MSFT,2001-08-21 09:30:00,2001-07-31 09:30:00,0.5882292791767076,0.005758838590679771,-99.02098742878968,2001-10-02 09:30:00,Dot-com crash
MSFT,2001-11-27 09:30:00,2001-11-06 09:30:00,0.4959834242468588,0.06625928029814965,-86.64082768516647,2002-01-08 09:30:00,Dot-com crash
MSFT,2001-12-04 09:30:00,2001-11-13 09:30:00,0.5274045463780048,0.04478635195974778,-91.50815967224366,2002-01-15 09:30:00,Dot-com crash
MSFT,2002-02-05 09:30:00,2002-01-15 09:30:00,0.22362448219665332,2.0060421695969625e-08,-99.99999102941615,2002-03-19 09:30:00,Dot-com crash
MSFT,2002-02-12 09:30:00,2002-01-22 09:30:00,0.33281690765203376,0.0009727452632215111,-99.70772360392263,2002-03-26 09:30:00,Dot-com crash
MSFT,2002-02-19 09:30:00,2002-01-29 09:30:00,0.34147929039324953,0.003187943464580567,-99.06643139005317,2002-04-02 09:30:00,Dot-com crash
MSFT,2002-04-23 09:30:00,2002-04-02 09:30:00,0.26967030017614935,0.0011720492320656806,-99.56537696909889,2002-06-04 09:30:00,Dot-com crash
MSFT,2002-04-30 09:30:00,2002-04-09 09:30:00,0.30013054900029523,0.0043988720043878216,-98.53434713026047,2002-06-11 09:30:00,Dot-com crash
MSFT,2002-05-07 09:30:00,2002-04-16 09:30:00,0.40808955794197566,1.0455422657073546e-05,-99.99743795878781,2002-06-18 09:30:00,Dot-com crash
MSFT,2002-07-09 09:30:00,2002-06-18 09:30:00,0.4080822474167114,0.011388004616004976,-97.20938494921192,2002-08-20 09:30:00,Dot-com crash
MSFT,2002-07-16 09:30:00,2002-06-25 09:30:00,0.3952334979644698,0.026467688862838123,-93.30327793591587,2002-08-27 09:30:00,Dot-com crash
MSFT,2002-07-23 09:30:00,2002-07-02 09:30:00,0.39690556504858776,3.6560638548360173e-06,-99.9990788580013,2002-09-03 09:30:00,Dot-com crash
MSFT,2002-09-24 09:30:00,2002-09-03 09:30:00,0.45100609641819567,0.04877315862735765,-89.18569859372086,2002-11-05 09:30:00,Dot-com crash
MSFT,2002-10-01 09:30:00,2002-09-10 09:30:00,0.5089374816969965,0.012586464692381949,-97.5269133940747,2002-11-12 09:30:00,Dot-com crash
MSFT,2002-10-08 09:30:00,2002-09-17 09:30:00,0.39152591934005354,0.015430114452253618,-96.05898008533835,2002-11-19 09:30:00,Dot-com crash
NVDA,2000-01-11 09:30:00,1999-12-21 09:30:00,0.0031748623363493968,0.00036977378522017913,-88.35307657322357,2000-02-22 09:30:00,Dot-com crash
NVDA,2000-01-25 09:30:00,2000-01-04 09:30:00,0.004194179040081535,0.00026456314834796303,-93.69213508007947,2000-03-07 09:30:00,Dot-com crash
NVDA,2000-03-28 09:30:00,2000-03-07 09:30:00,0.026398524656217594,0.008809327181300584,-66.6294715480407,2000-05-09 09:30:00,Dot-com crash
NVDA,2000-04-04 09:30:00,2000-03-14 09:30:00,0.03659303297362239,0.0006532233407890616,-98.21489696888496,2000-05-16 09:30:00,Dot-com crash
NVDA,2000-04-11 09:30:00,2000-03-21 09:30:00,0.03135437533899875,0.00837495731769533,-73.28935044265255,2000-05-23 09:30:00,Dot-com crash
NVDA,2000-07-05 09:30:00,2000-06-13 09:30:00,0.02215437945167488,0.0008008487629249592,-96.3851446858539,2000-08-16 09:30:00,Dot-com crash
NVDA,2000-07-11 09:30:00,2000-06-20 09:30:00,0.02176230092047414,0.0003459778096788109,-98.41019655530398,2000-08-22 09:30:00,Dot-com crash
NVDA,2000-07-18 09:30:00,2000-06-27 09:30:00,0.028149997942222976,0.011048573624768507,-60.75106773561628,2000-08-29 09:30:00,Dot-com crash
NVDA,2000-09-19 09:30:00,2000-08-29 09:30:00,0.016512237722049836,0.00036984435227505573,-97.76018030686913,2000-10-31 09:30:00,Dot-com crash
NVDA,2000-09-26 09:30:00,2000-09-05 09:30:00,0.014006355213935576,0.002431091740071431,-82.64293813102339,2000-11-07 09:30:00,Dot-com crash
NVDA,2000-11-28 09:30:00,2000-11-07 09:30:00,0.02278527395309074,1.8302374097994107e-05,-99.91967454885258,2001-01-09 09:30:00,Dot-com crash
NVDA,2000-12-05 09:30:00,2000-11-14 09:30:00,0.03016744011241021,7.018372251666968e-05,-99.76735274105079,2001-01-16 09:30:00,Dot-com crash
NVDA,2000-12-12 09:30:00,2000-11-21 09:30:00,0.023792314434501277,0.0013324830224695668,-94.39952331607836,2001-01-23 09:30:00,Dot-com crash
NVDA,2001-02-13 09:30:00,2001-01-23 09:30:00,0.036426481833233715,0.0033737247871750246,-90.73826343532028,2001-03-27 09:30:00,Dot-com crash
NVDA,2001-05-29 09:30:00,2001-05-08 09:30:00,0.02630640748735949,0.01100638522283938,-58.16081983779782,2001-07-10 09:30:00,Dot-com crash
NVDA,2001-07-31 09:30:00,2001-07-10 09:30:00,0.00946430169365664,0.004324481954665574,-54.30743762570442,2001-09-11 09:30:00,Dot-com crash
NVDA,2001-10-08 09:30:00,2001-09-17 09:30:00,0.013259854431983409,0.0038124887273894986,-71.24788400245488,2001-11-19 09:30:00,Dot-com crash
NVDA,2001-10-09 09:30:00,2001-09-18 09:30:00,0.0108222302086039,0.0034622502919419706,-68.00797779011013,2001-11-20 09:30:00,Dot-com crash
NVDA,2002-01-16 09:30:00,2001-12-26 09:30:00,0.026406230867952407,0.0016380680715980742,-93.79666079650127,2002-02-27 09:30:00,Dot-com crash
NVDA,2002-01-23 09:30:00,2002-01-02 09:30:00,0.022466394494738667,0.0015964599904513058,-92.89400891262203,2002-03-06 09:30:00,Dot-com crash
NVDA,2002-01-29 09:30:00,2002-01-08 09:30:00,0.018493681589777017,0.0009181173854638201,-95.03550777054937,2002-03-12 09:30:00,Dot-com crash
NVDA,2002-02-05 09:30:00,2002-01-15 09:30:00,0.025548123813296575,0.0016048614918527451,-93.71828043585145,2002-03-19 09:30:00,Dot-com crash
NVDA,2002-04-09 09:30:00,2002-03-19 09:30:00,0.026165544164201,4.393190511887794e-05,-99.83210016637459,2002-05-21 09:30:00,Dot-com crash
NVDA,2002-04-16 09:30:00,2002-03-26 09:30:00,0.02072308526199193,0.00017102522237212418,-99.1747115827111,2002-05-28 09:30:00,Dot-com crash
NVDA,2002-04-23 09:30:00,2002-04-02 09:30:00,0.014013592805135325,1.4426593033706994e-05,-99.89705285978896,2002-06-04 09:30:00,Dot-com crash
NVDA,2002-06-25 09:30:00,2002-06-04 09:30:00,0.017546631990210088,6.039037064395838e-08,-99.99965582927437,2002-08-06 09:30:00,Dot-com crash
NVDA,2002-07-02 09:30:00,2002-06-11 09:30:00,0.011247401911365987,3.871543504093005e-17,-99.99999999999966,2002-08-13 09:30:00,Dot-com crash
NVDA,2002-07-09 09:30:00,2002-06-18 09:30:00,0.008821488445479392,6.446490693530757e-12,-99.99999992692287,2002-08-20 09:30:00,Dot-com crash
NVDA,2002-09-10 09:30:00,2002-08-20 09:30:00,0.013563074743196554,0.001824585333679997,-86.54740633501828,2002-10-22 09:30:00,Dot-com crash
NVDA,2002-09-17 09:30:00,2002-08-27 09:30:00,0.011781991663052313,0.0018369234913416625,-84.40905796002085,2002-10-29 09:30:00,Dot-com crash
NVDA,2002-09-24 09:30:00,2002-09-03 09:30:00,0.005102326525068274,0.0005624398816060534,-88.97679560798929,2002-11-05 09:30:00,Dot-com crash
CSCO,2000-01-11 09:30:00,1999-12-21 09:30:00,0.7175054918508224,0.34982099733616323,-51.244833480815366,2000-02-22 09:30:00,Dot-com crash
CSCO,2000-04-11 09:30:00,2000-03-21 09:30:00,2.0200811895139914,0.5558779398814586,-72.4823961152177,2000-05-23 09:30:00,Dot-com crash
CSCO,2000-04-18 09:30:00,2000-03-28 09:30:00,1.6797605341348074,0.006489685912985266,-99.61365410240883,2000-05-30 09:30:00,Dot-com crash
CSCO,2000-04-25 09:30:00,2000-04-04 09:30:00,1.9533883482615444,0.032646640538880556,-98.328717350652,2000-06-06 09:30:00,Dot-com crash
CSCO,2000-06-27 09:30:00,2000-06-06 09:30:00,2.6570974086011407,1.1833606254672713,-55.464160943566434,2000-08-08 09:30:00,Dot-com crash
CSCO,2000-07-05 09:30:00,2000-06-13 09:30:00,2.7504934348558336,0.3595980634775655,-86.92605265220661,2000-08-16 09:30:00,Dot-com crash
CSCO,2000-07-11 09:30:00,2000-06-20 09:30:00,2.576741057884874,0.21090580261141856,-91.81501757943263,2000-08-22 09:30:00,Dot-com crash
CSCO,2000-09-12 09:30:00,2000-08-22 09:30:00,1.622017261997586,0.027512145184823478,-98.30383154178391,2000-10-24 09:30:00,Dot-com crash
CSCO,2000-09-19 09:30:00,2000-08-29 09:30:00,1.2177166477198025,0.0213824890964458,-98.2440505238649,2000-10-31 09:30:00,Dot-com crash
CSCO,2000-09-26 09:30:00,2000-09-05 09:30:00,1.0400357515987277,6.830967721514671e-06,-99.99934319875918,2000-11-07 09:30:00,Dot-com crash
CSCO,2000-11-28 09:30:00,2000-11-07 09:30:00,3.1445503334892155,0.2844762519079298,-90.9533567048274,2001-01-09 09:30:00,Dot-com crash
CSCO,2000-12-05 09:30:00,2000-11-14 09:30:00,2.876028413300107,0.8737218109157272,-69.62054314640193,2001-01-16 09:30:00,Dot-com crash
CSCO,2000-12-12 09:30:00,2000-11-21 09:30:00,2.638963188832788,1.157075070827343,-56.154179197205224,2001-01-23 09:30:00,Dot-com crash
CSCO,2001-02-13 09:30:00,2001-01-23 09:30:00,3.1399352967808394,0.004557161788468794,-99.85486446828567,2001-03-27 09:30:00,Dot-com crash
CSCO,2001-02-20 09:30:00,2001-01-30 09:30:00,2.8274085743633535,0.007141323174018943,-99.74742514262812,2001-04-03 09:30:00,Dot-com crash
CSCO,2001-02-27 09:30:00,2001-02-06 09:30:00,1.1903673735719185,1.081226098167651e-07,-99.99999091687052,2001-04-10 09:30:00,Dot-com crash
CSCO,2001-05-29 09:30:00,2001-05-08 09:30:00,1.1909169066604903,0.48482249039536374,-59.28998172048134,2001-07-10 09:30:00,Dot-com crash
CSCO,2001-06-12 09:30:00,2001-05-22 09:30:00,1.1736129988960702,0.04586507319314215,-96.09197638094636,2001-07-24 09:30:00,Dot-com crash
CSCO,2001-08-14 09:30:00,2001-07-24 09:30:00,0.6345152889815067,0.09785634078514205,-84.5777804752008,2001-09-25 09:30:00,Dot-com crash
CSCO,2001-08-21 09:30:00,2001-07-31 09:30:00,0.6161768106086942,0.0012850166395221574,-99.79145326188879,2001-10-02 09:30:00,Dot-com crash
CSCO,2001-08-28 09:30:00,2001-08-07 09:30:00,0.44383750659692556,0.0021253418672403657,-99.52114414945771,2001-10-09 09:30:00,Dot-com crash
CSCO,2001-12-18 09:30:00,2001-11-27 09:30:00,0.2792803386862799,0.052453156364024034,-81.21845719223883,2002-01-29 09:30:00,Dot-com crash
CSCO,2001-12-26 09:30:00,2001-12-04 09:30:00,0.37459837968313536,0.0002538919707118954,-99.9322228860342,2002-02-06 09:30:00,Dot-com crash
CSCO,2002-01-02 09:30:00,2001-12-11 09:30:00,0.4350589165124825,0.0052676915082377485,-98.78920042589529,2002-02-13 09:30:00,Dot-com crash
CSCO,2002-03-12 09:30:00,2002-02-19 09:30:00,0.4273774303412381,0.11997954061612504,-71.92656137215113,2002-04-23 09:30:00,Dot-com crash
CSCO,2002-03-26 09:30:00,2002-03-05 09:30:00,0.6470717231919947,0.18260735597832944,-71.7794257678994,2002-05-07 09:30:00,Dot-com crash
CSCO,2002-06-04 09:30:00,2002-05-14 09:30:00,0.9913583496066156,0.30332677945816267,-69.40291272287898,2002-07-16 09:30:00,Dot-com crash
CSCO,2002-06-11 09:30:00,2002-05-21 09:30:00,0.9428493946241874,0.14589046515562032,-84.52664168981397,2002-07-23 09:30:00,Dot-com crash
CSCO,2002-06-18 09:30:00,2002-05-28 09:30:00,0.9397927724109811,0.08921393811966705,-90.50706275482476,2002-07-30 09:30:00,Dot-com crash
CSCO,2002-09-03 09:30:00,2002-08-13 09:30:00,0.6699652565921164,0.18684510776063723,-72.1112242878005,2002-10-15 09:30:00,Dot-com crash
CSCO,2002-09-10 09:30:00,2002-08-20 09:30:00,0.701032308626782,0.062098647419411845,-91.14182803627784,2002-10-22 09:30:00,Dot-com crash
CSCO,2002-09-17 09:30:00,2002-08-27 09:30:00,0.43721887210165633,0.009014298108918961,-97.9382641774843,2002-10-29 09:30:00,Dot-com crash
AAPL,2007-07-31 09:30:00,2007-07-10 09:30:00,0.07569204348556124,0.012437995415020109,-83.56763162644336,2007-09-11 09:30:00,Housing/GFC crash
AAPL,2007-08-07 09:30:00,2007-07-17 09:30:00,0.06585462881441195,0.0024666173240885103,-96.25445110162293,2007-09-18 09:30:00,Housing/GFC crash
AAPL,2007-08-14 09:30:00,2007-07-24 09:30:00,0.09502294243826381,0.00042623562972710083,-99.55143924320801,2007-09-25 09:30:00,Housing/GFC crash
AAPL,2007-11-13 09:30:00,2007-10-23 09:30:00,0.11422067818061699,0.0001683918298622921,-99.85257325333333,2007-12-25 09:30:00,Housing/GFC crash
AAPL,2007-11-20 09:30:00,2007-10-30 09:30:00,0.1172965798445007,9.027293430880455e-05,-99.92303873273332,2008-01-01 09:30:00,Housing/GFC crash
AAPL,2007-11-27 09:30:00,2007-11-06 09:30:00,0.11053791619992137,0.00010482092014747844,-99.90517197740736,2008-01-08 09:30:00,Housing/GFC crash
AAPL,2008-01-29 09:30:00,2008-01-08 09:30:00,0.12602284943741493,1.7799068064506755e-10,-99.99999985876316,2008-03-11 09:30:00,Housing/GFC crash
AAPL,2008-02-05 09:30:00,2008-01-15 09:30:00,0.1764190726953525,9.664566500988065e-08,-99.99994521813116,2008-03-18 09:30:00,Housing/GFC crash
AAPL,2008-02-12 09:30:00,2008-01-22 09:30:00,0.17501451913626176,6.026348177978866e-06,-99.99655665815172,2008-03-25 09:30:00,Housing/GFC crash
AAPL,2008-05-27 09:30:00,2008-05-06 09:30:00,0.14011459895938483,0.03150402566666766,-77.51552950181889,2008-07-08 09:30:00,Housing/GFC crash
AAPL,2008-06-03 09:30:00,2008-05-13 09:30:00,0.11901555236420203,0.008907794841376548,-92.5154362901097,2008-07-15 09:30:00,Housing/GFC crash
AAPL,2008-06-10 09:30:00,2008-05-20 09:30:00,0.07381063827713841,0.010399075579448414,-85.91114259112247,2008-07-22 09:30:00,Housing/GFC crash
AAPL,2008-09-02 09:30:00,2008-08-12 09:30:00,0.15044191313746458,0.003996611890192042,-97.34341859469696,2008-10-14 09:30:00,Housing/GFC crash
AAPL,2008-09-09 09:30:00,2008-08-19 09:30:00,0.1332382312195728,3.737422745320662e-05,-99.97194932181918,2008-10-21 09:30:00,Housing/GFC crash
AAPL,2008-09-16 09:30:00,2008-08-26 09:30:00,0.08535451025949925,1.5439434143783865e-11,-99.9999999819114,2008-10-28 09:30:00,Housing/GFC crash
AAPL,2008-11-18 09:30:00,2008-10-28 09:30:00,0.26711236874403843,0.026098242151361917,-90.22948945641276,2008-12-30 09:30:00,Housing/GFC crash
AAPL,2008-11-25 09:30:00,2008-11-04 09:30:00,0.2649235357004798,0.003325770518167598,-98.74463002716087,2009-01-06 09:30:00,Housing/GFC crash
AAPL,2008-12-02 09:30:00,2008-11-11 09:30:00,0.17363393588032183,0.040405634402541635,-76.72941398368609,2009-01-13 09:30:00,Housing/GFC crash
AAPL,2009-02-24 09:30:00,2009-02-03 09:30:00,0.095284050613624,0.011476866902143334,-87.95510179486183,2009-04-07 09:30:00,Housing/GFC crash
AAPL,2009-03-03 09:30:00,2009-02-10 09:30:00,0.10750347439388275,0.0012005396167760196,-98.88325505427169,2009-04-14 09:30:00,Housing/GFC crash
AMZN,2007-08-21 09:30:00,2007-07-31 09:30:00,0.337579878484223,0.1111185977217668,-67.0837615616477,2007-10-02 09:30:00,Housing/GFC crash
AMZN,2007-08-28 09:30:00,2007-08-07 09:30:00,0.34261887327873386,0.08384377172359347,-75.528560081574,2007-10-09 09:30:00,Housing/GFC crash
AMZN,2007-10-30 09:30:00,2007-10-09 09:30:00,0.05166334537035833,6.433779488793632e-06,-99.98754672303414,2007-12-11 09:30:00,Housing/GFC crash
AMZN,2007-11-06 09:30:00,2007-10-16 09:30:00,0.06652430697535672,0.0026199186708559807,-96.06171219216684,2007-12-18 09:30:00,Housing/GFC crash
AMZN,2007-11-13 09:30:00,2007-10-23 09:30:00,0.1677149266491038,6.005500630292451e-07,-99.99964192211449,2007-12-25 09:30:00,Housing/GFC crash
AMZN,2008-01-16 09:30:00,2007-12-26 09:30:00,0.11078980615618672,8.382013617813829e-06,-99.99243430969995,2008-02-27 09:30:00,Housing/GFC crash
AMZN,2008-01-23 09:30:00,2008-01-02 09:30:00,0.10422717870314968,9.330288507170871e-12,-99.99999999104813,2008-03-05 09:30:00,Housing/GFC crash
AMZN,2008-01-29 09:30:00,2008-01-08 09:30:00,0.118621203188773,3.3271236217777083e-06,-99.99719516955456,2008-03-11 09:30:00,Housing/GFC crash
AMZN,2008-02-05 09:30:00,2008-01-15 09:30:00,0.11748365771521341,0.00038543503586294103,-99.67192455243669,2008-03-18 09:30:00,Housing/GFC crash
AMZN,2008-04-15 09:30:00,2008-03-25 09:30:00,0.16165218587927588,0.021239450493942935,-86.8610186874894,2008-05-27 09:30:00,Housing/GFC crash
AMZN,2008-06-24 09:30:00,2008-06-03 09:30:00,0.09542033983345344,0.017492978619413124,-81.66745302946379,2008-08-05 09:30:00,Housing/GFC crash
AMZN,2008-07-01 09:30:00,2008-06-10 09:30:00,0.1088554290062651,0.0011760826326963209,-98.91959212008743,2008-08-12 09:30:00,Housing/GFC crash
AMZN,2008-07-08 09:30:00,2008-06-17 09:30:00,0.09537517274019258,0.00014001224485301472,-99.85319843641656,2008-08-19 09:30:00,Housing/GFC crash
AMZN,2008-09-09 09:30:00,2008-08-19 09:30:00,0.20886493386791916,0.03969647446880553,-80.99418905142375,2008-10-21 09:30:00,Housing/GFC crash
AMZN,2008-09-16 09:30:00,2008-08-26 09:30:00,0.1447311858596807,0.01422396607999099,-90.17214845888061,2008-10-28 09:30:00,Housing/GFC crash
AMZN,2008-09-23 09:30:00,2008-09-02 09:30:00,0.1483561163500804,0.0005554705394455947,-99.62558298699675,2008-11-04 09:30:00,Housing/GFC crash
AMZN,2008-11-25 09:30:00,2008-11-04 09:30:00,0.25755009659727635,0.0002983105651695496,-99.88417377080778,2009-01-06 09:30:00,Housing/GFC crash
AMZN,2008-12-02 09:30:00,2008-11-11 09:30:00,0.19505663639614124,0.014317952309842813,-92.65959232437268,2009-01-13 09:30:00,Housing/GFC crash
AMZN,2009-03-03 09:30:00,2009-02-10 09:30:00,0.23868763539318194,0.06281770998509217,-73.68204269081022,2009-04-14 09:30:00,Housing/GFC crash
MSFT,2007-07-30 09:30:00,2007-07-09 09:30:00,0.2238952556970908,0.009216785733900945,-95.88343857255717,2007-09-10 09:30:00,Housing/GFC crash
MSFT,2007-07-31 09:30:00,2007-07-10 09:30:00,0.2217474286532859,0.012622344419557563,-94.30778318548474,2007-09-11 09:30:00,Housing/GFC crash
MSFT,2007-08-07 09:30:00,2007-07-17 09:30:00,0.2325212668880976,0.0012332395053284984,-99.46962292015982,2007-09-18 09:30:00,Housing/GFC crash
MSFT,2007-08-14 09:30:00,2007-07-24 09:30:00,0.2314504297289517,1.4370186747822812e-05,-99.99379124646057,2007-09-25 09:30:00,Housing/GFC crash
MSFT,2007-11-20 09:30:00,2007-10-30 09:30:00,0.6163601686575415,0.05623873301555449,-90.87567044800366,2008-01-01 09:30:00,Housing/GFC crash
MSFT,2007-11-27 09:30:00,2007-11-06 09:30:00,0.6733683315919752,0.002732350728938987,-99.59422642842749,2008-01-08 09:30:00,Housing/GFC crash
MSFT,2007-12-04 09:30:00,2007-11-13 09:30:00,0.7943288992162678,0.04385029132128282,-94.4795800121904,2008-01-15 09:30:00,Housing/GFC crash
MSFT,2008-02-05 09:30:00,2008-01-15 09:30:00,0.3077666580524161,4.1337090121378555e-09,-99.99999865686912,2008-03-18 09:30:00,Housing/GFC crash
MSFT,2008-02-12 09:30:00,2008-01-22 09:30:00,0.28213303334584783,5.051466306516813e-07,-99.99982095445377,2008-03-25 09:30:00,Housing/GFC crash
MSFT,2008-02-19 09:30:00,2008-01-29 09:30:00,0.3461888757106344,2.9191146122963283e-07,-99.99991567855535,2008-04-01 09:30:00,Housing/GFC crash
MSFT,2008-04-29 09:30:00,2008-04-08 09:30:00,0.39687879017625516,0.06752109027111297,-82.98697437544429,2008-06-10 09:30:00,Housing/GFC crash
MSFT,2008-05-13 09:30:00,2008-04-22 09:30:00,0.27189982271896707,0.019045865722649546,-92.99526364813589,2008-06-24 09:30:00,Housing/GFC crash
MSFT,2008-07-15 09:30:00,2008-06-24 09:30:00,0.31536597238731545,0.0015367349652406354,-99.51271376756104,2008-08-26 09:30:00,Housing/GFC crash
MSFT,2008-07-22 09:30:00,2008-07-01 09:30:00,0.3373752358273361,0.007496243515326628,-97.7780694255926,2008-09-02 09:30:00,Housing/GFC crash
MSFT,2008-07-29 09:30:00,2008-07-08 09:30:00,0.30537687490388343,0.0852155005209907,-72.09497263084769,2008-09-09 09:30:00,Housing/GFC crash
MSFT,2008-09-30 09:30:00,2008-09-09 09:30:00,0.19986736639400693,0.08881773809731897,-55.561660865521766,2008-11-11 09:30:00,Housing/GFC crash
MSFT,2008-10-07 09:30:00,2008-09-16 09:30:00,0.271046391507773,5.775578740246554e-06,-99.9978691549044,2008-11-18 09:30:00,Housing/GFC crash
MSFT,2008-10-14 09:30:00,2008-09-23 09:30:00,0.37743845959470246,0.005900231734824568,-98.43676986675912,2008-11-25 09:30:00,Housing/GFC crash
MSFT,2008-12-16 09:30:00,2008-11-25 09:30:00,0.9295665163088707,0.36013287179096576,-61.25797718908983,2009-01-27 09:30:00,Housing/GFC crash
MSFT,2008-12-23 09:30:00,2008-12-02 09:30:00,0.9817607052938015,0.39259033169838276,-60.01160674067758,2009-02-03 09:30:00,Housing/GFC crash
MSFT,2008-12-30 09:30:00,2008-12-09 09:30:00,1.0546084726918368,0.1447201804142466,-86.27735466178692,2009-02-10 09:30:00,Housing/GFC crash
MSFT,2009-03-03 09:30:00,2009-02-10 09:30:00,0.6965303435176207,0.003383187231898968,-99.51427999319984,2009-04-14 09:30:00,Housing/GFC crash
NVDA,2007-07-30 09:30:00,2007-07-09 09:30:00,0.019951687883763197,0.00698864429171947,-64.97216509984165,2007-09-10 09:30:00,Housing/GFC crash
NVDA,2007-07-31 09:30:00,2007-07-10 09:30:00,0.019118746474232257,0.0056223522179822405,-70.59246417875828,2007-09-11 09:30:00,Housing/GFC crash
NVDA,2007-08-07 09:30:00,2007-07-17 09:30:00,0.01700654140681318,0.00024248277682550543,-98.57417936413361,2007-09-18 09:30:00,Housing/GFC crash
NVDA,2007-08-14 09:30:00,2007-07-24 09:30:00,0.012200641993608846,0.005070233353008435,-58.4428970568564,2007-09-25 09:30:00,Housing/GFC crash
NVDA,2007-10-30 09:30:00,2007-10-09 09:30:00,0.02662382315123457,0.0010752695822360409,-95.96125028277098,2007-12-11 09:30:00,Housing/GFC crash
NVDA,2007-11-13 09:30:00,2007-10-23 09:30:00,0.03107806924832568,4.496569473872456e-06,-99.98553137443017,2007-12-25 09:30:00,Housing/GFC crash
NVDA,2008-01-16 09:30:00,2007-12-26 09:30:00,0.026105266956278572,1.5927970050320466e-16,-99.99999999999939,2008-02-27 09:30:00,Housing/GFC crash
NVDA,2008-01-23 09:30:00,2008-01-02 09:30:00,0.020486932977759498,2.459055683226992e-13,-99.9999999987997,2008-03-05 09:30:00,Housing/GFC crash
NVDA,2008-01-29 09:30:00,2008-01-08 09:30:00,0.028067188557574396,0.001253661564878765,-95.53335539002376,2008-03-11 09:30:00,Housing/GFC crash
NVDA,2008-02-05 09:30:00,2008-01-15 09:30:00,0.03594427182570595,0.002078599761640862,-94.21715990876096,2008-03-18 09:30:00,Housing/GFC crash
NVDA,2008-04-08 09:30:00,2008-03-18 09:30:00,0.019105617410726056,0.006489890190153488,-66.03150764177866,2008-05-20 09:30:00,Housing/GFC crash
NVDA,2008-04-15 09:30:00,2008-03-25 09:30:00,0.027314571330652432,0.0009074823728891998,-96.67766203648665,2008-05-27 09:30:00,Housing/GFC crash
NVDA,2008-04-22 09:30:00,2008-04-01 09:30:00,0.03199713127276793,0.003428346872885929,-89.28545548768079,2008-06-03 09:30:00,Housing/GFC crash
NVDA,2008-06-24 09:30:00,2008-06-03 09:30:00,0.016425866645470855,1.0337655798970866e-06,-99.99370647770246,2008-08-05 09:30:00,Housing/GFC crash
NVDA,2008-07-01 09:30:00,2008-06-10 09:30:00,0.0174680829388503,5.435770439387504e-06,-99.96888170007885,2008-08-12 09:30:00,Housing/GFC crash
NVDA,2008-07-08 09:30:00,2008-06-17 09:30:00,0.013791658275963181,0.0,-100.0,2008-08-19 09:30:00,Housing/GFC crash
NVDA,2008-09-09 09:30:00,2008-08-19 09:30:00,0.016388967975603075,1.226111622535807e-05,-99.92518677049335,2008-10-21 09:30:00,Housing/GFC crash
NVDA,2008-09-16 09:30:00,2008-08-26 09:30:00,0.016199570992270207,1.2893607779555034e-07,-99.99920407720762,2008-10-28 09:30:00,Housing/GFC crash
NVDA,2008-09-23 09:30:00,2008-09-02 09:30:00,0.011641218587162286,8.479045559406243e-05,-99.2716359120035,2008-11-04 09:30:00,Housing/GFC crash
NVDA,2008-11-25 09:30:00,2008-11-04 09:30:00,0.020677403242803663,0.0002677046965317365,-98.70532729188368,2009-01-06 09:30:00,Housing/GFC crash
NVDA,2008-12-02 09:30:00,2008-11-11 09:30:00,0.018980630019471367,0.0031976841347318083,-83.15290835208606,2009-01-13 09:30:00,Housing/GFC crash
NVDA,2009-02-17 09:30:00,2009-01-27 09:30:00,0.013351784633117328,0.001510690123778309,-88.68548163942637,2009-03-31 09:30:00,Housing/GFC crash
NVDA,2009-02-24 09:30:00,2009-02-03 09:30:00,0.014127967893165894,0.0019322283462207407,-86.32338096439605,2009-04-07 09:30:00,Housing/GFC crash
NVDA,2009-03-03 09:30:00,2009-02-10 09:30:00,0.0151474865979489,0.00023639760805281747,-98.43936083703268,2009-04-14 09:30:00,Housing/GFC crash
CSCO,2007-07-31 09:30:00,2007-07-10 09:30:00,0.19255787197536822,0.07980105626660006,-58.55736488570662,2007-09-11 09:30:00,Housing/GFC crash
CSCO,2007-08-07 09:30:00,2007-07-17 09:30:00,0.20366504360474735,0.02346692176896581,-88.47768799514361,2007-09-18 09:30:00,Housing/GFC crash
CSCO,2007-08-14 09:30:00,2007-07-24 09:30:00,0.20152016540222473,0.06625573092394133,-67.12203426803565,2007-09-25 09:30:00,Housing/GFC crash
CSCO,2007-10-16 09:30:00,2007-09-25 09:30:00,0.2207856940164099,0.0202584102169594,-90.8244008710756,2007-11-27 09:30:00,Housing/GFC crash
CSCO,2007-10-23 09:30:00,2007-10-02 09:30:00,0.22556314769757702,0.0007666674875063673,-99.66010959887194,2007-12-04 09:30:00,Housing/GFC crash
CSCO,2007-10-30 09:30:00,2007-10-09 09:30:00,0.22535096161812618,0.010510055419500008,-95.33613908543684,2007-12-11 09:30:00,Housing/GFC crash
CSCO,2008-01-02 09:30:00,2007-12-11 09:30:00,0.2957299588226334,0.0011695909459384368,-99.60450711500626,2008-02-13 09:30:00,Housing/GFC crash
CSCO,2008-01-08 09:30:00,2007-12-18 09:30:00,0.2682823735209974,2.168283941887889e-05,-99.99191790383605,2008-02-19 09:30:00,Housing/GFC crash
CSCO,2008-01-16 09:30:00,2007-12-26 09:30:00,0.1923498177472469,5.870357631251473e-08,-99.99996948082561,2008-02-27 09:30:00,Housing/GFC crash
CSCO,2008-04-01 09:30:00,2008-03-11 09:30:00,0.23087835871205264,0.02584952310393529,-88.80383451782315,2008-05-13 09:30:00,Housing/GFC crash
CSCO,2008-04-08 09:30:00,2008-03-18 09:30:00,0.28491555947521796,0.0012190363922634229,-99.57214116543555,2008-05-20 09:30:00,Housing/GFC crash
CSCO,2008-04-15 09:30:00,2008-03-25 09:30:00,0.38023356654103413,0.0003316845488743232,-99.91276820931628,2008-05-27 09:30:00,Housing/GFC crash
CSCO,2008-06-17 09:30:00,2008-05-27 09:30:00,0.19031630034685154,0.058248937652596755,-69.39361602425119,2008-07-29 09:30:00,Housing/GFC crash
CSCO,2008-06-24 09:30:00,2008-06-03 09:30:00,0.18004202161845573,3.3300317323433585e-05,-99.98150414163088,2008-08-05 09:30:00,Housing/GFC crash
CSCO,2008-07-01 09:30:00,2008-06-10 09:30:00,0.23350491378857896,4.1124612446332575e-07,-99.99982388116902,2008-08-12 09:30:00,Housing/GFC crash
CSCO,2008-09-02 09:30:00,2008-08-12 09:30:00,0.2523085136672467,0.008271043538189582,-96.7218531717492,2008-10-14 09:30:00,Housing/GFC crash
CSCO,2008-09-09 09:30:00,2008-08-19 09:30:00,0.2770747724926679,0.002864354610799369,-98.96621601994633,2008-10-21 09:30:00,Housing/GFC crash
CSCO,2008-09-16 09:30:00,2008-08-26 09:30:00,0.23925729369744353,0.0013264591572632045,-99.44559301128743,2008-10-28 09:30:00,Housing/GFC crash
CSCO,2008-11-18 09:30:00,2008-10-28 09:30:00,1.0521420781794788,0.10075229983863232,-90.42407846543273,2008-12-30 09:30:00,Housing/GFC crash
CSCO,2008-11-25 09:30:00,2008-11-04 09:30:00,1.035869532213546,0.032171635034545676,-96.89423870148993,2009-01-06 09:30:00,Housing/GFC crash
CSCO,2008-12-02 09:30:00,2008-11-11 09:30:00,0.8386386285851684,0.0521335747650894,-93.78354716941173,2009-01-13 09:30:00,Housing/GFC crash
CSCO,2009-02-03 09:30:00,2009-01-13 09:30:00,0.23185274003916767,0.004964850501131934,-97.8586190095087,2009-03-17 09:30:00,Housing/GFC crash
CSCO,2009-02-17 09:30:00,2009-01-27 09:30:00,0.3530533323272218,0.004266490952722968,-98.79154491345555,2009-03-31 09:30:00,Housing/GFC crash
AAPL,2019-12-10 09:30:00,2019-11-19 09:30:00,0.6806604041592159,0.13981962238060675,-79.45824062539401,2020-01-21 09:30:00,COVID crash
AAPL,2020-02-11 09:30:00,2020-01-21 09:30:00,0.810356011010473,0.20690346120318637,-74.46758481556913,2020-03-24 09:30:00,COVID crash
AAPL,2020-02-18 09:30:00,2020-01-28 09:30:00,0.8115965668659975,0.15054967086072502,-81.45018387127034,2020-03-31 09:30:00,COVID crash
AAPL,2020-02-25 09:30:00,2020-02-04 09:30:00,1.164322799824955,0.00014024896000980856,-99.98795446073623,2020-04-07 09:30:00,COVID crash
AMZN,2019-12-10 09:30:00,2019-11-19 09:30:00,0.9312726430585592,0.06914568018276146,-92.57514105045888,2020-01-21 09:30:00,COVID crash
AMZN,2019-12-17 09:30:00,2019-11-26 09:30:00,0.9542110579714205,0.09450469893146174,-90.09603817289945,2020-01-28 09:30:00,COVID crash
AMZN,2019-12-24 09:30:00,2019-12-03 09:30:00,0.9407326113519581,0.2255315899162742,-76.02596240475226,2020-02-04 09:30:00,COVID crash
AMZN,2020-02-25 09:30:00,2020-02-04 09:30:00,1.6272652961642216,0.033149495296437514,-97.96287087455393,2020-04-07 09:30:00,COVID crash
AMZN,2020-03-03 09:30:00,2020-02-11 09:30:00,1.7596009375854926,5.172825248753524e-05,-99.99706022818114,2020-04-14 09:30:00,COVID crash
AMZN,2020-03-10 09:30:00,2020-02-18 09:30:00,1.6931030032244223,1.0227923576281231e-05,-99.99939590659535,2020-04-21 09:30:00,COVID crash
MSFT,2019-12-10 09:30:00,2019-11-19 09:30:00,1.50519996874349,0.31173807106437934,-79.28925873386697,2020-01-21 09:30:00,COVID crash
MSFT,2019-12-17 09:30:00,2019-11-26 09:30:00,1.5253428133907647,0.523364925144584,-65.68870154629904,2020-01-28 09:30:00,COVID crash
MSFT,2020-02-25 09:30:00,2020-02-04 09:30:00,1.8074662685979632,0.0007031446326459245,-99.96109777289557,2020-04-07 09:30:00,COVID crash
MSFT,2020-03-03 09:30:00,2020-02-11 09:30:00,2.0049880401953644,5.493119731534227e-06,-99.99972602730682,2020-04-14 09:30:00,COVID crash
MSFT,2020-03-10 09:30:00,2020-02-18 09:30:00,1.9745999490141841,1.3889556548552729e-08,-99.99999929658884,2020-04-21 09:30:00,COVID crash
NVDA,2020-02-04 09:30:00,2020-01-14 09:30:00,0.0663456887035363,0.008154235022945433,-87.70947263900992,2020-03-17 09:30:00,COVID crash
CSCO,2019-12-10 09:30:00,2019-11-19 09:30:00,0.5496831785587855,0.015375213131814336,-97.20289546205024,2020-01-21 09:30:00,COVID crash
CSCO,2019-12-17 09:30:00,2019-11-26 09:30:00,0.536896249009791,0.2680529897348105,-50.0735961129946,2020-01-28 09:30:00,COVID crash
CSCO,2020-02-18 09:30:00,2020-01-28 09:30:00,0.42125970902560184,0.008664277500936346,-97.94324562370863,2020-03-31 09:30:00,COVID crash
CSCO,2020-02-25 09:30:00,2020-02-04 09:30:00,0.4198303253272968,8.632472884718127e-07,-99.99979438186419,2020-04-07 09:30:00,COVID crash
CSCO,2020-03-03 09:30:00,2020-02-11 09:30:00,0.4314882403697524,2.4687240736215293e-14,-99.99999999999429,2020-04-14 09:30:00,COVID crash
