date,equity,cash,open_option_value,open_positions,peak,drawdown_pct
2023-08-07 09:30:00,100827.38176565227,98282.12454498663,2545.2572206656414,4,100827.38176565227,0.0
2023-08-08 09:30:00,101543.04740307212,96578.52636176912,4964.521041303004,8,101543.04740307212,0.0
2023-08-09 09:30:00,101139.0842528391,96578.52636176912,4560.557891069964,8,101543.04740307212,-0.39782452916693467
2023-08-10 09:30:00,101127.86908282652,96578.52636176912,4549.342721057405,8,101543.04740307212,-0.4088692735383037
2023-08-11 09:30:00,101026.09089142295,96578.52636176912,4447.56452965383,8,101543.04740307212,-0.5091008442922984
2023-08-14 09:30:00,101234.41468504144,96578.52636176912,4655.888323272314,8,101543.04740307212,-0.30394273751266354
2023-08-15 09:30:00,101644.50985810145,94909.95425623438,6734.555601867057,12,101644.50985810145,0.0
2023-08-16 09:30:00,101206.36925195412,94909.95425623438,6296.414995719739,12,101644.50985810145,-0.43105191491304984
2023-08-17 09:30:00,100898.86589157437,94909.95425623438,5988.911635339988,12,101644.50985810145,-0.7335801683416188
2023-08-18 09:30:00,100589.66933341608,94909.95425623438,5679.715077181694,12,101644.50985810145,-1.0377742252463573
2023-08-21 09:30:00,100833.30075845832,94909.95425623438,5923.346502223947,12,101644.50985810145,-0.7980845210189824
2023-08-22 09:30:00,101774.63806903144,93095.16398456016,8679.47408447128,16,101774.63806903144,0.0
2023-08-23 09:30:00,102783.98033421842,93095.16398456016,9688.816349658264,16,102783.98033421842,0.0
2023-08-24 09:30:00,101272.90995307667,93095.16398456016,8177.745968516503,16,102783.98033421842,-1.4701419192254095
2023-08-25 09:30:00,101640.72804711909,93095.16398456016,8545.564062558926,16,102783.98033421842,-1.1122864510421326
2023-08-28 09:30:00,101697.72965934902,93095.16398456016,8602.565674788853,16,102783.98033421842,-1.0568287697531153
2023-08-29 09:30:00,103462.15839086086,91710.63050049705,11751.52789036381,19,103462.15839086086,0.0
2023-08-30 09:30:00,104069.96670333683,91710.63050049705,12359.336202839782,19,104069.96670333683,0.0
2023-08-31 09:30:00,104195.43873561171,91710.63050049705,12484.808235114651,19,104195.43873561171,0.0
2023-09-01 09:30:00,104273.6872166078,91710.63050049705,12563.056716110743,19,104273.6872166078,0.0
2023-09-05 09:30:00,104087.9337827975,90283.5461867736,13804.387596023895,22,104273.6872166078,-0.17814027562335077
2023-09-06 09:30:00,102235.1299777842,90283.5461867736,11951.5837910106,22,104273.6872166078,-1.9550063810334972
2023-09-07 09:30:00,101499.00285556415,90283.5461867736,11215.456668790544,22,104273.6872166078,-2.6609631203313944
2023-09-08 09:30:00,102058.5619685541,90283.5461867736,11775.015781780505,22,104273.6872166078,-2.124337699358625
2023-09-11 09:30:00,102815.53022001163,90283.5461867736,12531.984033238026,22,104273.6872166078,-1.3983940105303239
2023-09-12 09:30:00,101124.16769151534,88877.50967686453,12246.658014650802,25,104273.6872166078,-3.020435556814982
2023-09-13 09:30:00,102183.48353579576,88394.15783829935,13789.32569749642,26,104273.6872166078,-2.0045360786657973
2023-09-14 09:30:00,103009.42216029945,88394.15783829935,14615.2643220001,26,104273.6872166078,-1.2124487874703105
2023-09-15 09:30:00,100793.98393140303,88394.15783829935,12399.826093103671,26,104273.6872166078,-3.3370866400613375
2023-09-18 09:30:00,100744.7785807136,88394.15783829935,12350.620742414252,26,104273.6872166078,-3.384275295227257
2023-09-19 09:30:00,100597.45057901966,86532.40563202924,14065.044946990416,30,104273.6872166078,-3.5255650161785224
2023-09-20 09:30:00,97126.57175252988,86532.40563202924,10594.166120500635,30,104273.6872166078,-6.854188870516498
2023-09-21 09:30:00,95228.72691086686,86532.40563202924,8696.321278837615,30,104273.6872166078,-8.674249992667693
2023-09-22 09:30:00,94985.88527438647,86532.40563202924,8453.47964235723,30,104273.6872166078,-8.907138694470229
2023-09-25 09:30:00,95142.32940712471,86532.40563202924,8609.92377509546,30,104273.6872166078,-8.757106469741027
2023-09-26 09:30:00,93378.07602714456,86107.4496363203,7270.62639082425,31,104273.6872166078,-10.449051414888377
2023-09-27 09:30:00,93541.2821304172,86107.4496363203,7433.83249409689,31,104273.6872166078,-10.292534360942051
2023-09-28 09:30:00,93986.9261673946,86107.4496363203,7879.476531074293,31,104273.6872166078,-9.865155173658046
2023-09-29 09:30:00,93873.49754474046,86107.4496363203,7766.047908420152,31,104273.6872166078,-9.973934891419944
2023-10-02 09:30:00,95324.24189046647,86107.4496363203,9216.792254146165,31,104273.6872166078,-8.582649722120827
2023-10-03 09:30:00,93639.00320001059,85658.12664541017,7980.876554600416,32,104273.6872166078,-10.19881841763759
2023-10-04 09:30:00,94836.34751343765,85658.12664541017,9178.220868027482,32,104273.6872166078,-9.05054760705446
2023-10-05 09:30:00,95055.46535595898,85658.12664541017,9397.338710548813,32,104273.6872166078,-8.840410372656905
2023-10-06 09:30:00,97089.94729654223,85658.12664541017,11431.820651132059,32,104273.6872166078,-6.889312262587177
2023-10-09 09:30:00,96978.92020359926,85658.12664541017,11320.79355818909,32,104273.6872166078,-6.995788878027409
2023-10-10 09:30:00,96890.27618414076,84725.60079938498,12164.675384755787,34,104273.6872166078,-7.080799796720982
2023-10-11 09:30:00,98853.063563345,84725.60079938498,14127.462763960026,34,104273.6872166078,-5.198457825704894
2023-10-12 09:30:00,98164.11299478255,84725.60079938498,13438.512195397576,34,104273.6872166078,-5.859171556035814
2023-10-13 09:30:00,95635.8769312496,84725.60079938498,10910.27613186463,34,104273.6872166078,-8.283787133579413
2023-10-16 09:30:00,96481.3937412322,84725.60079938498,11755.792941847214,34,104273.6872166078,-7.472924074497012
2023-10-17 09:30:00,94960.8867712447,83905.92003965759,11054.96673158711,36,104273.6872166078,-8.93111262673354
2023-10-18 09:30:00,92575.21178908816,83905.92003965759,8669.291749430577,36,104273.6872166078,-11.219010030036037
2023-10-19 09:30:00,92538.60939623007,83420.54339195711,9118.066004272952,37,104273.6872166078,-11.254112263240913
2023-10-20 09:30:00,90339.72793299105,83420.54339195711,6919.184541033946,37,104273.6872166078,-13.36287193400164
2023-10-23 09:30:00,90738.03525818003,83420.54339195711,7317.491866222912,37,104273.6872166078,-12.980889349688141
2023-10-24 09:30:00,92090.50572167299,82069.66659173339,10020.839129939606,40,104273.6872166078,-11.68385027914729
2023-10-25 09:30:00,88945.40152238023,82069.66659173339,6875.734930646843,40,104273.6872166078,-14.700051473566965
2023-10-26 09:30:00,86158.29570539361,82069.66659173339,4088.6291136602235,40,104273.6872166078,-17.37292695287841
2023-10-27 09:30:00,86977.75143354855,82069.66659173339,4908.084841815161,40,104273.6872166078,-16.587056854650584
2023-10-30 09:30:00,87711.68075107117,82069.66659173339,5642.014159337775,36,104273.6872166078,-15.88320784238919
2023-10-31 09:30:00,87787.86599590546,81176.30974921523,6611.556246690233,34,104273.6872166078,-15.810145071839965
2023-11-01 09:30:00,90353.30559411981,81176.30974921523,9176.99584490458,34,104273.6872166078,-13.349850757239611
2023-11-02 09:30:00,92466.9200427621,81176.30974921523,11290.61029354687,34,104273.6872166078,-11.322863407831251
2023-11-03 09:30:00,94032.95192607395,81176.30974921523,12856.642176858722,34,104273.6872166078,-9.82101579400445
2023-11-06 09:30:00,94916.32696866966,81176.30974921523,13740.017219454428,34,104273.6872166078,-8.973846132917584
2023-11-07 09:30:00,97310.92899443225,80220.63646167809,17090.292532754163,33,104273.6872166078,-6.677387563472081
2023-11-08 09:30:00,98068.29802956704,80220.63646167809,17847.66156788895,33,104273.6872166078,-5.951059517201395
2023-11-09 09:30:00,95603.65187894188,80220.63646167809,15383.015417263789,33,104273.6872166078,-8.31469143280188
2023-11-10 09:30:00,101048.42498109963,80220.63646167809,20827.78851942153,33,104273.6872166078,-3.0930739303467125
2023-11-13 09:30:00,99742.15464953183,80220.63646167809,19521.51818785374,33,104273.6872166078,-4.345806394726037
2023-11-14 09:30:00,104489.11801976396,79075.55845323637,25413.559566527583,33,104489.11801976396,0.0
2023-11-15 09:30:00,104018.12713106311,79075.55845323637,24942.568677826748,33,104489.11801976396,-0.450755923321855
2023-11-16 09:30:00,105489.85606203691,79075.55845323637,26414.297608800545,33,105489.85606203691,0.0
2023-11-17 09:30:00,103420.72373900904,79075.55845323637,24345.16528577267,33,105489.85606203691,-1.961451461087449
2023-11-20 09:30:00,107637.85482802388,79075.55845323637,28562.296374787507,33,107637.85482802388,0.0
2023-11-21 09:30:00,105041.6045331177,77925.66404852064,27115.94048459706,34,107637.85482802388,-2.4120234457053025
2023-11-22 09:30:00,105409.52532198543,77925.66404852064,27483.86127346479,34,107637.85482802388,-2.070209880714091
2023-11-24 09:30:00,103533.3581880514,77925.66404852064,25607.694139530755,34,107637.85482802388,-3.813246414591176
2023-11-27 09:30:00,104663.39054627824,83803.67664759519,20859.713898683058,32,107637.85482802388,-2.7633998155184525
2023-11-28 09:30:00,105978.68300056848,84685.69498714553,21292.988013422946,33,107637.85482802388,-1.541438957610508
2023-11-29 09:30:00,104454.43636726568,84685.69498714553,19768.741380120155,33,107637.85482802388,-2.9575268532101795
2023-11-30 09:30:00,102379.42705013005,84685.69498714553,17693.732062984524,33,107637.85482802388,-4.885295964226866
2023-12-01 09:30:00,102348.12705563627,84685.69498714553,17662.43206849074,33,107637.85482802388,-4.914374948143618
2023-12-04 09:30:00,98602.09438674097,84685.69498714553,13916.39939959543,33,107637.85482802388,-8.394593570932463
2023-12-05 09:30:00,101815.02482205462,83110.96174256993,18704.063079484695,35,107637.85482802388,-5.409648877964502
2023-12-06 09:30:00,99248.76839023086,83110.96174256993,16137.80664766094,34,107637.85482802388,-7.793806789624802
2023-12-07 09:30:00,102964.37683337441,83110.96174256993,19853.415090804487,34,107637.85482802388,-4.341853525524475
2023-12-08 09:30:00,104011.16826068117,83110.96174256993,20900.206518111238,34,107637.85482802388,-3.3693411793993544
2023-12-11 09:30:00,99785.65692205475,83110.96174256993,16674.69517948483,34,107637.85482802388,-7.295015232805236
2023-12-12 09:30:00,100934.26221981499,81046.05858483653,19888.203634978458,36,107637.85482802388,-6.227913608014024
2023-12-13 09:30:00,103342.37034912448,81046.05858483653,22296.311764287944,36,107637.85482802388,-3.990681982433053
2023-12-14 09:30:00,103760.01661937743,81046.05858483653,22713.958034540905,36,107637.85482802388,-3.60267139738355
2023-12-15 09:30:00,105445.10338760127,81046.05858483653,24399.04480276474,36,107637.85482802388,-2.037156392540551
2023-12-18 09:30:00,108995.04892291129,83437.05861254004,25557.990310371235,35,108995.04892291129,0.0
2023-12-19 09:30:00,109350.5956697702,82360.73210703292,26989.863562737286,38,109350.5956697702,0.0
2023-12-20 09:30:00,104868.46138771478,82360.73210703292,22507.729280681862,38,109350.5956697702,-4.09886590429841
2023-12-21 09:30:00,108141.38775721539,82360.73210703292,25780.65565018247,38,109350.5956697702,-1.1058082538539904
2023-12-22 09:30:00,107285.61308893206,82360.73210703292,24924.880981899136,38,109350.5956697702,-1.888405424945483
2023-12-26 09:30:00,106870.05776181442,80510.93974906411,26359.11801275031,42,109350.5956697702,-2.268426516346389
2023-12-27 09:30:00,106951.10012766527,80510.93974906411,26440.16037860115,42,109350.5956697702,-2.1943141026421253
2023-12-28 09:30:00,105301.34887384674,80510.93974906411,24790.409124782625,42,109350.5956697702,-3.702994730958631
2023-12-29 09:30:00,102717.60886716556,80510.93974906411,22206.66911810145,42,109350.5956697702,-6.065798509809417
2024-01-02 09:30:00,96284.18400105213,79659.82383877871,16624.36016227341,44,109350.5956697702,-11.94909967219343
2024-01-03 09:30:00,93394.83885203958,79659.82383877871,13735.01501326087,44,109350.5956697702,-14.591376224337814
2024-01-04 09:30:00,90064.0793175205,79659.82383877871,10404.255478741794,44,109350.5956697702,-17.637321711985354
2024-01-05 09:30:00,90441.22278278443,79659.82383877871,10781.398944005721,44,109350.5956697702,-17.29242787491576
2024-01-08 09:30:00,96546.78823124772,79659.82383877871,16886.964392469006,44,109350.5956697702,-11.70895079272264
2024-01-09 09:30:00,98840.6673852193,80252.05511761151,18588.612267607794,45,109350.5956697702,-9.611221795526404
2024-01-10 09:30:00,102525.93471128552,80252.05511761151,22273.879593674003,45,109350.5956697702,-6.241082562636057
2024-01-11 09:30:00,103185.16538852695,80252.05511761151,22933.110270915444,44,109350.5956697702,-5.638222858760045
2024-01-12 09:30:00,102720.38310839649,80252.05511761151,22468.32799078498,44,109350.5956697702,-6.063261494611705
2024-01-16 09:30:00,102558.15819426833,83124.87706367199,19433.281130596333,43,109350.5956697702,-6.211614517413766
2024-01-17 09:30:00,100326.01946069977,83124.87706367199,17201.142397027787,43,109350.5956697702,-8.252882532367645
2024-01-18 09:30:00,104187.01693885268,83124.87706367199,21062.139875180696,43,109350.5956697702,-4.722039874854545
2024-01-19 09:30:00,111210.47832966107,83124.87706367199,28085.601265989084,43,111210.47832966107,0.0
2024-01-22 09:30:00,110103.51417112463,88366.1268896301,21737.387281494517,41,111210.47832966107,-0.99537757157655
2024-01-23 09:30:00,112242.7829795469,88430.4212020797,23812.3617774672,42,112242.7829795469,0.0
2024-01-24 09:30:00,116320.42858506451,93853.0366155716,22467.391969492914,40,116320.42858506451,0.0
2024-01-25 09:30:00,120679.66849253082,96817.75968141122,23861.908811119596,39,120679.66849253082,0.0
2024-01-26 09:30:00,120651.45351436929,96817.75968141122,23833.693832958073,39,120679.66849253082,-0.023380059386945984
2024-01-29 09:30:00,124482.1765040417,96817.75968141122,27664.416822630476,39,124482.1765040417,0.0
2024-01-30 09:30:00,119672.55888002401,95741.9115698131,23930.6473102109,39,124482.1765040417,-3.8636998155808455
2024-01-31 09:30:00,105939.7367995834,95741.9115698131,10197.825229770302,39,124482.1765040417,-14.895658338570462
2024-02-01 09:30:00,110526.85920044855,95741.9115698131,14784.947630635443,39,124482.1765040417,-11.210695133644322
2024-02-02 09:30:00,125021.23240141696,98686.15935566528,26335.073045751673,38,125021.23240141696,0.0
2024-02-05 09:30:00,123862.2861718057,101403.87034747117,22458.41582433453,37,125021.23240141696,-0.9269995242809026
2024-02-06 09:30:00,122141.6732554564,101208.25498123668,20933.41827421972,36,125021.23240141696,-2.3032560875059227
2024-02-07 09:30:00,126871.05771986056,101208.25498123668,25662.80273862388,36,126871.05771986056,0.0
2024-02-08 09:30:00,125936.2879547014,101208.25498123668,24728.032973464717,36,126871.05771986056,-0.7367872404935638
2024-02-09 09:30:00,135057.44455319855,109543.30317215354,25514.14138104502,33,135057.44455319855,0.0
2024-02-12 09:30:00,130682.48577452458,112498.34034362636,18184.145430898225,32,135057.44455319855,-3.2393318214685274
2024-02-13 09:30:00,125070.77816705496,112425.7332777903,12645.04488926466,30,135057.44455319855,-7.394384233451046
2024-02-14 09:30:00,127384.50441089344,112425.7332777903,14958.771133103126,30,135057.44455319855,-5.681241909832502
2024-02-15 09:30:00,124328.16922859715,112425.7332777903,11902.43595080684,30,135057.44455319855,-7.944230960460075
2024-02-16 09:30:00,122754.75738623824,112425.7332777903,10329.02410844794,30,135057.44455319855,-9.109225491168193
2024-02-20 09:30:00,120223.3736553359,111791.10008962454,8432.273565711372,29,135057.44455319855,-10.983527007294713
2024-02-21 09:30:00,120048.54673841632,111791.10008962454,8257.446648791787,29,135057.44455319855,-11.112973345849364
2024-02-22 09:30:00,128704.36655173825,113815.80828915084,14888.558262587409,28,135057.44455319855,-4.703982088864311
2024-02-23 09:30:00,128874.27857231774,116073.9885286751,12800.290043642637,27,135057.44455319855,-4.578174865766316
2024-02-26 09:30:00,126310.11848270695,116073.9885286751,10236.129954031861,27,135057.44455319855,-6.476744839523507
2024-02-27 09:30:00,125800.80832827772,115731.90417229998,10068.904155977747,27,135057.44455319855,-6.853851156109114
2024-02-28 09:30:00,124844.520436229,115731.90417229998,9112.616263929007,27,135057.44455319855,-7.561911267280596
2024-02-29 09:30:00,127487.82605922117,115731.90417229998,11755.921886921189,27,135057.44455319855,-5.604739908280831
2024-03-01 09:30:00,129332.14029717298,118625.07079945585,10707.069497717135,26,135057.44455319855,-4.239162287548237
2024-03-04 09:30:00,129878.78301918857,121066.78114444666,8812.001874741905,25,135057.44455319855,-3.8344139792828136
2024-03-05 09:30:00,127118.30202317635,120200.43757891037,6917.8644442659825,24,135057.44455319855,-5.8783449933372705
2024-03-06 09:30:00,127410.18293532371,120200.43757891037,7209.745356413352,24,135057.44455319855,-5.662228870962105
2024-03-07 09:30:00,129508.76255194056,121804.14194941732,7704.620602523242,23,135057.44455319855,-4.108386634749628
2024-03-08 09:30:00,129145.2455735481,124655.51380097056,4489.731772577556,22,135057.44455319855,-4.377543940068895
2024-03-11 09:30:00,128230.16910187948,124655.51380097056,3574.6553009089216,22,135057.44455319855,-5.05509005734951
2024-03-12 09:30:00,129690.11877143664,125103.04891628968,4587.069855146955,22,135057.44455319855,-3.9741058329056056
2024-03-13 09:30:00,129360.41251017805,125103.04891628968,4257.363593888362,22,135057.44455319855,-4.218228815055413
2024-03-14 09:30:00,130710.29561181736,125103.04891628968,5607.246695527669,22,135057.44455319855,-3.2187407038261173
2024-03-15 09:30:00,129122.4766173582,125103.04891628968,4019.427701068525,22,135057.44455319855,-4.394402659901209
2024-03-18 09:30:00,130004.8971563973,125103.04891628968,4901.8482401076235,22,135057.44455319855,-3.741035833690065
2024-03-19 09:30:00,130556.12966916917,124224.05473465659,6332.074934512586,21,135057.44455319855,-3.3328891264904237
2024-03-20 09:30:00,132103.1286011193,124224.05473465659,7879.073866462721,21,135057.44455319855,-2.187451392889017
2024-03-21 09:30:00,130739.26698385713,124224.05473465659,6515.212249200542,21,135057.44455319855,-3.1972895560307357
2024-03-22 09:30:00,131498.42683669462,124224.05473465659,7274.372102038042,21,135057.44455319855,-2.635188107014752
2024-03-25 09:30:00,130277.24301397914,124224.05473465659,6053.188279322554,21,135057.44455319855,-3.539383967343257
2024-03-26 09:30:00,130147.59049044724,123576.55805131729,6571.032439129954,21,135057.44455319855,-3.63538202502961
2024-03-27 09:30:00,130678.21692651566,123576.55805131729,7101.658875198362,21,135057.44455319855,-3.2424925861513243
2024-03-28 09:30:00,129984.50543267456,123576.55805131729,6407.947381357268,21,135057.44455319855,-3.756134389560273
2024-04-01 09:30:00,131473.41848325776,123576.55805131729,7896.860431940479,21,135057.44455319855,-2.6537049340727425
2024-04-02 09:30:00,129721.32182512806,122601.77340664358,7119.548418484488,22,135057.44455319855,-3.9510022907094267
2024-04-03 09:30:00,130349.99926545039,122601.77340664358,7748.225858806804,22,135057.44455319855,-3.4855133704931984
2024-04-04 09:30:00,128135.42271668588,122601.77340664358,5533.6493100423,22,135057.44455319855,-5.125242713878042
2024-04-05 09:30:00,130782.57043283294,122601.77340664358,8180.797026189359,22,135057.44455319855,-3.1652265704477767
2024-04-08 09:30:00,130949.0477229699,122601.77340664358,8347.27431632632,22,135057.44455319855,-3.041962509967655
2024-04-09 09:30:00,132138.0053230058,121516.21033313671,10621.794989869091,25,135057.44455319855,-2.1616277724274546
2024-04-10 09:30:00,131321.27789137076,121516.21033313671,9805.067558234045,25,135057.44455319855,-2.766353735025795
2024-04-11 09:30:00,135971.91446882932,121516.21033313671,14455.704135692618,25,135971.91446882932,0.0
2024-04-12 09:30:00,132337.75991857084,121516.21033313671,10821.549585434137,25,135971.91446882932,-2.6727244111073967
2024-04-15 09:30:00,128157.94745839263,121516.21033313671,6641.737125255924,25,135971.91446882932,-5.746750746991935
2024-04-16 09:30:00,127586.0470227309,119748.49926894673,7837.547753784169,28,135971.91446882932,-6.167352632238499
2024-04-17 09:30:00,125920.89943226839,119748.49926894673,6172.400163321657,28,135971.91446882932,-7.391978759602635
2024-04-18 09:30:00,124679.35672647608,119748.49926894673,4930.857457529351,28,135971.91446882932,-8.305066370851154
2024-04-19 09:30:00,122289.39239682701,119748.49926894673,2540.8931278802806,28,135971.91446882932,-10.062756066539713
2024-04-22 09:30:00,123056.09160786011,119748.49926894673,3307.5923389133877,28,135971.91446882932,-9.498890202013055
2024-04-23 09:30:00,124353.2516657375,118896.10059635775,5457.151069379752,28,135971.91446882932,-8.544899031891863
2024-04-24 09:30:00,123608.20408410869,118896.10059635775,4712.103487750933,28,135971.91446882932,-9.092841292276521
2024-04-25 09:30:00,122435.66215556696,118896.10059635775,3539.5615592092126,28,135971.91446882932,-9.955182558207976
2024-04-26 09:30:00,128697.93306461928,118896.10059635775,9801.832468261542,28,135971.91446882932,-5.349620495251283
2024-04-29 09:30:00,127938.65749086058,118896.10059635775,9042.556894502843,28,135971.91446882932,-5.908026675472245
2024-04-30 09:30:00,124192.76838353541,118924.6117662419,5268.1566172935145,27,135971.91446882932,-8.662925819136124
2024-05-01 09:30:00,124493.04298220901,118924.6117662419,5568.431215967103,27,135971.91446882932,-8.442090067983688
2024-05-02 09:30:00,127811.71503620497,118924.6117662419,8887.103269963074,27,135971.91446882932,-6.001385995410846
2024-05-03 09:30:00,131509.50332987087,118924.6117662419,12584.891563628964,27,135971.91446882932,-3.281862402534186
2024-05-06 09:30:00,132901.58339722347,118924.6117662419,13976.971630981576,27,135971.91446882932,-2.258062691549223
2024-05-07 09:30:00,133231.6495891332,118424.7589648091,14806.890624324087,27,135971.91446882932,-2.015316832450953
2024-05-08 09:30:00,131934.56339356053,118424.7589648091,13509.804428751444,27,135971.91446882932,-2.969253680835926
2024-05-09 09:30:00,133569.11272800065,118424.7589648091,15144.353763191551,27,135971.91446882932,-1.7671309183335038
2024-05-10 09:30:00,130894.56417287757,118424.7589648091,12469.805208068468,27,135971.91446882932,-3.7341169430365695
2024-05-13 09:30:00,131761.23913129035,118424.7589648091,13336.480166481242,27,135971.91446882932,-3.0967243154498947
2024-05-14 09:30:00,133103.04700996974,117894.8599514118,15208.187058557945,28,135971.91446882932,-2.10989708431093
2024-05-15 09:30:00,135473.5201695205,120738.27360237403,14735.246567146452,27,135971.91446882932,-0.36654209161928186
2024-05-16 09:30:00,134682.85606442977,120738.27360237403,13944.582462055749,27,135971.91446882932,-0.9480328415137906
2024-05-17 09:30:00,135278.946678991,120738.27360237403,14540.673076616962,27,135971.91446882932,-0.5096403860645693
2024-05-20 09:30:00,135912.25766996248,123718.90725666861,12193.350413293872,26,135971.91446882932,-0.043874353832473734
2024-05-21 09:30:00,137058.63233599765,123782.643377556,13275.988958441649,25,137058.63233599765,0.0
2024-05-22 09:30:00,135898.07219439995,123782.643377556,12115.428816843949,25,137058.63233599765,-0.846761799543283
2024-05-23 09:30:00,135705.10268859362,123782.643377556,11922.459311037603,25,137058.63233599765,-0.9875551976076036
2024-05-24 09:30:00,137459.2524877956,123782.643377556,13676.609110239593,25,137459.2524877956,0.0
2024-05-28 09:30:00,140059.0969950757,127444.54875613259,12614.548238943127,25,140059.0969950757,0.0
2024-05-29 09:30:00,139709.1460789499,127444.54875613259,12264.597322817328,25,140059.0969950757,-0.2498594690626188
2024-05-30 09:30:00,136570.56346231847,127444.54875613259,9126.014706185892,25,140059.0969950757,-2.4907582639061787
2024-05-31 09:30:00,136394.9372616241,127444.54875613259,8950.388505491506,25,140059.0969950757,-2.616152618476786
2024-06-03 09:30:00,137199.86747137486,127444.54875613259,9755.318715242287,25,140059.0969950757,-2.041445065008063
2024-06-04 09:30:00,137630.3682232906,126024.3643566364,11606.003866654204,26,140059.0969950757,-1.7340742757112615
2024-06-05 09:30:00,139396.6001326093,128959.7220096311,10436.878122978209,25,140059.0969950757,-0.4730123759756122
2024-06-06 09:30:00,140387.1181689655,128558.97442967973,11828.143739285786,26,140387.1181689655,0.0
2024-06-07 09:30:00,139225.47731041146,128558.97442967973,10666.50288073172,26,140387.1181689655,-0.8274554486943253
2024-06-10 09:30:00,139076.3134483426,128558.97442967973,10517.339018662877,26,140387.1181689655,-0.933707264398187
2024-06-11 09:30:00,143035.99247803158,126455.9484079286,16580.044070102962,29,143035.99247803158,0.0
2024-06-12 09:30:00,146864.070502493,129307.93108317362,17556.139419319377,28,146864.070502493,0.0
2024-06-13 09:30:00,145092.75225522107,129307.93108317362,15784.82117204745,28,146864.070502493,-1.2060936628076502
2024-06-14 09:30:00,145356.5509671893,129307.93108317362,16048.619884015672,28,146864.070502493,-1.0264726628819054
2024-06-17 09:30:00,147612.0310399141,129307.93108317362,18304.099956740476,28,147612.0310399141,0.0
2024-06-18 09:30:00,145026.55583509174,126630.80908672915,18395.746748362606,32,147612.0310399141,-1.751534198539162
2024-06-20 09:30:00,144422.58795016253,126630.80908672915,17791.778863433377,32,147612.0310399141,-2.1606931814989627
2024-06-21 09:30:00,147079.94536824257,126630.80908672915,20449.136281513423,32,147612.0310399141,-0.3604622657943368
2024-06-24 09:30:00,145429.80810069025,126630.80908672915,18798.9990139611,32,147612.0310399141,-1.4783503240557438
2024-06-25 09:30:00,150938.8687323588,126699.01499300559,24239.853739353206,35,150938.8687323588,0.0
2024-06-26 09:30:00,155093.79123654793,126699.01499300559,28394.776243542343,35,155093.79123654793,0.0
2024-06-27 09:30:00,158974.2580612593,126699.01499300559,32275.243068253687,35,158974.2580612593,0.0
2024-06-28 09:30:00,151155.08224235295,126699.01499300559,24456.06724934736,35,158974.2580612593,-4.918516943726381
2024-07-01 09:30:00,158074.7403043423,126699.01499300559,31375.725311336715,35,158974.2580612593,-0.5658260449753927
2024-07-02 09:30:00,167853.02860459875,130404.77022887603,37448.258375722704,37,167853.02860459875,0.0
2024-07-03 09:30:00,169366.09806640755,135939.83014592336,33426.267920484184,35,169366.09806640755,0.0
2024-07-05 09:30:00,178973.16363177737,144362.68210196908,34610.48152980828,32,178973.16363177737,0.0
2024-07-08 09:30:00,176623.49445856982,147097.180775601,29526.313682968816,31,178973.16363177737,-1.3128611717686312
2024-07-09 09:30:00,176264.0766219139,145340.4032935621,30923.673328351822,36,178973.16363177737,-1.5136833673215833
2024-07-10 09:30:00,180576.62153114742,147920.80269767696,32655.81883347046,35,180576.62153114742,0.0
2024-07-11 09:30:00,169535.7092870519,147920.80269767696,21614.90658937494,35,180576.62153114742,-6.114253412472381
2024-07-12 09:30:00,168790.66692382822,147920.80269767696,20869.86422615127,35,180576.62153114742,-6.526844121561027
2024-07-15 09:30:00,169868.56759407054,153051.38113219434,16817.186461876194,33,180576.62153114742,-5.929922625797857
2024-07-16 09:30:00,167698.69869967722,151083.5288595986,16615.169840078615,37,180576.62153114742,-7.131555969026094
2024-07-17 09:30:00,162238.58402807525,151083.5288595986,11155.055168476665,37,180576.62153114742,-10.155266693761389
2024-07-18 09:30:00,159707.72039219463,151083.5288595986,8624.191532596053,37,180576.62153114742,-11.556812261742945
2024-07-19 09:30:00,159081.93430034295,151083.5288595986,7998.405440744371,37,180576.62153114742,-11.903361048925643
2024-07-22 09:30:00,160820.80765361994,151083.5288595986,9737.278794021358,37,180576.62153114742,-10.940405081241277
2024-07-23 09:30:00,161333.92093425748,150744.68102541417,10589.239908843314,38,180576.62153114742,-10.656252417243728
2024-07-24 09:30:00,155158.0501412134,150744.68102541417,4413.369115799216,38,180576.62153114742,-14.076335670921614
2024-07-25 09:30:00,154232.22884434543,150744.68102541417,3487.5478189312553,38,180576.62153114742,-14.589038416724332
2024-07-26 09:30:00,154650.93830544368,150744.68102541417,3906.257280029511,38,180576.62153114742,-14.357164845523407
2024-07-29 09:30:00,154802.67518408436,150744.68102541417,4057.994158670177,38,180576.62153114742,-14.27313576282484
2024-07-30 09:30:00,154344.4124250174,150744.68102541417,3599.731399603203,37,180576.62153114742,-14.526913220383442
2024-07-31 09:30:00,155571.10182747175,150744.68102541417,4826.420802057571,37,180576.62153114742,-13.847595270998303
2024-08-01 09:30:00,155014.32339691464,150744.68102541417,4269.642371500472,37,180576.62153114742,-14.155928889069159
2024-08-02 09:30:00,153903.8619729894,150744.68102541417,3159.1809475752193,37,180576.62153114742,-14.77088192922984
2024-08-05 09:30:00,152271.03547766895,150744.68102541417,1526.354452254765,37,180576.62153114742,-15.675111104344186
2024-08-06 09:30:00,152563.2141249174,150744.68102541417,1818.5330995032168,36,180576.62153114742,-15.513307962403111
2024-08-07 09:30:00,152435.78659762908,150744.68102541417,1691.1055722149072,36,180576.62153114742,-15.583874975014067
2024-08-08 09:30:00,153372.02922006702,150744.68102541417,2627.3481946528404,36,180576.62153114742,-15.065401091462949
2024-08-09 09:30:00,153907.43024266846,150744.68102541417,3162.749217254273,36,180576.62153114742,-14.76890588734313
2024-08-12 09:30:00,153693.9276137069,150744.68102541417,2949.246588292743,36,180576.62153114742,-14.88713970252431
2024-08-13 09:30:00,154713.0702182691,150744.68102541417,3968.3891928549233,36,180576.62153114742,-14.322757339004234
2024-08-14 09:30:00,154505.7078145707,150744.68102541417,3761.0267891565295,36,180576.62153114742,-14.437590810768263
2024-08-15 09:30:00,155566.4461816009,150744.68102541417,4821.765156186732,36,180576.62153114742,-13.850173481749707
2024-08-16 09:30:00,155060.66672322803,150744.68102541417,4315.985697813861,36,180576.62153114742,-14.130264810341565
2024-08-19 09:30:00,154910.3421582233,150744.68102541417,4165.661132809112,36,180576.62153114742,-14.2135117798164
2024-08-20 09:30:00,154733.32487494443,150744.68102541417,3988.6438495302655,35,180576.62153114742,-14.311540683988987
2024-08-21 09:30:00,155082.04414330792,150744.68102541417,4337.363117893756,35,180576.62153114742,-14.118426389676342
2024-08-22 09:30:00,154353.7207035876,150744.68102541417,3609.039678173436,35,180576.62153114742,-14.521758467519374
2024-08-23 09:30:00,154384.4834578932,150744.68102541417,3639.8024324790126,35,180576.62153114742,-14.504722621990352
2024-08-26 09:30:00,153694.84380474177,150744.68102541417,2950.1627793276043,35,180576.62153114742,-14.886632332839856
2024-08-27 09:30:00,153589.66530698325,150744.68102541417,2844.9842815690668,34,180576.62153114742,-14.944878243560023
2024-08-28 09:30:00,153121.3730511165,150744.68102541417,2376.6920257023394,34,180576.62153114742,-15.2042098513263
2024-08-29 09:30:00,153582.75235236023,150744.68102541417,2838.071326946046,33,180576.62153114742,-14.948706510233967
2024-08-30 09:30:00,153470.104093208,150744.68102541417,2725.423067793839,33,180576.62153114742,-15.011089036940394
2024-09-03 09:30:00,151942.7092958534,150827.09427919835,1115.6150166550426,29,180576.62153114742,-15.856932083733222
2024-09-04 09:30:00,151798.00159835393,150827.09427919835,970.907319155581,29,180576.62153114742,-15.937068535657318
2024-09-05 09:30:00,151998.78823472312,150827.09427919835,1171.6939555247802,29,180576.62153114742,-15.82587660246758
2024-09-06 09:30:00,151470.8147365837,150827.09427919835,643.7204573853537,29,180576.62153114742,-16.118258580634315
2024-09-09 09:30:00,151364.3548654771,150827.09427919835,537.2605862787568,29,180576.62153114742,-16.177214092263615
2024-09-10 09:30:00,151335.668410427,150346.63109317262,989.0373172543646,25,180576.62153114742,-16.193100121588376
2024-09-11 09:30:00,151554.7935476988,150346.63109317262,1208.1624545261832,25,180576.62153114742,-16.071752665082784
2024-09-12 09:30:00,151943.5283782843,150346.63109317262,1596.897285111672,25,180576.62153114742,-15.856478491001248
2024-09-13 09:30:00,151801.8382843007,150346.63109317262,1455.2071911280736,25,180576.62153114742,-15.934943849795857
2024-09-16 09:30:00,151689.57008911442,150346.63109317262,1342.9389959418043,25,180576.62153114742,-15.997115904092995
2024-09-17 09:30:00,151757.17934410946,148206.6421705501,3550.537173559372,25,180576.62153114742,-15.959675146578666
2024-09-18 09:30:00,151882.4121822116,148206.6421705501,3675.7700116615206,25,180576.62153114742,-15.890323512330406
2024-09-19 09:30:00,154165.64066749977,148206.6421705501,5958.998496949659,25,180576.62153114742,-14.625913720006146
2024-09-20 09:30:00,154206.06814247175,148206.6421705501,5999.425971921638,25,180576.62153114742,-14.60352573055923
2024-09-23 09:30:00,154004.20819934836,148206.6421705501,5797.566028798246,25,180576.62153114742,-14.71531204121882
2024-09-24 09:30:00,153871.7653736468,146064.15320338684,7807.612170259975,25,180576.62153114742,-14.788656433520842
2024-09-25 09:30:00,154012.89684012491,146064.15320338684,7948.743636738077,25,180576.62153114742,-14.710500432327878
2024-09-26 09:30:00,153940.17117755229,146064.15320338684,7876.017974165455,25,180576.62153114742,-14.750774561922263
2024-09-27 09:30:00,153688.07338165716,146064.15320338684,7623.920178270309,25,180576.62153114742,-14.89038166817862
2024-09-30 09:30:00,154595.89343032837,146064.15320338684,8531.740226941523,25,180576.62153114742,-14.387647681368133
2024-10-01 09:30:00,153718.61421665509,143801.37310547184,9917.241111183257,25,180576.62153114742,-14.873468717466087
2024-10-02 09:30:00,152920.78023811657,143801.37310547184,9119.407132644717,25,180576.62153114742,-15.315294448711647
2024-10-03 09:30:00,153303.05451365933,143440.67461428206,9862.379899377278,26,180576.62153114742,-15.103598010766694
2024-10-04 09:30:00,155127.087396639,146323.4537304365,8803.633666202484,25,180576.62153114742,-14.093482267370183
2024-10-07 09:30:00,152492.85059136446,146323.4537304365,6169.396860927956,25,180576.62153114742,-15.55227398854554
2024-10-08 09:30:00,153958.65479412655,143822.1034131313,10136.551380995264,26,180576.62153114742,-14.740538676225912
2024-10-09 09:30:00,154191.62127341938,143822.1034131313,10369.517860288102,26,180576.62153114742,-14.611526139986463
2024-10-10 09:30:00,153694.60988043022,143822.1034131313,9872.50646729892,26,180576.62153114742,-14.88676187580592
2024-10-11 09:30:00,153675.95175066657,143822.1034131313,9853.848337535288,26,180576.62153114742,-14.897094403685463
2024-10-14 09:30:00,154115.97926848324,143822.1034131313,10293.875855351935,26,180576.62153114742,-14.653415286153216
2024-10-15 09:30:00,154222.09134675728,142204.71228167083,12017.379065086445,28,180576.62153114742,-14.594652375775164
2024-10-16 09:30:00,152726.0096079542,142204.71228167083,10521.297326283393,28,180576.62153114742,-15.423154828704833
2024-10-17 09:30:00,152040.77223397742,142204.71228167083,9836.059952306596,28,180576.62153114742,-15.802626638602767
2024-10-18 09:30:00,154099.6671325915,142204.71228167083,11894.95485092068,28,180576.62153114742,-14.662448645927807
2024-10-21 09:30:00,154426.52882902752,142204.71228167083,12221.816547356702,28,180576.62153114742,-14.48143867151115
2024-10-22 09:30:00,155105.7618227521,140498.76658822544,14606.995234526663,32,180576.62153114742,-14.105291976570665
2024-10-23 09:30:00,150784.17433821104,140498.76658822544,10285.407749985596,32,180576.62153114742,-16.498507359546277
2024-10-24 09:30:00,151914.1165696175,140498.76658822544,11415.34998139206,32,180576.62153114742,-15.872766207770683
2024-10-25 09:30:00,153316.37997169807,140498.76658822544,12817.613383472646,32,180576.62153114742,-15.096218618060298
2024-10-28 09:30:00,153665.991334986,140498.76658822544,13167.22474676057,32,180576.62153114742,-14.902610298044394
2024-10-29 09:30:00,156605.0698905209,138843.27901041054,17761.79088011038,36,180576.62153114742,-13.275002842209938
2024-10-30 09:30:00,157869.28761113263,138843.27901041054,19026.008600722093,36,180576.62153114742,-12.57490240291046
2024-10-31 09:30:00,151301.13859543076,138843.27901041054,12457.859585020236,36,180576.62153114742,-16.212222095797145
2024-11-01 09:30:00,152207.92909377048,138843.27901041054,13364.650083359938,36,180576.62153114742,-15.710058254957248
2024-11-04 09:30:00,149920.28679613213,138843.27901041054,11077.00778572159,36,180576.62153114742,-16.97691233509284
2024-11-05 09:30:00,151725.77294411865,138084.42460071822,13641.348343400417,38,180576.62153114742,-15.977067431208047
2024-11-06 09:30:00,158670.67222568463,138084.42460071822,20586.247624966418,38,180576.62153114742,-12.13111039497672
2024-11-07 09:30:00,165837.9494339749,138084.42460071822,27753.52483325668,38,180576.62153114742,-8.162004567479563
2024-11-08 09:30:00,163898.96517244168,138084.42460071822,25814.54057172346,38,180576.62153114742,-9.235778262596984
2024-11-11 09:30:00,165860.79082752473,140716.94584207033,25143.844985454405,37,180576.62153114742,-8.149355425328064
2024-11-12 09:30:00,167370.4118018297,139857.65753589483,27512.75426593486,39,180576.62153114742,-7.313355193678717
2024-11-13 09:30:00,166621.3826984503,139857.65753589483,26763.725162555467,39,180576.62153114742,-7.728153685880102
2024-11-14 09:30:00,163339.5168273683,139857.65753589483,23481.859291473473,39,180576.62153114742,-9.545590430046847
2024-11-15 09:30:00,156684.8526731017,139857.65753589483,16827.195137206887,39,180576.62153114742,-13.230820609812255
2024-11-18 09:30:00,159989.51935411253,139857.65753589483,20131.86181821771,39,180576.62153114742,-11.400757197954247
2024-11-19 09:30:00,164498.13493908307,139085.11450236707,25413.020436715997,41,180576.62153114742,-8.903969105043307
2024-11-20 09:30:00,163435.3719445192,139085.11450236707,24350.257442152128,41,180576.62153114742,-9.492507635420322
2024-11-21 09:30:00,159318.59807989481,143402.7379297133,15915.860150181506,39,180576.62153114742,-11.772301016045894
2024-11-22 09:30:00,158275.88056287932,143402.7379297133,14873.142633166028,39,180576.62153114742,-12.349738730947223
2024-11-25 09:30:00,157572.81965470893,143402.7379297133,14170.081724995629,39,180576.62153114742,-12.739080885102616
2024-11-26 09:30:00,160323.26634229915,141971.803671554,18351.462670745157,43,180576.62153114742,-11.215934276051787
2024-11-27 09:30:00,159451.16277909008,141971.803671554,17479.359107536096,43,180576.62153114742,-11.698889132452528
2024-11-29 09:30:00,161165.67319959114,141971.803671554,19193.869528037136,43,180576.62153114742,-10.749424907259165
2024-12-02 09:30:00,165156.27955534242,141971.803671554,23184.47588378843,43,180576.62153114742,-8.539500764303076
2024-12-03 09:30:00,168811.23649527234,140815.58340008897,27995.65309518337,46,180576.62153114742,-6.515453072559385
2024-12-04 09:30:00,173016.00782844177,140815.58340008897,32200.42442835279,46,180576.62153114742,-4.186928318072192
2024-12-05 09:30:00,173345.74806089656,145787.7542830187,27557.993777877848,44,180576.62153114742,-4.0043242635390826
2024-12-06 09:30:00,179564.05076237387,145787.7542830187,33776.296479355166,44,180576.62153114742,-0.560743002160391
2024-12-09 09:30:00,178193.3732710378,149577.33294178397,28616.04032925382,42,180576.62153114742,-1.3197988974993358
2024-12-10 09:30:00,187301.14634991088,155205.04227694377,32096.104072967122,40,187301.14634991088,0.0
2024-12-11 09:30:00,198797.70554309184,165233.36595350644,33564.33958958541,37,198797.70554309184,0.0
2024-12-12 09:30:00,196118.6960621389,165233.36595350644,30885.330108632465,37,198797.70554309184,-1.3476058356077236
2024-12-13 09:30:00,192842.65699013637,165233.36595350644,27609.291036629933,37,198797.70554309184,-2.995531833069698
2024-12-16 09:30:00,198333.59320035955,170118.01181368585,28215.581386673715,35,198797.70554309184,-0.23345960732513715
2024-12-17 09:30:00,198351.28363311646,175693.70629721147,22657.577335905004,33,198797.70554309184,-0.22456089659376177
2024-12-18 09:30:00,189379.1463738178,175693.70629721147,13685.440076606339,33,198797.70554309184,-4.737760500577027
2024-12-19 09:30:00,191053.99851169295,175693.70629721147,15360.292214481493,33,198797.70554309184,-3.89526982227687
2024-12-20 09:30:00,193925.12492757116,175693.70629721147,18231.418630359698,33,198797.70554309184,-2.4510245740560044
2024-12-23 09:30:00,194501.36122288535,175693.70629721147,18807.65492567388,33,198797.70554309184,-2.161163937214161
2024-12-24 09:30:00,198237.16782346866,175550.88486133268,22686.28296213598,34,198797.70554309184,-0.2819638778485234
2024-12-26 09:30:00,197006.27715734454,175550.88486133268,21455.39229601186,34,198797.70554309184,-0.9011313188214798
2024-12-27 09:30:00,192391.75261421988,175550.88486133268,16840.867752887192,34,198797.70554309184,-3.2223475172269533
2024-12-30 09:30:00,189229.20481272516,175550.88486133268,13678.319951392474,34,198797.70554309184,-4.813184691557016
2024-12-31 09:30:00,187434.87093732777,174591.3398097392,12843.531127588565,36,198797.70554309184,-5.715777541155298
2025-01-02 09:30:00,185896.53167305,174591.3398097392,11305.19186331079,36,198797.70554309184,-6.4895989794235165
2025-01-03 09:30:00,187368.6929562328,174591.3398097392,12777.353146493591,36,198797.70554309184,-5.749066648247448
2025-01-06 09:30:00,188120.36417871012,174591.3398097392,13529.024368970904,36,198797.70554309184,-5.370958047635654
2025-01-07 09:30:00,184769.11051806353,173912.6782918902,10856.432226173347,36,198797.70554309184,-7.056718781891291
2025-01-08 09:30:00,183694.45511554924,173912.6782918902,9781.77682365904,36,198797.70554309184,-7.597296149008514
2025-01-10 09:30:00,180608.43350550416,173912.6782918902,6695.755213613983,36,198797.70554309184,-9.14963881896762
2025-01-13 09:30:00,179598.03929678677,173912.6782918902,5685.361004896564,36,198797.70554309184,-9.657891268842288
2025-01-14 09:30:00,178620.80702007446,173177.992407192,5442.814612882432,36,198797.70554309184,-10.149462473873372
2025-01-15 09:30:00,181328.65599061744,173177.992407192,8150.663583425434,36,198797.70554309184,-8.787349685325097
2025-01-16 09:30:00,179843.06612626743,173177.992407192,6665.073719075423,36,198797.70554309184,-9.534636913963656
2025-01-17 09:30:00,181514.68001975253,173177.992407192,8336.687612560529,36,198797.70554309184,-8.693775150032101
2025-01-21 09:30:00,182357.47357175077,173333.6237924401,9023.849779310669,35,198797.70554309184,-8.269829838542808
2025-01-22 09:30:00,188018.0321064707,173333.6237924401,14684.408314030587,35,198797.70554309184,-5.422433527173942
2025-01-23 09:30:00,191276.08146336066,173333.6237924401,17942.45767092055,35,198797.70554309184,-3.783556786625375
2025-01-24 09:30:00,190918.809401582,173333.6237924401,17585.185609141903,35,198797.70554309184,-3.963273177618243
2025-01-27 09:30:00,187846.5890183499,173333.6237924401,14512.965225909797,35,198797.70554309184,-5.508673500443462
2025-01-28 09:30:00,191149.0324067676,173868.63357835496,17280.398828412643,36,198797.70554309184,-3.847465500383407
2025-01-29 09:30:00,191218.51648309323,173868.63357835496,17349.882904738286,36,198797.70554309184,-3.8125133483272178
2025-01-30 09:30:00,191750.40452680353,173868.63357835496,17881.770948448575,36,198797.70554309184,-3.5449609426003836
2025-01-31 09:30:00,193347.33850580646,173868.63357835496,19478.704927451516,36,198797.70554309184,-2.7416649615726763
2025-02-03 09:30:00,192905.07653467834,173868.63357835496,19036.442956323383,36,198797.70554309184,-2.9641333094441613
2025-02-04 09:30:00,202860.40961455638,181899.45971095504,20960.94990360135,34,202860.40961455638,0.0
2025-02-05 09:30:00,200114.0049808891,181899.45971095504,18214.545269934042,34,202860.40961455638,-1.3538396372587358
2025-02-06 09:30:00,201992.0862442455,184436.4738355227,17555.612408722798,33,202860.40961455638,-0.42803983880380647
2025-02-07 09:30:00,199822.18294926293,184436.4738355227,15385.709113740248,33,202860.40961455638,-1.4976932517617447
2025-02-10 09:30:00,201454.09585348735,184436.4738355227,17017.622017964663,33,202860.40961455638,-0.6932420987126542
2025-02-11 09:30:00,199534.8166533056,185468.33790565137,14066.478747654246,33,202860.40961455638,-1.639350412221663
2025-02-12 09:30:00,200880.96398452387,185468.33790565137,15412.626078872507,33,202860.40961455638,-0.9757673435607961
2025-02-13 09:30:00,202923.14178739916,185468.33790565137,17454.80388174779,33,202923.14178739916,0.0
2025-02-14 09:30:00,204597.32788119317,188318.03025252317,16279.297628670001,32,204597.32788119317,0.0
2025-02-18 09:30:00,200645.5372122732,189457.04428070266,11188.492931570532,30,204597.32788119317,-1.9314967159369423
2025-02-19 09:30:00,200431.38291453657,189457.04428070266,10974.33863383393,30,204597.32788119317,-2.0361678277028616
2025-02-20 09:30:00,198366.24238473864,189457.04428070266,8909.198104035995,30,204597.32788119317,-3.0455361079167353
2025-02-21 09:30:00,195894.9518246091,189457.04428070266,6437.9075439064445,30,204597.32788119317,-4.253416281974809
2025-02-24 09:30:00,194246.39994335096,189457.04428070266,4789.355662648291,30,204597.32788119317,-5.059170637777266
2025-02-25 09:30:00,192977.35475014444,188334.55848810164,4642.796262042803,30,204597.32788119317,-5.679435431237046
2025-02-26 09:30:00,193450.4091910485,188334.55848810164,5115.850702946851,30,204597.32788119317,-5.44822300739799
2025-02-27 09:30:00,191599.60418425465,188334.55848810164,3265.045696153015,30,204597.32788119317,-6.352831599289566
2025-02-28 09:30:00,192612.9703787603,188334.55848810164,4278.411890658677,30,204597.32788119317,-5.857533735431774
2025-03-03 09:30:00,191226.48522455935,188334.55848810164,2891.926736457719,30,204597.32788119317,-6.535199063986841
2025-03-04 09:30:00,190595.2208634908,186929.28673948222,3665.9341240085696,30,204597.32788119317,-6.843738949432021
2025-03-05 09:30:00,192173.53148337544,186929.28673948222,5244.2447438932195,30,204597.32788119317,-6.072316059294803
2025-03-06 09:30:00,189546.0625690207,186929.28673948222,2616.7758295384697,30,204597.32788119317,-7.3565307367614015
2025-03-07 09:30:00,189230.7340687004,186929.28673948222,2301.4473292181924,30,204597.32788119317,-7.510652251243444
2025-03-10 09:30:00,187990.27721006624,186929.28673948222,1060.9904705840297,30,204597.32788119317,-8.11694406916712
2025-03-11 09:30:00,188113.6404187313,185316.9028897153,2796.737529015984,31,204597.32788119317,-8.056648458299376
2025-03-12 09:30:00,188580.28684894738,185316.9028897153,3263.383959232059,31,204597.32788119317,-7.828568045398255
2025-03-13 09:30:00,187515.8654097015,185316.9028897153,2198.9625199861925,31,204597.32788119317,-8.348819922716988
2025-03-14 09:30:00,188433.52036860827,185316.9028897153,3116.617478892973,31,204597.32788119317,-7.9003023548631095
2025-03-17 09:30:00,188522.43074358982,185316.9028897153,3205.527853874528,31,204597.32788119317,-7.856846081067992
2025-03-18 09:30:00,187748.01976090646,184981.0684804882,2766.9512804182664,29,204597.32788119317,-8.23535101595797
2025-03-19 09:30:00,188419.64143151866,184981.0684804882,3438.5729510304463,29,204597.32788119317,-7.90708589267044
2025-03-20 09:30:00,188142.41895335072,184981.0684804882,3161.3504728625085,29,204597.32788119317,-8.042582519649322
2025-03-21 09:30:00,188654.44819161977,184981.0684804882,3673.3797111315575,29,204597.32788119317,-7.792320581445333
2025-03-24 09:30:00,189326.2946173099,184981.0684804882,4345.226136821701,29,204597.32788119317,-7.463945605756361
2025-03-25 09:30:00,190225.8407708955,184554.63111212503,5671.209658770465,28,204597.32788119317,-7.024278986988031
2025-03-26 09:30:00,188824.02067236375,184554.63111212503,4269.389560238724,28,204597.32788119317,-7.7094394986374155
2025-03-27 09:30:00,189022.46879900896,184554.63111212503,4467.837686883935,28,204597.32788119317,-7.612445012589952
2025-03-28 09:30:00,187113.67857108964,184554.63111212503,2559.047458964608,28,204597.32788119317,-8.545394747411382
2025-03-31 09:30:00,187044.18398346595,184554.63111212503,2489.5528713409008,28,204597.32788119317,-8.579361265128593
2025-04-01 09:30:00,187296.65857014718,184123.96885461398,3172.6897155332063,27,204597.32788119317,-8.455960539764352
2025-04-02 09:30:00,187496.4123358755,184123.96885461398,3372.443481261515,27,204597.32788119317,-8.35832790311315
2025-04-03 09:30:00,185425.3251673989,184123.96885461398,1301.356312784921,27,204597.32788119317,-9.370602691804065
2025-04-04 09:30:00,184577.8729838039,184123.96885461398,453.90412918994616,27,204597.32788119317,-9.784807604630242
2025-04-07 09:30:00,184520.79356139433,184123.96885461398,396.8247067803443,27,204597.32788119317,-9.812706024908113
2025-04-08 09:30:00,184457.4304025604,183168.74832307026,1288.682079490121,26,204597.32788119317,-9.843675715221334
2025-04-09 09:30:00,186740.43718314456,183168.74832307026,3571.6888600743023,26,204597.32788119317,-8.727822050744404
2025-04-10 09:30:00,185639.5585282053,183168.74832307026,2470.810205135017,26,204597.32788119317,-9.26589293678185
2025-04-11 09:30:00,186068.20025982778,183168.74832307026,2899.4519367575067,26,204597.32788119317,-9.05638788798112
2025-04-14 09:30:00,186340.44835157212,183168.74832307026,3171.700028501852,26,204597.32788119317,-8.923322566667425
2025-04-15 09:30:00,186688.1323637206,182733.53715882995,3954.595204890653,25,204597.32788119317,-8.753386812496489
2025-04-16 09:30:00,185653.70476894852,182733.53715882995,2920.1676101185863,25,204597.32788119317,-9.258978750321189
2025-04-17 09:30:00,185634.01607747734,182733.53715882995,2900.4789186473895,25,204597.32788119317,-9.268601892360762
2025-04-21 09:30:00,185247.8437574519,182733.53715882995,2514.3065986219585,25,204597.32788119317,-9.457349381892833
2025-04-22 09:30:00,186440.98176430457,182022.67447136345,4418.3072929411,25,204597.32788119317,-8.874185359562336
2025-04-23 09:30:00,187387.6329281892,182022.67447136345,5364.95845682575,25,204597.32788119317,-8.411495463419438
2025-04-24 09:30:00,189706.96843014547,182022.67447136345,7684.293958782018,25,204597.32788119317,-7.277885593742617
2025-04-25 09:30:00,190615.1433691911,182022.67447136345,8592.468897827628,25,204597.32788119317,-6.834001527195577
2025-04-28 09:30:00,190749.0731885891,182022.67447136345,8726.398717225646,25,204597.32788119317,-6.768541327502364
2025-04-29 09:30:00,191471.22544674002,180721.8076189601,10749.417827779927,25,204597.32788119317,-6.415578624797725
2025-04-30 09:30:00,191460.67461848856,180721.8076189601,10738.866999528462,25,204597.32788119317,-6.420735499699626
2025-05-01 09:30:00,193922.7376293299,180721.8076189601,13200.930010369808,25,204597.32788119317,-5.217365428184795
2025-05-02 09:30:00,196762.04530201227,180721.8076189601,16040.23768305217,25,204597.32788119317,-3.8296113934248144
2025-05-05 09:30:00,195536.3230018236,180721.8076189601,14814.515382863481,25,204597.32788119317,-4.428701475823371
2025-05-06 09:30:00,194029.9190903422,179466.17718237897,14563.74190796325,26,204597.32788119317,-5.164978888183381
2025-05-07 09:30:00,193544.00812175087,179466.17718237897,14077.830939371892,26,204597.32788119317,-5.402475131963014
2025-05-08 09:30:00,194617.54030131156,179466.17718237897,15151.363118932577,26,204597.32788119317,-4.877770244231505
2025-05-09 09:30:00,194474.73079190918,179466.17718237897,15008.553609530205,26,204597.32788119317,-4.947570525047151
2025-05-12 09:30:00,196413.5465560341,179466.17718237897,16947.36937365511,26,204597.32788119317,-3.999945360924395
2025-05-13 09:30:00,198769.9861512257,180094.51476336,18675.47138786568,28,204597.32788119317,-2.848200311468063
2025-05-14 09:30:00,201100.276503995,183031.3888955184,18068.887608476598,27,204597.32788119317,-1.7092360948276153
2025-05-15 09:30:00,201774.42740081513,183031.3888955184,18743.03850529673,27,204597.32788119317,-1.379734774452801
2025-05-16 09:30:00,203102.56866602798,183031.3888955184,20071.179770509574,27,204597.32788119317,-0.7305858931027531
2025-05-19 09:30:00,202982.54323626406,183031.3888955184,19951.15434074564,27,204597.32788119317,-0.7892501146773534
2025-05-20 09:30:00,202493.52002603287,184254.89271612643,18238.627309906427,30,204597.32788119317,-1.0282675130449115
2025-05-21 09:30:00,202185.57261818356,184254.89271612643,17930.679902057123,30,204597.32788119317,-1.1787814083329962
2025-05-22 09:30:00,202824.30661552798,184254.89271612643,18569.41389940154,30,204597.32788119317,-0.8665906265866608
2025-05-23 09:30:00,201521.29190656194,184254.89271612643,17266.399190435517,30,204597.32788119317,-1.5034585282645785
2025-05-27 09:30:00,205134.9791977036,187524.52251494664,17610.456682756958,33,205134.9791977036,0.0
2025-05-28 09:30:00,204354.6364081113,187524.52251494664,16830.113893164682,33,205134.9791977036,-0.380404547602875
2025-05-29 09:30:00,203771.8398870338,187524.52251494664,16247.317372087147,33,205134.9791977036,-0.6645084694970715
2025-05-30 09:30:00,203373.4339875203,187524.52251494664,15848.911472573642,33,205134.9791977036,-0.8587249317853152
2025-06-02 09:30:00,203179.43367625083,187524.52251494664,15654.911161304199,33,205134.9791977036,-0.9532969604213903
2025-06-03 09:30:00,202515.66831718056,187108.73621040612,15406.932106774459,37,205134.9791977036,-1.276871887362807
2025-06-04 09:30:00,203073.96063493527,187108.73621040612,15965.224424529153,37,205134.9791977036,-1.0047133701083566
2025-06-05 09:30:00,201532.6842956656,187108.73621040612,14423.94808525947,37,205134.9791977036,-1.7560607733146272
2025-06-06 09:30:00,203673.16520548158,187108.73621040612,16564.42899507546,37,205134.9791977036,-0.7126107882425847
2025-06-09 09:30:00,204350.25404687517,187108.73621040612,17241.51783646906,37,205134.9791977036,-0.3825408781561901
2025-06-10 09:30:00,205299.36473320986,184563.736009575,20735.628723634883,42,205299.36473320986,0.0
2025-06-11 09:30:00,204244.1765591106,184563.736009575,19680.440549535622,42,205299.36473320986,-0.5139753722426255
2025-06-12 09:30:00,203923.42185557346,184563.736009575,19359.685845998458,42,205299.36473320986,-0.6702129251225264
2025-06-13 09:30:00,202516.41724965954,184563.736009575,17952.681240084556,42,205299.36473320986,-1.3555558182884786
2025-06-16 09:30:00,204579.1967339543,184563.736009575,20015.460724379314,42,205299.36473320986,-0.3507892000500945
2025-06-17 09:30:00,203012.09126565183,181905.9798642794,21106.11140137244,47,205299.36473320986,-1.1141161934574817
2025-06-18 09:30:00,202201.42634628923,181905.9798642794,20295.446482009826,47,205299.36473320986,-1.5089858611820217
2025-06-20 09:30:00,199241.14990357502,181905.9798642794,17335.170039295623,47,205299.36473320986,-2.950917474833692
2025-06-23 09:30:00,201973.18946251104,181905.9798642794,20067.209598231646,47,205299.36473320986,-1.6201585791662088
2025-06-24 09:30:00,204478.5196702464,179615.23454177132,24863.285128475076,52,205299.36473320986,-0.3998283501900568
2025-06-25 09:30:00,205091.00702563763,179615.23454177132,25475.772483866305,52,205299.36473320986,-0.10148969912449068
2025-06-26 09:30:00,210032.03300513173,179615.23454177132,30416.79846336041,52,210032.03300513173,0.0
2025-06-27 09:30:00,213432.22656692815,179615.23454177132,33816.99202515681,52,213432.22656692815,0.0
2025-06-30 09:30:00,213007.37762342556,179615.23454177132,33392.14308165423,52,213432.22656692815,-0.19905566761697635
2025-07-01 09:30:00,207777.44128114262,178637.27805927888,29140.16322186375,57,213432.22656692815,-2.6494524171645217
2025-07-02 09:30:00,208707.59749278327,178637.27805927888,30070.319433504403,57,213432.22656692815,-2.2136437173246315
2025-07-03 09:30:00,212482.80516034868,178637.27805927888,33845.527101069805,57,213432.22656692815,-0.44483507568232605
2025-07-07 09:30:00,208407.31120660258,178637.27805927888,29770.0331473237,57,213432.22656692815,-2.3543376935862392
2025-07-08 09:30:00,205486.58750647062,176392.61104877634,29093.976457694273,62,213432.22656692815,-3.722792564301869
2025-07-09 09:30:00,210453.92934996047,176392.61104877634,34061.31830118413,62,213432.22656692815,-1.3954299521088176
2025-07-10 09:30:00,208545.51200889004,176392.61104877634,32152.900960113708,62,213432.22656692815,-2.2895860839017845
2025-07-11 09:30:00,209177.81818658367,176392.61104877634,32785.20713780732,62,213432.22656692815,-1.9933298962283907
2025-07-14 09:30:00,209055.98941176344,176392.61104877634,32663.37836298711,62,213432.22656692815,-2.0504106739440364
2025-07-15 09:30:00,209390.6450976462,174974.06057051182,34416.584527134364,66,213432.22656692815,-1.8936135064001713
2025-07-16 09:30:00,207935.05319511966,174974.06057051182,32960.992624607825,66,213432.22656692815,-2.5756060648529533
2025-07-17 09:30:00,212013.34221643244,174974.06057051182,37039.281645920615,66,213432.22656692815,-0.6647938660991115
2025-07-18 09:30:00,209915.86122743995,174974.06057051182,34941.800656928135,66,213432.22656692815,-1.6475325193618495
2025-07-21 09:30:00,214170.57010801008,174974.06057051182,39196.50953749828,66,214170.57010801008,0.0
2025-07-22 09:30:00,210646.87418318342,175053.6105265812,35593.263656602205,68,214170.57010801008,-1.6452755030953115
2025-07-23 09:30:00,210687.69110011886,175053.6105265812,35634.080573537656,68,214170.57010801008,-1.6262173678366465
2025-07-24 09:30:00,214872.2444193723,175053.6105265812,39818.6338927911,68,214872.2444193723,0.0
2025-07-25 09:30:00,216335.90077971228,177989.2788028641,38346.62197684817,67,216335.90077971228,0.0
2025-07-28 09:30:00,215246.48863399203,177989.2788028641,37257.20983112792,67,216335.90077971228,-0.5035743682827554
2025-07-29 09:30:00,213784.6077130973,177728.90802271545,36055.69969038185,69,216335.90077971228,-1.1793202410786519
2025-07-30 09:30:00,212887.19071546575,177728.90802271545,35158.2826927503,69,216335.90077971228,-1.5941459793851975
2025-07-31 09:30:00,231372.52542363765,197790.60995795843,33581.91546567922,62,231372.52542363765,0.0
2025-08-01 09:30:00,217409.10427984645,197790.60995795843,19618.49432188801,62,231372.52542363765,-6.035038567446371
2025-08-04 09:30:00,224107.21537126778,197790.60995795843,26316.605413309368,62,231372.52542363765,-3.140091953038615
2025-08-05 09:30:00,221143.96702144342,198520.14227743703,22623.824744006393,60,231372.52542363765,-4.420818065354126
2025-08-06 09:30:00,227432.08454528198,198520.14227743703,28911.94226784496,60,231372.52542363765,-1.7030720787357123
2025-08-07 09:30:00,229787.36681859355,198520.14227743703,31267.224541156535,60,231372.52542363765,-0.6851109923884491
2025-08-08 09:30:00,241258.44711908425,198520.14227743703,42738.3048416472,60,241258.44711908425,0.0
2025-08-11 09:30:00,237584.94861582576,198520.14227743703,39064.80633838874,60,241258.44711908425,-1.5226403664304722
2025-08-12 09:30:00,245403.7313666161,200437.58634724942,44966.14501936668,57,245403.7313666161,0.0
2025-08-13 09:30:00,245788.17334918413,208702.95959191906,37085.21375726507,54,245788.17334918413,0.0
2025-08-14 09:30:00,248377.93197807076,208702.95959191906,39674.97238615168,54,248377.93197807076,0.0
2025-08-15 09:30:00,248342.57902577712,210962.81067781488,37379.76834796222,53,248377.93197807076,-0.01423353194548449
2025-08-18 09:30:00,244657.57907001517,210962.81067781488,33694.76839220029,53,248377.93197807076,-1.4978596844038683
2025-08-19 09:30:00,239079.96430498,212147.3201119499,26932.644193030093,49,248377.93197807076,-3.7434757585112943
2025-08-20 09:30:00,233120.52559148395,212147.3201119499,20973.20547953406,49,248377.93197807076,-6.14281883461929
2025-08-21 09:30:00,231457.05167726387,212147.3201119499,19309.731565313952,49,248377.93197807076,-6.8125538231395
2025-08-22 09:30:00,240123.50445074556,212147.3201119499,27976.184338795654,49,248377.93197807076,-3.3233337042414823
2025-08-25 09:30:00,240692.29799496807,212147.3201119499,28544.977883018164,49,248377.93197807076,-3.0943304511373615
2025-08-26 09:30:00,241048.06250749153,213980.12854264744,27067.9339648441,45,248377.93197807076,-2.951095297478512
2025-08-27 09:30:00,241042.30191221964,213980.12854264744,27062.173369572218,45,248377.93197807076,-2.9534145837476378
2025-08-28 09:30:00,246088.6686744724,213980.12854264744,32108.540131824968,45,248377.93197807076,-0.9216854675319852
2025-08-29 09:30:00,244520.32528466376,216451.42620088984,28068.89908377392,44,248377.93197807076,-1.553119740826081
2025-09-02 09:30:00,239849.9901663857,218784.88400014013,21065.10616624556,41,248377.93197807076,-3.433453907828654
2025-09-03 09:30:00,254202.04816417824,233873.0050167485,20329.04314742973,35,254202.04816417824,0.0
2025-09-04 09:30:00,258385.8626085749,233873.0050167485,24512.8575918264,35,258385.8626085749,0.0
2025-09-05 09:30:00,258903.0329441191,241825.53699184424,17077.49595227486,32,258903.0329441191,0.0
2025-09-08 09:30:00,258556.66774505586,241825.53699184424,16731.130753211626,32,258903.0329441191,-0.13378182369072622
2025-09-09 09:30:00,260752.5125923256,244616.72397512337,16135.788617202219,30,260752.5125923256,0.0
2025-09-10 09:30:00,256584.48909386244,246624.73132245173,9959.757771410714,29,260752.5125923256,-1.5984595726522
2025-09-11 09:30:00,258717.0143185565,246624.73132245173,12092.282996104768,29,260752.5125923256,-0.7806246058888466
2025-09-12 09:30:00,262552.0922120885,246624.73132245173,15927.36088963679,29,262552.0922120885,0.0
2025-09-15 09:30:00,266200.02244199853,249474.55630367348,16725.466138325057,28,266200.02244199853,0.0
2025-09-16 09:30:00,269393.16786312725,248700.75389878542,20692.41396434183,29,269393.16786312725,0.0
2025-09-17 09:30:00,269732.26457365375,248700.75389878542,21031.51067486832,29,269732.26457365375,0.0
2025-09-18 09:30:00,268505.11093954335,251657.7269288069,16847.384010736456,28,269732.26457365375,-0.4549524826220064
2025-09-19 09:30:00,271318.4330059332,254455.15823684837,16863.274769084805,27,271318.4330059332,0.0
2025-09-22 09:30:00,271546.64159880974,259551.72123327493,11994.920365534836,25,271546.64159880974,0.0
2025-09-23 09:30:00,269792.57549345685,258012.14760202402,11780.427891432842,26,271546.64159880974,-0.6459538939702303
2025-09-24 09:30:00,271666.3880436887,258012.14760202402,13654.24044166473,26,271666.3880436887,0.0
2025-09-25 09:30:00,268897.6699944026,258012.14760202402,10885.52239237862,26,271666.3880436887,-1.019161063399887
2025-09-26 09:30:00,270443.1663680771,258012.14760202402,12431.018766053063,26,271666.3880436887,-0.4502661092600446
2025-09-29 09:30:00,270483.6538496175,258012.14760202402,12471.506247593525,26,271666.3880436887,-0.4353627265368587
2025-09-30 09:30:00,270290.9072767698,256441.36089970806,13849.546377061764,27,271666.3880436887,-0.506312458020286
2025-10-01 09:30:00,271615.4882467409,258494.733296379,13120.754950361874,26,271666.3880436887,-0.018736140791786315
2025-10-02 09:30:00,270624.2198896408,263438.43811500067,7185.781774640127,24,271666.3880436887,-0.38362057284772044
2025-10-03 09:30:00,269981.8792354347,263438.43811500067,6543.441120434025,24,271666.3880436887,-0.6200652279380048
2025-10-06 09:30:00,271267.3589149725,263438.43811500067,7828.920799971846,24,271666.3880436887,-0.14688203851410675
2025-10-07 09:30:00,270088.0889378249,261531.46008297184,8556.628854853054,26,271666.3880436887,-0.5809695918694291
2025-10-08 09:30:00,271017.7217672324,261531.46008297184,9486.26168426059,26,271666.3880436887,-0.238773107386403
2025-10-09 09:30:00,270822.6633393767,261531.46008297184,9291.203256404871,26,271666.3880436887,-0.31057382931610755
2025-10-10 09:30:00,267505.0202997067,261531.46008297184,5973.560216734891,26,271666.3880436887,-1.5317933786172966
2025-10-13 09:30:00,268982.6045092942,261531.46008297184,7451.144426322356,26,271666.3880436887,-0.9878967927246518
2025-10-14 09:30:00,268324.64600637514,259173.76954712576,9150.876459249397,30,271666.3880436887,-1.230090355077773
2025-10-15 09:30:00,268713.84047383815,259173.76954712576,9540.0709267124,30,271666.3880436887,-1.0868284409831896
2025-10-16 09:30:00,267555.287629482,259173.76954712576,8381.518082356228,30,271666.3880436887,-1.5132900480664513
2025-10-17 09:30:00,268911.5620089196,259173.76954712576,9737.792461793817,30,271666.3880436887,-1.0140474331797322
2025-10-20 09:30:00,271757.642044407,259173.76954712576,12583.872497281263,30,271757.642044407,0.0
2025-10-21 09:30:00,271540.11176175636,257917.01074099937,13623.101020757014,33,271757.642044407,-0.08004569108497339
2025-10-22 09:30:00,268249.04199378856,257917.01074099937,10332.031252789224,33,271757.642044407,-1.2910768669552763
2025-10-23 09:30:00,269353.9908209041,257917.01074099937,11436.980079904697,33,271757.642044407,-0.8844833968312704
2025-10-24 09:30:00,269679.9472992536,257917.01074099937,11762.936558254216,33,271757.642044407,-0.7645395836978541
2025-10-27 09:30:00,273362.7187879026,257917.01074099937,15445.70804690325,33,273362.7187879026,0.0
2025-10-28 09:30:00,274677.01170335576,255644.11556559408,19032.896137761676,37,274677.01170335576,0.0
2025-10-29 09:30:00,275978.0579894803,255644.11556559408,20333.94242388627,37,275978.0579894803,0.0
2025-10-30 09:30:00,273169.2145124657,257299.03305969975,15870.181452765954,36,275978.0579894803,-1.017777825337729
2025-10-31 09:30:00,277443.23425652296,257299.03305969975,20144.201196823204,36,277443.23425652296,0.0
2025-11-03 09:30:00,280474.2032579916,257299.03305969975,23175.17019829185,36,280474.2032579916,0.0
2025-11-04 09:30:00,276464.4630893805,257776.7011116941,18687.76197768635,37,280474.2032579916,-1.4296288649843447
2025-11-05 09:30:00,278024.5229058403,257776.7011116941,20247.82179414621,37,280474.2032579916,-0.8734066533377272
2025-11-06 09:30:00,274772.76407680544,257776.7011116941,16996.062965111312,37,280474.2032579916,-2.032785587750374
2025-11-07 09:30:00,273126.89162174845,257776.7011116941,15350.190510054355,37,280474.2032579916,-2.6196033542110753
2025-11-10 09:30:00,276358.78931648424,257776.7011116941,18582.08820479013,37,280474.2032579916,-1.4673056893299452
2025-11-11 09:30:00,277993.7582086782,256926.75550237036,21067.002706307852,39,280474.2032579916,-0.8843754685815997
2025-11-12 09:30:00,275116.25070200517,256926.75550237036,18189.495199634828,39,280474.2032579916,-1.910319200036359
2025-11-13 09:30:00,270910.9287482899,256926.75550237036,13984.17324591952,39,280474.2032579916,-3.409680604709664
2025-11-14 09:30:00,269864.7028545267,256926.75550237036,12937.94735215636,39,280474.2032579916,-3.7827009686540847
2025-11-17 09:30:00,269327.37134479434,258789.31654413612,10538.054800658198,38,280474.2032579916,-3.9742806232143657
2025-11-18 09:30:00,267378.20015700994,258315.2361613315,9062.963995678441,39,280474.2032579916,-4.669236225242224
2025-11-19 09:30:00,268635.2601040846,260441.2228355764,8194.037268508204,38,280474.2032579916,-4.221045292716996
2025-11-20 09:30:00,267006.99187269877,260441.2228355764,6565.769037122369,38,280474.2032579916,-4.80158646636929
2025-11-21 09:30:00,268896.96335024975,260441.2228355764,8455.740514673324,38,280474.2032579916,-4.127737871526326
2025-11-24 09:30:00,272021.7057418554,260441.2228355764,11580.482906278961,38,280474.2032579916,-3.013645254341357
2025-11-25 09:30:00,273033.90007300075,259552.37510083924,13481.524972161527,40,280474.2032579916,-2.65275847067723
2025-11-26 09:30:00,273147.13423439284,259552.37510083924,13594.75913355359,40,280474.2032579916,-2.6123860727608528
2025-11-28 09:30:00,274152.6923709158,259552.37510083924,14600.31727007653,40,280474.2032579916,-2.253865351481543
2025-12-01 09:30:00,275433.1556629309,259552.37510083924,15880.780562091666,40,280474.2032579916,-1.7973302130833368
2025-12-02 09:30:00,276876.5077851509,258708.29672649864,18168.21105865228,41,280474.2032579916,-1.2827188493807373
2025-12-03 09:30:00,275879.11502364033,258708.29672649864,17170.81829714167,41,280474.2032579916,-1.638328295784297
2025-12-04 09:30:00,274044.02746984764,258708.29672649864,15335.730743348995,41,280474.2032579916,-2.2926086297602177
2025-12-05 09:30:00,273321.15206312237,258708.29672649864,14612.855336623757,41,280474.2032579916,-2.550341925132249
2025-12-08 09:30:00,271064.3941824687,258708.29672649864,12356.097455970046,41,280474.2032579916,-3.3549641878712677
2025-12-09 09:30:00,270866.26158861595,259491.2681740643,11374.993414551669,39,280474.2032579916,-3.425606190433794
2025-12-10 09:30:00,271980.2842212688,259491.2681740643,12489.016047204486,39,280474.2032579916,-3.028413643057837
2025-12-11 09:30:00,270746.32064642216,259491.2681740643,11255.052472357851,39,280474.2032579916,-3.468369817462791
2025-12-12 09:30:00,270310.623918223,259491.2681740643,10819.355744158755,39,280474.2032579916,-3.623712705734894
2025-12-15 09:30:00,268779.20732449956,259491.2681740643,9287.939150435262,39,280474.2032579916,-4.169722490568761
2025-12-16 09:30:00,269694.1445880105,259060.02336432517,10634.121223685315,37,280474.2032579916,-3.8435116473314768
2025-12-17 09:30:00,266827.73086004914,259060.02336432517,7767.707495723973,37,280474.2032579916,-4.865500013699964
2025-12-18 09:30:00,268417.19954574347,259060.02336432517,9357.176181418301,37,280474.2032579916,-4.298792392381834
2025-12-19 09:30:00,268595.21044980874,259060.02336432517,9535.18708548357,37,280474.2032579916,-4.2353245575515786
2025-12-22 09:30:00,267854.79474883043,259060.02336432517,8794.771384505277,37,280474.2032579916,-4.499311652399385
2025-12-23 09:30:00,268412.1867596699,258480.44871304056,9931.738046629354,35,280474.2032579916,-4.300579646259495
2025-12-24 09:30:00,268690.92817515624,258480.44871304056,10210.4794621157,35,280474.2032579916,-4.201197452728522
2025-12-26 09:30:00,267461.97309479315,258480.44871304056,8981.524381752615,35,280474.2032579916,-4.639367903375147
2025-12-29 09:30:00,266183.1600523134,258480.44871304056,7702.711339272835,35,280474.2032579916,-5.095314663406924
2025-12-30 09:30:00,265924.8361362671,256643.39115540936,9281.444980857737,35,280474.2032579916,-5.18741722151943
2025-12-31 09:30:00,264856.8899549461,256643.39115540936,8213.498799536776,35,280474.2032579916,-5.568181715692411
2026-01-02 09:30:00,263415.0829408986,256643.39115540936,6771.691785489257,35,280474.2032579916,-6.082242188028008
2026-01-05 09:30:00,263478.6469604153,256643.39115540936,6835.255805005941,35,280474.2032579916,-6.059579134250392
2026-01-06 09:30:00,263594.8446043205,254638.5895330772,8956.25507124326,36,280474.2032579916,-6.018150139157285
2026-01-07 09:30:00,263837.11644932744,254638.5895330772,9198.526916250215,36,280474.2032579916,-5.931770770861478
2026-01-08 09:30:00,264667.65030801203,254638.5895330772,10029.060774934816,36,280474.2032579916,-5.635653035598443
2026-01-09 09:30:00,265437.067848665,254638.5895330772,10798.4783155878,36,280474.2032579916,-5.3613256530030355
2026-01-12 09:30:00,264904.407987224,254638.5895330772,10265.818454146773,36,280474.2032579916,-5.551239682619169
2026-01-13 09:30:00,264167.56486101955,255813.5421597768,8354.022701242739,35,280474.2032579916,-5.813953015127216
2026-01-14 09:30:00,262096.2287100478,255813.5421597768,6282.686550271003,35,280474.2032579916,-6.552465194468871
2026-01-15 09:30:00,261766.41875332023,255813.5421597768,5952.876593543417,35,280474.2032579916,-6.670055316090218
2026-01-16 09:30:00,261437.58460136686,255813.5421597768,5624.042441590058,35,280474.2032579916,-6.787297525225188
2026-01-20 09:30:00,259162.34250851773,254225.7004030367,4936.642105481027,35,280474.2032579916,-7.598510131026326
2026-01-21 09:30:00,259509.00040100998,254225.7004030367,5283.299997973282,35,280474.2032579916,-7.474913062752142
2026-01-22 09:30:00,261261.09791950064,254225.7004030367,7035.397516463936,35,280474.2032579916,-6.850221915353105
2026-01-23 09:30:00,262582.40719450207,254225.7004030367,8356.70679146536,35,280474.2032579916,-6.3791235898553955
2026-01-26 09:30:00,263302.133911933,254225.7004030367,9076.433508896278,35,280474.2032579916,-6.122512925105994
2026-01-27 09:30:00,264866.8853745407,252866.92228016563,11999.963094375062,36,280474.2032579916,-5.564617958498896
2026-01-28 09:30:00,264359.2733777126,252866.92228016563,11492.351097546969,36,280474.2032579916,-5.74560144679539
2026-01-29 09:30:00,267579.5605853567,252866.92228016563,14712.63830519107,36,280474.2032579916,-4.597443373704435
2026-01-30 09:30:00,264922.2767512222,252866.92228016563,12055.354471056553,36,280474.2032579916,-5.544868770859502
2026-02-02 09:30:00,264765.89583407686,252866.92228016563,11898.973553911213,36,280474.2032579916,-5.600624671162924
2026-02-03 09:30:00,261905.18959923822,251933.8523556354,9971.337243602826,36,280474.2032579916,-6.620578093477225
2026-02-04 09:30:00,258445.70404678918,251933.8523556354,6511.851691153787,36,280474.2032579916,-7.854019712087279
2026-02-05 09:30:00,257093.4703795697,251933.8523556354,5159.618023934316,36,280474.2032579916,-8.336143790348993
2026-02-06 09:30:00,255502.24815127652,251933.8523556354,3568.39579564112,36,280474.2032579916,-8.903476618042061
2026-02-09 09:30:00,255939.73135854778,251933.8523556354,4005.879002912366,36,280474.2032579916,-8.747496780256824
2026-02-10 09:30:00,255165.83697100336,251485.93756377624,3679.899407227125,36,280474.2032579916,-9.02342033349447
2026-02-11 09:30:00,254344.29302686875,251485.93756377624,2858.355463092516,36,280474.2032579916,-9.31633281335591
2026-02-12 09:30:00,253218.37888243343,251485.93756377624,1732.4413186571796,36,280474.2032579916,-9.717765148792356
2026-02-13 09:30:00,252827.7763147224,251485.93756377624,1341.838750946166,36,280474.2032579916,-9.857030208884797
2026-02-17 09:30:00,252414.45397506718,251190.12962352554,1224.3243515416468,35,280474.2032579916,-10.004395754398098
2026-02-18 09:30:00,252474.63678210304,251190.12962352554,1284.5071585774858,35,280474.2032579916,-9.98293823483417
2026-02-19 09:30:00,252392.50541759454,251190.12962352554,1202.3757940689868,35,280474.2032579916,-10.01222127176037
2026-02-20 09:30:00,253097.22563681676,251190.12962352554,1907.0960132912196,35,280474.2032579916,-9.760961009306213
2026-02-23 09:30:00,252405.23058344025,251190.12962352554,1215.1009599147187,35,280474.2032579916,-10.007684253489924
2026-02-24 09:30:00,252532.32395042345,250908.0665275136,1624.2574229098414,34,280474.2032579916,-9.962370507873786
2026-02-25 09:30:00,252853.98835252863,250908.0665275136,1945.9218250150059,34,280474.2032579916,-9.847684594385587
2026-02-26 09:30:00,252442.26442441717,250908.0665275136,1534.1978969035522,34,280474.2032579916,-9.994480243799641
2026-02-27 09:30:00,253595.65360814633,250908.0665275136,2687.587080632716,34,280474.2032579916,-9.583251984540365
2026-03-02 09:30:00,253477.66071347144,250908.0665275136,2569.5941859578406,34,280474.2032579916,-9.625321056599144
2026-03-03 09:30:00,253536.35181133528,250030.79680322748,3505.5550081078077,34,280474.2032579916,-9.604395389574483
2026-03-04 09:30:00,254097.83515532716,250030.79680322748,4067.03835209968,34,280474.2032579916,-9.404204663486414
2026-03-05 09:30:00,254056.042028438,250030.79680322748,4025.245225210528,34,280474.2032579916,-9.419105544353068
2026-03-06 09:30:00,253502.407200961,250030.79680322748,3471.610397733506,34,280474.2032579916,-9.616497967986327
2026-03-09 09:30:00,253141.96261855416,250030.79680322748,3111.1658153266662,34,280474.2032579916,-9.745010529291399
2026-03-10 09:30:00,252639.28981868297,249090.840863093,3548.4489555899613,34,280474.2032579916,-9.924233001102401
2026-03-11 09:30:00,252088.70901021422,249090.840863093,2997.8681471212185,34,280474.2032579916,-10.12053654776487
2026-03-12 09:30:00,251212.24381877598,249090.840863093,2121.402955682963,34,280474.2032579916,-10.433030595793957
2026-03-13 09:30:00,250811.78305048967,249090.840863093,1720.94218739667,34,280474.2032579916,-10.575810489144066
2026-03-16 09:30:00,250908.35208428028,249090.840863093,1817.5112211872647,34,280474.2032579916,-10.54137985963559
2026-03-17 09:30:00,250812.70764888712,248711.42837099746,2101.2792778896714,33,280474.2032579916,-10.575480833729511
2026-03-18 09:30:00,250428.0662863657,248711.42837099746,1716.637915368247,33,280474.2032579916,-10.712620491513869
2026-03-19 09:30:00,249931.45768805206,248711.42837099746,1220.029317054597,33,280474.2032579916,-10.889680838791815
2026-03-20 09:30:00,249658.97184718284,248711.42837099746,947.5434761853862,33,280474.2032579916,-10.986832675824964
2026-03-23 09:30:00,249855.58869643477,248711.42837099746,1144.1603254373315,33,280474.2032579916,-10.916731095370135
2026-03-24 09:30:00,249804.03939168496,247844.75525823506,1959.2841334498967,31,280474.2032579916,-10.935110434414874
2026-03-25 09:30:00,249895.33673400822,247844.75525823506,2050.5814757731487,31,280474.2032579916,-10.902559368661679
2026-03-26 09:30:00,249691.09200131684,247844.75525823506,1846.3367430817707,31,280474.2032579916,-10.975380587268912
2026-03-27 09:30:00,249386.2721853351,247844.75525823506,1541.51692710004,31,280474.2032579916,-11.084060748382097
2026-03-30 09:30:00,249246.81494952863,247844.75525823506,1402.0596912935855,31,280474.2032579916,-11.133782695779237
2026-03-31 09:30:00,250000.70207480772,246280.2063576028,3720.495717204935,29,280474.2032579916,-10.864992512396265
2026-04-01 09:30:00,250094.30116194772,246280.2063576028,3814.094804344931,29,280474.2032579916,-10.831620784781837
2026-04-02 09:30:00,250780.03250577726,246280.2063576028,4499.826148174471,29,280474.2032579916,-10.587130797515954
2026-04-06 09:30:00,250663.7212195809,246280.2063576028,4383.514861978125,29,280474.2032579916,-10.628600310521175
2026-04-07 09:30:00,250442.3339680648,244682.24313817688,5760.090829887922,29,280474.2032579916,-10.707533506139333
2026-04-08 09:30:00,250984.1563167366,244682.24313817688,6301.913178559701,29,280474.2032579916,-10.514352692225614
2026-04-09 09:30:00,251751.63094803484,244682.24313817688,7069.387809857949,29,280474.2032579916,-10.240718032644358
2026-04-10 09:30:00,251747.0396709773,244682.24313817688,7064.7965328004075,29,280474.2032579916,-10.242355002106862
2026-04-13 09:30:00,252568.03980465978,244682.24313817688,7885.796666482894,29,280474.2032579916,-9.949636411895813
2026-04-14 09:30:00,255347.99323764356,242668.2534002017,12679.73983744187,30,280474.2032579916,-8.958474515118208
2026-04-15 09:30:00,258898.56116690775,242668.2534002017,16230.307766706033,30,280474.2032579916,-7.692558474348421
2026-04-16 09:30:00,260020.78288991167,242668.2534002017,17352.529489709974,30,280474.2032579916,-7.292442631262608
2026-04-17 09:30:00,259256.65502377207,242668.2534002017,16588.40162357035,30,280474.2032579916,-7.5648840384449745
2026-04-20 09:30:00,256996.35185066075,242668.2534002017,14328.09845045903,30,280474.2032579916,-8.370770336313226
2026-04-21 09:30:00,257087.2514690824,241126.66022386355,15960.59124521886,30,280474.2032579916,-8.3383610746536
2026-04-22 09:30:00,258791.95202889096,241126.66022386355,17665.291805027417,30,280474.2032579916,-7.730568792865567
2026-04-23 09:30:00,253925.21060479185,241126.66022386355,12798.550380928287,30,280474.2032579916,-9.465752053060971
2026-04-24 09:30:00,256385.34749125008,241126.66022386355,15258.687267386524,30,280474.2032579916,-8.588617237138063
2026-04-27 09:30:00,255565.4983407814,241126.66022386355,14438.838116917836,30,280474.2032579916,-8.880925456912037
2026-04-28 09:30:00,255914.75217208458,240022.51245707902,15892.239715005575,31,280474.2032579916,-8.75640283513569
2026-04-29 09:30:00,254934.83180931277,240022.51245707902,14912.319352233757,31,280474.2032579916,-9.105782689464192
2026-04-30 09:30:00,255205.446908461,245408.2370906518,9797.209817809213,29,280474.2032579916,-9.00929784486717
2026-05-01 09:30:00,256915.35302684896,245408.2370906518,11507.115936197162,29,280474.2032579916,-8.399649578279478
2026-05-04 09:30:00,256290.2872557027,245408.2370906518,10882.050165050894,29,280474.2032579916,-8.622509921186428
2026-05-05 09:30:00,256198.60987524933,243990.24385777832,12208.366017470995,33,280474.2032579916,-8.65519648536539
2026-05-06 09:30:00,257207.08095670477,243990.24385777832,13216.837098926439,33,280474.2032579916,-8.295637185529237
2026-05-07 09:30:00,258920.78116584025,243990.24385777832,14930.537308061941,33,280474.2032579916,-7.684636177511706
2026-05-08 09:30:00,260087.23803560965,243990.24385777832,16096.994177831346,33,280474.2032579916,-7.268748778164513
2026-05-11 09:30:00,260196.44022430075,243990.24385777832,16206.19636652244,33,280474.2032579916,-7.229813935878626
2026-05-12 09:30:00,258368.54013645506,243236.31763007588,15132.222506379172,35,280474.2032579916,-7.881531657727125
2026-05-13 09:30:00,259959.37102941878,243236.31763007588,16723.05339934291,35,280474.2032579916,-7.314338356352302
2026-05-14 09:30:00,259808.48456559342,243236.31763007588,16572.166935517544,35,280474.2032579916,-7.3681352696058795
2026-05-15 09:30:00,259279.12833876183,243236.31763007588,16042.810708685953,35,280474.2032579916,-7.556871424547252
2026-05-18 09:30:00,257893.4443491592,243236.31763007588,14657.126719083322,35,280474.2032579916,-8.050921848260561
2026-05-19 09:30:00,256339.7367785453,241619.33271781463,14720.404060730687,38,280474.2032579916,-8.604879236343322
2026-05-20 09:30:00,258854.98717686711,241619.33271781463,17235.654459052483,38,280474.2032579916,-7.70809430243331
2026-05-21 09:30:00,261450.81112268745,241619.33271781463,19831.478404872818,38,280474.2032579916,-6.782581754160699
2026-05-22 09:30:00,262209.3690134343,241619.33271781463,20590.036295619677,38,280474.2032579916,-6.512126260594653
2026-05-26 09:30:00,261583.04037302086,241502.67733974647,20080.363033274385,40,280474.2032579916,-6.735436865683453
2026-05-27 09:30:00,263679.0547294906,241502.67733974647,22176.377389744113,40,280474.2032579916,-5.9881259429239275
2026-05-28 09:30:00,267343.81755252427,241502.67733974647,25841.1402127778,40,280474.2032579916,-4.681494965649103
2026-05-29 09:30:00,274686.54503593524,246952.57480296382,27733.97023297144,38,280474.2032579916,-2.063526040836139
2026-06-01 09:30:00,273627.15849683376,258404.58239241884,15222.57610441493,33,280474.2032579916,-2.4412386884863135
2026-06-02 09:30:00,273741.23441949155,259127.78311844083,14613.451301050714,34,280474.2032579916,-2.4005661698258796
2026-06-03 09:30:00,271958.5230709722,259127.78311844083,12830.739952531356,34,280474.2032579916,-3.036172342447596
2026-06-04 09:30:00,271730.15062591975,259127.78311844083,12602.367507478928,34,280474.2032579916,-3.1175960321843554
2026-06-05 09:30:00,266814.76709496044,259127.78311844083,7686.9839765195975,34,280474.2032579916,-4.870122101912755
2026-06-08 09:30:00,266743.0511885074,259127.78311844083,7615.268070066578,34,280474.2032579916,-4.895691621540577
2026-06-09 09:30:00,264386.34003820777,258419.3388366564,5967.001201551362,35,280474.2032579916,-5.735951125952765
2026-06-10 09:30:00,262752.5982839995,258419.3388366564,4333.2594473430745,35,280474.2032579916,-6.318443824115638
2026-06-11 09:30:00,263896.34671315696,258419.3388366564,5477.007876500551,35,280474.2032579916,-5.910652870127109
2026-06-12 09:30:00,263894.8842295004,258419.3388366564,5475.545392844033,35,280474.2032579916,-5.911174302629474
2026-06-15 09:30:00,265390.7964591686,258419.3388366564,6971.4576225122155,35,280474.2032579916,-5.377823209269861
2026-06-16 09:30:00,264930.3064868788,257714.91033413445,7215.396152744347,36,280474.2032579916,-5.542005856707933
2026-06-17 09:30:00,262585.7936395922,257714.91033413445,4870.883305457713,36,280474.2032579916,-6.377916190012279
2026-06-18 09:30:00,263152.135156735,257714.91033413445,5437.2248226005595,36,280474.2032579916,-6.175993335587804
2026-06-22 09:30:00,262243.9805035429,257714.91033413445,4529.070169408451,36,280474.2032579916,-6.499785913530099
2026-06-23 09:30:00,260525.66797772262,257006.00903760307,3519.658940119554,36,280474.2032579916,-7.1124313924583955
2026-06-24 09:30:00,259885.96257433566,257006.00903760307,2879.9535367325834,36,280474.2032579916,-7.3405113356247
2026-06-25 09:30:00,258830.049132498,257006.00903760307,1824.0400948949423,36,280474.2032579916,-7.716985688549904
2026-06-26 09:30:00,259465.2447693201,257006.00903760307,2459.2357317170386,36,280474.2032579916,-7.490513653174224
2026-06-29 09:30:00,261151.17004791176,257006.00903760307,4145.161010308699,36,280474.2032579916,-6.889415491914496
2026-06-30 09:30:00,261762.6048015006,255940.11682163522,5822.487979865369,38,280474.2032579916,-6.671415138767434
2026-07-01 09:30:00,264381.71132683824,255940.11682163522,8441.594505203038,38,280474.2032579916,-5.737601442208506
2026-07-02 09:30:00,263686.4408983932,255940.11682163522,7746.324076758019,38,280474.2032579916,-5.985492485437705
2026-07-06 09:30:00,265190.35374836903,255940.11682163522,9250.236926733794,38,280474.2032579916,-5.449288858684753
2026-07-07 09:30:00,264489.173418708,255313.2025715449,9175.970847163067,36,280474.2032579916,-5.6992870123531265
2026-07-08 09:30:00,263566.2324697065,255313.2025715449,8253.029898161582,36,280474.2032579916,-6.028351481841076
2026-07-09 09:30:00,264805.37510208454,255313.2025715449,9492.172530539647,36,280474.2032579916,-5.586548771294386
2026-07-10 09:30:00,265700.62894761586,255313.2025715449,10387.426376070925,36,280474.2032579916,-5.267355834784704
2026-07-13 09:30:00,265016.1235884194,255313.2025715449,9702.921016874463,36,280474.2032579916,-5.511408710680321
2026-07-14 09:30:00,263943.3321871626,254362.45440482494,9580.877782337648,35,280474.2032579916,-5.893900714862966
2026-07-15 09:30:00,267644.33866645355,254362.45440482494,13281.884261628604,35,280474.2032579916,-4.574347459590289
2026-07-16 09:30:00,268271.5840728122,254362.45440482494,13909.12966798731,35,280474.2032579916,-4.3507099916618275
2026-07-17 09:30:00,265959.6608803797,254362.45440482494,11597.206475554785,35,280474.2032579916,-5.175000841079413
2026-07-20 09:30:00,264231.27955111186,254362.45440482494,9868.825146286905,35,280474.2032579916,-5.791236241408915
2026-07-21 09:30:00,263988.16633024585,252952.0554531064,11036.110877139437,35,280474.2032579916,-5.877915593036276
2026-07-22 09:30:00,261810.01290816587,252952.0554531064,8857.957455059463,35,280474.2032579916,-6.654512298465331
2026-07-23 09:30:00,259505.73124347592,252952.0554531064,6553.675790369498,35,280474.2032579916,-7.476078645003947
2026-07-24 09:30:00,261830.6412782379,252952.0554531064,8878.585825131491,35,280474.2032579916,-6.647157479436561
2026-07-27 09:30:00,263406.3707546288,252952.0554531064,10454.315301522367,35,280474.2032579916,-6.0853484224583365
2026-07-28 09:30:00,264366.850198145,253595.29238541695,10771.557812728104,34,280474.2032579916,-5.742900014597907
2026-07-29 09:30:00,263555.474245823,253595.29238541695,9960.181860406046,34,280474.2032579916,-6.032187208534845
2026-07-30 09:30:00,267297.6684635548,253595.29238541695,13702.37607813789,34,280474.2032579916,-4.697948917004835
2026-07-31 09:30:00,267882.6628830481,253595.29238541695,14287.370497631162,34,280474.2032579916,-4.489375574894227
2026-08-03 09:30:00,272305.15032878425,258584.06502924714,13721.085299537082,32,280474.2032579916,-2.9125861966325273
2026-08-04 09:30:00,276456.82042768307,257707.47375376767,18749.34667391541,31,280474.2032579916,-1.4323537721624868
2026-08-05 09:30:00,274817.93345940916,257707.47375376767,17110.459705641464,31,280474.2032579916,-2.0166809399506658
2026-08-06 09:30:00,271548.3515116556,271548.3515116556,0.0,0,280474.2032579916,-3.1824145117993696
